Transaction_Date,Particulars,Deposits
2024-01-01,POS Machine,4129.83
2024-01-01,Google Pay,6966.0
2024-01-02,POS Machine,1421.06
2024-01-02,Google Pay,8868.0
2024-01-03,Swiggy,11311.53
2024-01-03,Swiggy,690.27
2024-01-04,Google Pay,6343.0
2024-01-04,Google Pay,4935.0
2024-01-05,POS Machine,357.22
2024-01-05,Google Pay,7519.0
2024-01-07,Google Pay,9513.0
2024-01-07,Google Pay,10053.0
2024-01-08,POS Machine,3122.63
2024-01-09,Google Pay,4802.0
2024-01-09,Google Pay,5190.0
2024-01-10,POS Machine,1305.15
2024-01-10,Swiggy,997.05
2024-01-10,Swiggy,3074.0
2024-01-10,Google Pay,5175.0
2024-01-11,POS Machine,1183.65
2024-01-12,Google Pay,5750.0
2024-01-12,POS Machine,570.82
2024-01-13,Google Pay,6036.0
2024-01-13,POS Machine,1132.54
2024-01-13,Google Pay,5588.0
2024-01-15,Google Pay,5763.0
2024-01-15,POS Machine,2503.01
2024-01-15,Google Pay,10593.0
2024-01-16,POS Machine,817.48
2024-01-17,Google Pay,3040.0
2024-01-17,POS Machine,1470.0
2024-01-17,Swiggy,774.64
2024-01-17,Swiggy,4581.61
2024-01-17,Google Pay,7391.0
2024-01-18,POS Machine,758.11
2024-01-19,Google Pay,7142.0
2024-01-19,POS Machine,474.34
2024-01-19,Google Pay,5733.0
2024-01-20,POS Machine,275.5
2024-01-20,Google Pay,7572.0
2024-01-21,Google Pay,8267.0
2024-01-22,POS Machine,505.57
2024-01-22,Google Pay,8622.0
2024-01-23,Swiggy,1499.43
2024-01-23,Swiggy,5207.77
2024-01-23,Google Pay,3604.0
2024-01-24,POS Machine,709.55
2024-01-24,Google Pay,7167.0
2024-01-25,Google Pay,3827.0
2024-01-27,Google Pay,7817.0
2024-01-27,POS Machine,466.76
2024-01-27,Google Pay,10659.0
2024-01-28,Google Pay,6394.0
2024-01-29,POS Machine,2098.54
2024-01-30,Google Pay,4918.0
2024-01-30,POS Machine,1689.66
2024-01-30,Swiggy,870.5
2024-01-30,Google Pay,6060.0
2024-01-30,Swiggy,3468.23
2024-01-31,POS Machine,2159.05
2024-01-31,Google Pay,3437.0
2024-02-01,Google Pay,2121.0
2024-02-02,Google Pay,8290.0
2024-02-03,POS Machine,1207.95
2024-02-03,Google Pay,10441.0
2024-02-03,Swiggy,3714.08
2024-02-04,Swiggy,464.01
2024-02-04,Google Pay,10242.0
2024-02-05,POS Machine,1495.09
2024-02-05,Google Pay,4724.0
2024-02-06,POS Machine,372.83
2024-02-06,Google Pay,4639.0
2024-02-07,POS Machine,1605.74
2024-02-07,Google Pay,7417.0
2024-02-08,POS Machine,377.89
2024-02-08,Swiggy,4384.32
2024-02-08,Swiggy,598.24
2024-02-08,Google Pay,4511.0
2024-02-09,Google Pay,12113.0
2024-02-10,Google Pay,8979.0
2024-02-11,Google Pay,6882.0
2024-02-12,POS Machine,1318.62
2024-02-12,Google Pay,1864.0
2024-02-13,POS Machine,1354.93
2024-02-13,Google Pay,6338.0
2024-02-14,POS Machine,1798.77
2024-02-14,Swiggy,1871.42
2024-02-14,Swiggy,1932.78
2024-02-14,Google Pay,9049.0
2024-02-15,POS Machine,954.99
2024-02-15,Google Pay,7249.0
2024-02-16,Google Pay,3228.0
2024-02-17,POS Machine,1097.04
2024-02-18,Google Pay,8090.0
2024-02-18,Google Pay,6097.0
2024-02-19,POS Machine,2694.88
2024-02-19,Google Pay,6874.0
2024-02-20,POS Machine,950.62
2024-02-20,Google Pay,4958.0
2024-02-21,Swiggy,885.86
2024-02-21,Swiggy,5616.8
2024-02-21,Google Pay,4081.0
2024-02-22,Google Pay,7717.0
2024-02-23,Google Pay,9126.0
2024-02-24,POS Machine,8220.95
2024-02-24,Google Pay,8631.0
2024-02-25,Google Pay,10174.0
2024-02-26,POS Machine,2401.49
2024-02-26,Google Pay,3147.0
2024-02-27,POS Machine,460.13
2024-02-27,Google Pay,8525.0
2024-02-28,Swiggy,2778.94
2024-02-28,POS Machine,441.99
2024-02-28,Google Pay,10752.0
2024-02-29,Google Pay,3963.0
2024-03-01,Google Pay,9496.0
2024-03-02,POS Machine,2191.99
2024-03-02,Google Pay,14412.0
2024-03-03,Google Pay,12978.0
2024-03-04,POS Machine,2050.14
2024-03-04,Google Pay,2912.0
2024-03-05,Swiggy,6557.51
2024-03-05,Google Pay,5724.0
2024-03-06,POS Machine,562.18
2024-03-06,Google Pay,3588.0
2024-03-07,POS Machine,565.0
2024-03-07,Google Pay,8961.0
2024-03-08,POS Machine,435.05
2024-03-08,Google Pay,7243.0
2024-03-09,POS Machine,746.0
2024-03-09,Google Pay,8717.0
2024-03-10,Google Pay,8736.0
2024-03-11,POS Machine,2291.79
2024-03-11,Google Pay,3443.0
2024-03-12,POS Machine,895.86
2024-03-12,Google Pay,5200.0
2024-03-13,POS Machine,446.0
2024-03-13,Swiggy,7964.56
2024-03-13,Google Pay,4277.0
2024-03-14,Google Pay,2728.0
2024-03-15,Google Pay,6507.0
2024-03-16,POS Machine,285.87
2024-03-16,Google Pay,5572.0
2024-03-17,Google Pay,8734.0
2024-03-18,POS Machine,1446.44
2024-03-18,Google Pay,3883.0
2024-03-19,Google Pay,5152.0
2024-03-20,Swiggy,6908.83
2024-03-20,Google Pay,4489.0
2024-03-21,Google Pay,6177.0
2024-03-22,POS Machine,221.25
2024-03-22,Google Pay,6357.0
2024-03-23,POS Machine,725.17
2024-03-23,Google Pay,13038.0
2024-03-24,Google Pay,4521.0
2024-03-25,Google Pay,3374.0
2024-03-26,POS Machine,534.15
2024-03-26,Google Pay,6193.0
2024-03-27,POS Machine,430.42
2024-03-27,Swiggy,5913.44
2024-03-27,Google Pay,3960.0
2024-03-28,POS Machine,251.6
2024-03-28,Google Pay,4923.0
2024-03-29,Google Pay,5650.0
2024-03-30,POS Machine,1030.65
2024-03-30,Google Pay,4643.0
2024-03-31,Google Pay,11553.0
2024-04-01,POS Machine,215.0
2024-04-01,Google Pay,3266.0
2024-04-02,POS Machine,1107.0
2024-04-02,Google Pay,7352.0
2024-04-03,POS Machine,622.28
2024-04-03,Google Pay,7553.0
2024-04-04,POS Machine,1843.27
2024-04-04,Swiggy,10468.64
2024-04-04,Google Pay,4680.0
2024-04-05,Google Pay,12164.0
2024-04-06,POS Machine,825.9
2024-04-06,Google Pay,7491.0
2024-04-07,Google Pay,9840.0
2024-04-08,Google Pay,8853.0
2024-04-09,Google Pay,6470.0
2024-04-10,POS Machine,3510.62
2024-04-10,Swiggy,9234.38
2024-04-10,Google Pay,16753.0
2024-04-11,POS Machine,448.55
2024-04-11,Google Pay,15694.0
2024-04-12,Google Pay,9220.0
2024-04-13,POS Machine,993.98
2024-04-13,Google Pay,15075.0
2024-04-14,Google Pay,14984.0
2024-04-15,POS Machine,4874.01
2024-04-15,Google Pay,5285.0
2024-04-16,POS Machine,6273.55
2024-04-16,Google Pay,8469.0
2024-04-17,POS Machine,2162.82
2024-04-17,Swiggy,7041.53
2024-04-17,Google Pay,8771.0
2024-04-18,Google Pay,6968.0
2024-04-19,POS Machine,1190.72
2024-04-19,Google Pay,12891.0
2024-04-20,POS Machine,429.44
2024-04-20,Google Pay,6289.0
2024-04-21,Google Pay,10795.0
2024-04-22,POS Machine,5164.08
2024-04-22,Google Pay,5930.0
2024-04-23,Google Pay,5941.0
2024-04-24,POS Machine,3552.23
2024-04-24,Swiggy,9706.88
2024-04-24,Google Pay,9949.0
2024-04-25,Google Pay,14080.0
2024-04-26,Google Pay,6413.0
2024-04-27,Google Pay,16266.0
2024-04-28,Google Pay,6999.0
2024-04-29,POS Machine,2353.06
2024-04-29,Google Pay,10661.0
2024-04-30,POS Machine,503.21
2024-04-30,Google Pay,9665.0
2024-05-01,POS Machine,366.0
2024-05-01,Swiggy,16315.64
2024-05-01,Google Pay,4862.0
2024-05-02,POS Machine,381.81
2024-05-02,Google Pay,7073.0
2024-05-03,POS Machine,397.0
2024-05-03,Google Pay,7128.0
2024-05-04,POS Machine,312.32
2024-05-04,Swiggy,7428.24
2024-05-04,Google Pay,4161.0
2024-05-05,Google Pay,4336.0
2024-05-06,POS Machine,666.61
2024-05-06,Google Pay,10467.0
2024-05-07,Google Pay,8206.0
2024-05-08,Swiggy,5882.46
2024-05-08,Google Pay,7622.0
2024-05-09,POS Machine,3109.0
2024-05-09,Google Pay,6494.0
2024-05-10,POS Machine,1173.0
2024-05-10,Google Pay,10850.0
2024-05-11,Google Pay,11792.0
2024-05-12,Google Pay,10407.0
2024-05-13,POS Machine,1622.15
2024-05-13,Google Pay,17144.0
2024-05-14,POS Machine,265.47
2024-05-14,Google Pay,6447.0
2024-05-15,POS Machine,3034.15
2024-05-15,Swiggy,7391.26
2024-05-15,Google Pay,12156.0
2024-05-16,Google Pay,11908.0
2024-05-17,Swiggy,200.6
2024-05-17,Google Pay,45922.0
2024-05-18,POS Machine,2522.22
2024-05-18,Google Pay,11301.0
2024-05-19,Google Pay,9735.0
2024-05-20,POS Machine,269.55
2024-05-20,Google Pay,8819.0
2024-05-21,Google Pay,7327.0
2024-05-22,POS Machine,330.0
2024-05-22,Swiggy,14506.45
2024-05-22,Google Pay,11864.0
2024-05-23,Google Pay,10048.0
2024-05-24,POS Machine,570.82
2024-05-24,Google Pay,9442.0
2024-05-25,POS Machine,961.36
2024-05-25,Google Pay,5195.0
2024-05-26,Google Pay,9134.0
2024-05-27,POS Machine,2636.73
2024-05-27,Google Pay,7229.0
2024-05-28,POS Machine,1215.12
2024-05-28,Google Pay,5444.0
2024-05-29,POS Machine,855.21
2024-05-29,Swiggy,10787.12
2024-05-29,Google Pay,7900.0
2024-05-30,POS Machine,1722.25
2024-05-30,Google Pay,6426.0
2024-05-31,Google Pay,8525.0
2024-06-01,POS Machine,1610.37
2024-06-01,Google Pay,10877.0
2024-06-02,Google Pay,11485.0
2024-06-03,POS Machine,4772.06
2024-06-03,Google Pay,5424.0
2024-06-04,POS Machine,976.98
2024-06-04,Google Pay,9934.0
2024-06-05,POS Machine,2087.9
2024-06-05,Swiggy,6227.67
2024-06-05,Google Pay,5551.0
2024-06-06,POS Machine,706.58
2024-06-06,Google Pay,7210.0
2024-06-07,POS Machine,1063.48
2024-06-07,Google Pay,9483.0
2024-06-08,POS Machine,680.27
2024-06-08,Google Pay,16256.0
2024-06-09,Google Pay,6312.0
2024-06-10,POS Machine,1147.21
2024-06-10,Google Pay,5766.0
2024-06-11,POS Machine,929.07
2024-06-11,Google Pay,4641.0
2024-06-12,Swiggy,10126.19
2024-06-12,Google Pay,5184.0
2024-06-13,POS Machine,527.06
2024-06-13,Google Pay,7319.0
2024-06-14,POS Machine,19.82
2024-06-14,Google Pay,5897.0
2024-06-15,POS Machine,3163.0
2024-06-15,Google Pay,12481.0
2024-06-16,Google Pay,13566.0
2024-06-17,POS Machine,534.22
2024-06-17,Google Pay,12303.0
2024-06-18,POS Machine,396.26
2024-06-18,Google Pay,6953.0
2024-06-19,Swiggy,6420.46
2024-06-19,Google Pay,6754.0
2024-06-20,POS Machine,3442.44
2024-06-20,Google Pay,6079.0
2024-06-21,Google Pay,6795.0
2024-06-22,Google Pay,13625.0
2024-06-23,Google Pay,10457.0
2024-06-24,POS Machine,786.0
2024-06-24,Google Pay,8517.0
2024-06-25,POS Machine,366.0
2024-06-25,Google Pay,11547.0
2024-06-26,Swiggy,9526.83
2024-06-26,Google Pay,1534.0
2024-06-27,Google Pay,6641.0
2024-06-28,POS Machine,327.03
2024-06-28,Google Pay,10930.0
2024-06-29,POS Machine,579.74
2024-06-29,Google Pay,10957.0
2024-06-30,Google Pay,13760.0
2024-07-01,POS Machine,5758.05
2024-07-01,Google Pay,7347.0
2024-07-02,POS Machine,1124.79
2024-07-02,Google Pay,6686.0
2024-07-03,POS Machine,2339.07
2024-07-03,Google Pay,10269.0
2024-07-04,POS Machine,895.97
2024-07-04,Swiggy,8798.91
2024-07-04,Google Pay,7342.0
2024-07-06,Google Pay,4350.0
2024-07-06,Google Pay,10361.0
2024-07-07,Google Pay,3581.0
2024-07-08,POS Machine,6184.84
2024-07-08,Google Pay,10953.0
2024-07-09,POS Machine,3305.97
2024-07-09,Google Pay,8000.0
2024-07-10,POS Machine,749.2
2024-07-10,Swiggy,7168.92
2024-07-10,Google Pay,9042.0
2024-07-11,POS Machine,283.0
2024-07-11,Google Pay,7497.0
2024-07-12,POS Machine,265.47
2024-07-12,Google Pay,5138.0
2024-07-13,Google Pay,13835.0
2024-07-14,Google Pay,9304.0
2024-07-15,POS Machine,2500.21
2024-07-15,Google Pay,9229.0
2024-07-16,POS Machine,612.44
2024-07-16,Google Pay,5246.0
2024-07-17,POS Machine,1170.0
2024-07-17,Swiggy,9654.92
2024-07-17,Google Pay,8174.0
2024-07-18,POS Machine,337.75
2024-07-18,Google Pay,8877.0
2024-07-19,POS Machine,241.81
2024-07-19,Google Pay,7383.0
2024-07-20,POS Machine,969.96
2024-07-20,Google Pay,16804.0
2024-07-21,Google Pay,10227.0
2024-07-22,POS Machine,1805.72
2024-07-22,Google Pay,5975.0
2024-07-23,POS Machine,1319.55
2024-07-23,Google Pay,8937.0
2024-07-24,POS Machine,1496.41
2024-07-24,Swiggy,11925.24
2024-07-24,Google Pay,4294.0
2024-07-25,POS Machine,1411.29
2024-07-25,Google Pay,8357.0
2024-07-26,POS Machine,326.96
2024-07-26,Google Pay,9590.0
2024-07-27,POS Machine,399.43
2024-07-27,Google Pay,10908.0
2024-07-28,Google Pay,11818.0
2024-07-29,POS Machine,5174.83
2024-07-29,Google Pay,7183.0
2024-07-30,POS Machine,306.46
2024-07-30,Google Pay,5088.0
2024-07-31,Swiggy,6631.81
2024-07-31,Google Pay,6106.0
2024-08-01,POS Machine,439.2
2024-08-01,Google Pay,9846.0
2024-08-02,POS Machine,601.54
2024-08-02,Google Pay,12038.0
2024-08-03,Google Pay,9704.0
2024-08-04,Google Pay,10650.0
2024-08-05,POS Machine,1727.93
2024-08-05,Swiggy,8304.19
2024-08-05,Google Pay,8691.0
2024-08-06,POS Machine,538.11
2024-08-06,Google Pay,4695.0
2024-08-07,Google Pay,11205.0
2024-08-08,POS Machine,1593.29
2024-08-08,Swiggy,2344.8
2024-08-08,Google Pay,5674.0
2024-08-09,POS Machine,1079.46
2024-08-09,Google Pay,6962.0
2024-08-10,POS Machine,1925.51
2024-08-10,Google Pay,14064.0
2024-08-11,Google Pay,12879.0
2024-08-12,POS Machine,4827.53
2024-08-12,Google Pay,6681.0
2024-08-13,POS Machine,828.62
2024-08-13,Google Pay,6560.0
2024-08-14,Swiggy,10813.72
2024-08-14,Google Pay,6993.0
2024-08-15,Google Pay,11025.0
2024-08-16,POS Machine,1381.34
2024-08-16,Google Pay,9679.0
2024-08-17,Google Pay,10527.0
2024-08-18,Google Pay,8498.0
2024-08-19,POS Machine,1353.3
2024-08-19,Google Pay,4657.0
2024-08-20,Google Pay,5614.0
2024-08-21,Swiggy,9112.7
2024-08-21,Google Pay,6042.0
2024-08-22,Google Pay,5389.0
2024-08-23,Google Pay,7587.0
2024-08-24,POS Machine,1407.47
2024-08-24,Google Pay,6982.0
2024-08-25,Google Pay,8862.0
2024-08-26,POS Machine,1629.92
2024-08-26,SHAJAHAN POOKODAN,834.0
2024-08-26,Google Pay,10428.0
2024-08-27,Google Pay,4470.0
2024-08-28,Swiggy,10543.26
2024-08-28,Google Pay,10892.0
2024-08-29,Google Pay,5393.0
2024-08-30,Google Pay,4366.0
2024-08-31,Google Pay,13451.0
2024-09-01,Google Pay,7704.0
2024-09-02,POS Machine,1235.62
2024-09-02,Google Pay,5314.0
2024-09-03,POS Machine,609.46
2024-09-03,Google Pay,7264.0
2024-09-04,POS Machine,290.36
2024-09-04,Swiggy,5948.71
2024-09-04,Google Pay,10370.0
2024-09-05,Google Pay,6199.0
2024-09-06,Google Pay,5573.0
2024-09-07,Google Pay,6278.0
2024-09-08,Google Pay,10637.0
2024-09-09,POS Machine,1200.48
2024-09-09,Google Pay,4095.0
2024-09-10,Google Pay,5234.0
2024-09-11,Swiggy,10157.75
2024-09-11,Google Pay,7307.48
2024-09-12,Google Pay,9078.0
2024-09-13,Google Pay,13686.0
2024-09-14,Google Pay,8355.0
2024-09-15,Google Pay,14601.66
2024-09-16,POS Machine,1881.05
2024-09-16,Google Pay,11919.0
2024-09-17,POS Machine,2971.3
2024-09-17,Google Pay,8739.0
2024-09-18,POS Machine,310.37
2024-09-18,Swiggy,7456.27
2024-09-18,SHAJAHAN POOKODAN,935.0
2024-09-18,Google Pay,12636.79
2024-09-19,POS Machine,3134.7
2024-09-19,Google Pay,8208.12
2024-09-20,Google Pay,12508.03
2024-09-21,POS Machine,525.0
2024-09-21,Google Pay,8135.0
2024-09-22,Google Pay,3817.0
2024-09-23,POS Machine,3916.17
2024-09-23,Google Pay,3407.02
2024-09-24,POS Machine,1273.44
2024-09-24,Google Pay,7898.0
2024-09-24,Swiggy,12756.61
2024-09-25,Google Pay,7901.66
2024-09-26,Google Pay,6830.97
2024-09-27,Google Pay,8421.0
2024-09-28,Google Pay,8081.66
2024-09-29,Google Pay,9894.0
2024-09-30,Google Pay,4167.0
2024-10-01,Google Pay,8795.0
2024-10-01,GOOGLE INDIA DIGITAL SERVICE,100.0
2024-10-02,Google Pay,8766.0
2024-10-03,POS Machine,513.0
2024-10-03,Google Pay,7060.0
2024-10-04,POS Machine,1443.5
2024-10-04,Swiggy,9850.26
2024-10-04,Google Pay,8904.0
2024-10-05,POS Machine,775.37
2024-10-05,Google Pay,12269.0
2024-10-06,Google Pay,11908.0
2024-10-07,Google Pay,2545.0
2024-10-08,POS Machine,2355.16
2024-10-08,Google Pay,13405.0
2024-10-09,Swiggy,6200.06
2024-10-09,Google Pay,8172.0
2024-10-10,Google Pay,7405.0
2024-10-11,Google Pay,18237.0
2024-10-12,POS Machine,473.7
2024-10-12,Google Pay,16019.0
2024-10-13,Google Pay,11782.0
2024-10-14,POS Machine,1179.46
2024-10-14,Google Pay,9361.0
2024-10-15,POS Machine,439.2
2024-10-15,Google Pay,6816.0
2024-10-16,POS Machine,875.47
2024-10-16,Swiggy,7867.92
2024-10-16,Google Pay,3342.0
2024-10-17,Google Pay,9163.0
2024-10-18,POS Machine,400.0
2024-10-18,Google Pay,6485.0
2024-10-19,POS Machine,357.0
2024-10-19,Google Pay,11258.0
2024-10-20,Google Pay,12159.0
2024-10-21,POS Machine,2476.14
2024-10-21,Google Pay,7107.0
2024-10-22,POS Machine,722.44
2024-10-22,Google Pay,9094.0
2024-10-23,Swiggy,8301.21
2024-10-23,Google Pay,5348.0
2024-10-24,Google Pay,7280.0
2024-10-25,POS Machine,372.83
2024-10-25,Google Pay,5638.0
2024-10-26,POS Machine,917.88
2024-10-26,Google Pay,10292.0
2024-10-26,GOOGLE INDIA DIGITAL SERVICE,125.0
2024-10-27,Google Pay,9499.0
2024-10-28,POS Machine,3778.16
2024-10-28,SHAJAHAN POOKODAN,626.0
2024-10-28,Google Pay,6461.0
2024-10-29,POS Machine,188.0
2024-10-29,Google Pay,4807.0
2024-10-30,Swiggy,3775.71
2024-10-30,Google Pay,3509.0
2024-10-31,POS Machine,285.97
2024-10-31,Google Pay,14138.0
2024-11-01,POS Machine,1150.48
2024-11-01,Google Pay,11683.0
2024-11-02,Google Pay,7359.0
2024-11-02,Google Pay,2616.0
2024-11-03,Google Pay,11886.0
2024-11-04,POS Machine,5037.39
2024-11-04,Google Pay,7787.0
2024-11-05,POS Machine,1342.98
2024-11-05,Swiggy,6876.91
2024-11-05,Google Pay,11436.0
2024-11-06,POS Machine,879.02
2024-11-06,Google Pay,6619.0
2024-11-07,POS Machine,558.27
2024-11-07,Google Pay,9059.0
2024-11-08,Google Pay,7698.0
2024-11-09,Google Pay,13060.0
2024-11-10,Google Pay,11240.0
2024-11-11,POS Machine,337.93
2024-11-11,Google Pay,9838.0
2024-11-12,POS Machine,414.8
2024-11-12,Google Pay,5760.0
2024-11-13,Swiggy,13437.77
2024-11-13,Google Pay,34310.0
2024-11-14,POS Machine,832.0
2024-11-14,Google Pay,10977.0
2024-11-15,POS Machine,1330.91
2024-11-15,Google Pay,12077.0
2024-11-16,Google Pay,12071.0
2024-11-17,Google Pay,8498.0
2024-11-18,POS Machine,390.45
2024-11-18,Google Pay,10365.0
2024-11-19,Google Pay,5399.0
2024-11-20,POS Machine,818.86
2024-11-20,Swiggy,8141.35
2024-11-20,Google Pay,9390.0
2024-11-21,POS Machine,821.38
2024-11-21,Google Pay,7784.0
2024-11-22,POS Machine,473.7
2024-11-22,Google Pay,8956.0
2024-11-23,Google Pay,8958.0
2024-11-24,Google Pay,9756.0
2024-11-25,POS Machine,1807.37
2024-11-25,Google Pay,6101.0
2024-11-26,POS Machine,804.22
2024-11-26,Google Pay,9885.0
2024-11-27,POS Machine,459.7
2024-11-27,Swiggy,6280.72
2024-11-27,Google Pay,10498.0
2024-11-28,POS Machine,214.72
2024-11-28,Google Pay,2321.0
2024-11-29,Google Pay,8262.0
2024-11-30,POS Machine,241.81
2024-11-30,Google Pay,14212.0
2024-12-01,Google Pay,17372.0
2024-12-02,Google Pay,10847.0
2024-12-03,POS Machine,449.94
2024-12-03,Google Pay,8757.0
2024-12-04,Swiggy,9187.9
2024-12-04,Google Pay,11048.0
2024-12-05,Google Pay,14311.0
2024-12-06,POS Machine,2083.64
2024-12-06,Google Pay,10635.0
2024-12-07,Google Pay,13164.0
2024-12-08,Google Pay,14222.0
2024-12-09,POS Machine,3677.23
2024-12-09,Google Pay,6272.0
2024-12-10,POS Machine,503.0
2024-12-10,Google Pay,10358.0
2024-12-11,Swiggy,12737.19
2024-12-11,Google Pay,5544.0
2024-12-12,POS Machine,734.93
2024-12-12,Google Pay,6076.0
2024-12-13,POS Machine,1614.98
2024-12-13,Google Pay,7995.1
2024-12-14,Google Pay,14122.0
2024-12-15,Google Pay,7313.0
2024-12-16,POS Machine,4160.44
2024-12-16,Google Pay,6306.0
2024-12-17,Google Pay,6247.0
2024-12-18,POS Machine,2074.98
2024-12-18,Swiggy,9284.72
2024-12-18,Google Pay,5354.0
2024-12-19,POS Machine,4285.93
2024-12-19,Google Pay,7426.0
2024-12-20,POS Machine,892.9
2024-12-20,Google Pay,5400.0
2024-12-21,POS Machine,953.55
2024-12-21,Google Pay,8392.0
2024-12-22,Google Pay,11941.0
2024-12-23,POS Machine,2583.47
2024-12-23,Google Pay,6563.0
2024-12-24,POS Machine,1051.15
2024-12-24,Google Pay,13518.0
2024-12-25,Swiggy,9008.81
2024-12-25,Google Pay,11293.0
2024-12-26,POS Machine,290.36
2024-12-26,Google Pay,7922.0
2024-12-27,POS Machine,277.06
2024-12-27,Google Pay,13635.0
2024-12-28,Google Pay,13684.0
2024-12-29,Google Pay,8038.0
2024-12-30,POS Machine,3503.34
2024-12-30,Google Pay,3364.0
2024-12-31,Google Pay,20617.0
2023-01-01,Google Pay,10048.0
2023-01-02,Pos Settlement,3231.09
2023-01-02,Google Pay,8551.0
2023-01-03,Pos Settlement,4207.95
2023-01-03,Google Pay,6206.0
2023-01-04,Pos Settlement,1418.6
2023-01-05,Google Pay,7243.0
2023-01-05,Pos Settlement,449.91
2023-01-06,Google Pay,6767.0
2023-01-06,Google Pay,3382.0
2023-01-07,Pos Settlement,1678.98
2023-01-07,Google Pay,8983.0
2023-01-08,Google Pay,8972.0
2023-01-09,Pos Settlement,3646.39
2023-01-09,Google Pay,2114.0
2023-01-10,Pos Settlement,332.82
2023-01-10,Google Pay,3760.0
2023-01-11,Pos Settlement,303.22
2023-01-12,Google Pay,4149.0
2023-01-12,Pos Settlement,277.0
2023-01-12,Google Pay,6567.0
2023-01-13,Pos Settlement,180.14
2023-01-13,Google Pay,7191.0
2023-01-14,Google Pay,4624.0
2023-01-15,Google Pay,9903.0
2023-01-16,Pos Settlement,4765.47
2023-01-17,Google Pay,7617.0
2023-01-17,Phonepe Private Limited,247.0
2023-01-18,Google Pay,3726.0
2023-01-18,Pos Settlement,203.15
2023-01-18,Google Pay,4335.0
2023-01-19,Google Pay,4293.0
2023-01-20,Pos Settlement,2005.22
2023-01-20,Google Pay,10020.0
2023-01-21,Pos Settlement,1818.7
2023-01-21,Google Pay,6128.0
2023-01-23,Google Pay,5991.0
2023-01-23,Pos Settlement,3000.65
2023-01-24,Google Pay,6564.0
2023-01-24,Google Pay,3529.0
2023-01-25,Pos Settlement,450.34
2023-01-26,Google Pay,1820.0
2023-01-27,Google Pay,8414.0
2023-01-27,Pos Settlement,2661.58
2023-01-27,Google Pay,10683.0
2023-01-28,Pos Settlement,476.67
2023-01-28,Google Pay,8229.0
2023-01-29,Google Pay,8736.0
2023-01-30,Pos Settlement,3573.1
2023-01-30,Google Pay,3707.0
2023-01-31,Google Pay,5669.0
2023-02-02,Google Pay,3543.0
2023-02-02,Pos Settlement,223.97
2023-02-03,Google Pay,4027.0
2023-02-03,Pos Settlement,603.06
2023-02-03,Google Pay,7915.0
2023-02-04,Pos Settlement,551.41
2023-02-05,Google Pay,7150.0
2023-02-06,Google Pay,11077.0
2023-02-06,Pos Settlement,1762.66
2023-02-06,Google Pay,5712.0
2023-02-07,Pos Settlement,2307.43
2023-02-07,Google Pay,1215.0
2023-02-08,Pos Settlement,1535.53
2023-02-08,Google Pay,5970.0
2023-02-09,Google Pay,8628.0
2023-02-10,Google Pay,7999.0
2023-02-11,Pos Settlement,860.19
2023-02-11,Google Pay,7835.0
2023-02-13,Google Pay,5933.0
2023-02-13,Pos Settlement,1016.0
2023-02-13,Google Pay,5304.0
2023-02-14,Pos Settlement,4989.28
2023-02-14,Google Pay,6387.0
2023-02-15,Pos Settlement,1329.4
2023-02-15,Google Pay,5898.0
2023-02-16,Google Pay,4216.0
2023-02-17,Pos Settlement,1461.3
2023-02-17,Google Pay,10730.0
2023-02-18,Pos Settlement,415.23
2023-02-18,Google Pay,3887.0
2023-02-19,Google Pay,3974.0
2023-02-20,Pos Settlement,1390.81
2023-02-21,Google Pay,3924.0
2023-02-21,Pos Settlement,1713.86
2023-02-21,Google Pay,7749.0
2023-02-22,Pos Settlement,502.23
2023-02-23,Google Pay,7503.0
2023-02-23,Pos Settlement,464.78
2023-02-23,Google Pay,5635.0
2023-02-24,Pos Settlement,1776.24
2023-02-24,By Cash Br:Cherpulassery/Abafp9102H,17500.0
2023-02-24,Google Pay,8906.0
2023-02-25,Google Pay,6859.0
2023-02-27,Google Pay,5728.0
2023-02-27,Pos Settlement,444.0
2023-02-28,Google Pay,5758.0
2023-02-28,Google Pay,7903.0
2023-03-01,Pos Settlement,2009.22
2023-03-01,Google Pay,3111.0
2023-03-03,Google Pay,2284.0
2023-03-03,Pos Settlement,5103.74
2023-03-03,Google Pay,6574.0
2023-03-04,Google Pay,11329.0
2023-03-06,Google Pay,6800.0
2023-03-06,Pos Settlement,3575.58
2023-03-07,Google Pay,5065.0
2023-03-07,Pos Settlement,445.06
2023-03-07,Google Pay,3130.0
2023-03-08,Google Pay,8892.0
2023-03-09,Pos Settlement,1660.16
2023-03-10,Google Pay,2722.0
2023-03-10,Google Pay,10344.0
2023-03-11,Pos Settlement,1906.5
2023-03-11,Google Pay,14015.0
2023-03-13,Google Pay,13532.0
2023-03-13,Pos Settlement,3125.67
2023-03-13,Google Pay,4813.0
2023-03-14,Google Pay,6824.0
2023-03-15,Google Pay,6733.0
2023-03-16,Pos Settlement,1142.13
2023-03-16,Google Pay,6506.0
2023-03-18,Google Pay,9116.0
2023-03-18,Pos Settlement,1304.15
2023-03-19,Google Pay,5956.0
2023-03-19,Google Pay,7181.0
2023-03-20,Pos Settlement,2751.87
2023-03-21,Google Pay,6414.0
2023-03-21,Google Pay,9524.0
2023-03-22,Pos Settlement,311.17
2023-03-22,Google Pay,6184.0
2023-03-23,Google Pay,6186.0
2023-03-24,Pos Settlement,616.4
2023-03-24,Google Pay,1795.0
2023-03-25,Pos Settlement,623.34
2023-03-25,Google Pay,11253.0
2023-03-26,Google Pay,2683.0
2023-03-27,Pos Settlement,566.71
2023-03-28,Google Pay,5918.0
2023-03-28,Pos Settlement,1140.94
2023-03-28,Google Pay,3627.0
2023-03-30,Google Pay,3917.0
2023-03-31,Google Pay,2861.0
2023-03-31,Pos Settlement,1989.98
2023-03-31,Google Pay,8606.0
2023-04-01,Pos Settlement,715.5
2023-04-02,Google Pay,7234.0
2023-04-02,Google Pay,6696.0
2023-04-03,Pos Settlement,2976.57
2023-04-04,Google Pay,7323.0
2023-04-04,Pos Settlement,605.02
2023-04-04,Google Pay,4870.0
2023-04-05,Google Pay,6790.0
2023-04-06,Pos Settlement,129.82
2023-04-06,Google Pay,8721.0
2023-04-08,Google Pay,10253.0
2023-04-08,Google Pay,11321.0
2023-04-10,Google Pay,7751.0
2023-04-10,Google Pay,4604.0
2023-04-12,Google Pay,4437.0
2023-04-12,Google Pay,5294.0
2023-04-13,Google Pay,7832.0
2023-04-14,Google Pay,9467.0
2023-04-16,Google Pay,8701.0
2023-04-16,Google Pay,8386.0
2023-04-17,Google Pay,4027.0
2023-04-18,Pos Settlement,2627.77
2023-04-18,Google Pay,7875.0
2023-04-19,Pos Settlement,1051.26
2023-04-19,Google Pay,2796.0
2023-04-21,Google Pay,8095.0
2023-04-21,Pos Settlement,383.52
2023-04-21,Google Pay,7723.0
2023-04-22,Pos Settlement,539.1
2023-04-23,Google Pay,12089.0
2023-04-23,Google Pay,11423.0
2023-04-24,Pos Settlement,5369.27
2023-04-24,Google Pay,6565.0
2023-04-25,Pos Settlement,321.1
2023-04-25,Google Pay,9880.0
2023-04-26,Pos Settlement,156.0
2023-04-26,Google Pay,5756.0
2023-04-27,Pos Settlement,499.71
2023-04-28,Google Pay,6899.0
2023-04-28,Pos Settlement,495.37
2023-04-28,Google Pay,7722.0
2023-04-29,Pos Settlement,1803.33
2023-04-29,Google Pay,13086.0
2023-04-30,Google Pay,10332.0
2023-05-01,Pos Settlement,2790.65
2023-05-01,Google Pay,10942.0
2023-05-02,Pos Settlement,1238.54
2023-05-03,Google Pay,9077.0
2023-05-03,Pos Settlement,2739.19
2023-05-04,Google Pay,8141.0
2023-05-04,Pos Settlement,1213.98
2023-05-04,Google Pay,2450.0
2023-05-04,Google Pay,5419.0
2023-05-05,Pos Settlement,2722.88
2023-05-05,Google Pay,5633.0
2023-05-06,Pos Settlement,1244.49
2023-05-07,Google Pay,9620.0
2023-05-08,Google Pay,9369.0
2023-05-08,Pos Settlement,5173.02
2023-05-08,Google Pay,5407.0
2023-05-09,Pos Settlement,662.98
2023-05-09,Google Pay,8979.0
2023-05-11,Google Pay,8051.0
2023-05-11,Pos Settlement,775.36
2023-05-11,Google Pay,7695.0
2023-05-12,Pos Settlement,2883.12
2023-05-12,Google Pay,15166.0
2023-05-13,Phonepe Private Limited-Payment Agg,387.0
2023-05-13,Pos Settlement,785.68
2023-05-13,Google Pay,11622.0
2023-05-15,Google Pay,7753.0
2023-05-15,Pos Settlement,4148.96
2023-05-16,Google Pay,6090.0
2023-05-16,Pos Settlement,242.79
2023-05-17,Pos Settlement,410.2
2023-05-18,Google Pay,13158.0
2023-05-18,Pos Settlement,1915.61
2023-05-18,Google Pay,12020.0
2023-05-19,Pos Settlement,3466.06
2023-05-19,Google Pay,8487.0
2023-05-20,Pos Settlement,3012.88
2023-05-20,Google Pay,14948.0
2023-05-22,Google Pay,12161.0
2023-05-22,Pos Settlement,3207.66
2023-05-22,Google Pay,11314.0
2023-05-23,Pos Settlement,2211.68
2023-05-23,Google Pay,7085.0
2023-05-24,Bundl Technologies Pvt Ltd,337.18
2023-05-24,Bundl Technologies Pvt Ltd Nodal Ac,1210.01
2023-05-24,Google Pay,6637.0
2023-05-25,Google Pay,10124.0
2023-05-26,Pos Settlement,1994.69
2023-05-26,Google Pay,7599.0
2023-05-28,Google Pay,5252.0
2023-05-28,Google Pay,11964.0
2023-05-29,Phonepe Private Limited-Payment Agg,65.0
2023-05-29,Pos Settlement,3408.69
2023-05-29,Google Pay,3969.0
2023-05-30,Pos Settlement,2716.96
2023-05-30,Google Pay,13977.0
2023-05-30,Google Pay,7729.0
2023-05-31,Pos Settlement,942.78
2023-05-31,Bundl Technologies Pvt Ltd,337.49
2023-05-31,Bundl Technologies Pvt Ltd Nodal Ac,5526.56
2023-05-31,Google Pay,7074.0
2023-06-01,Pos Settlement,417.5
2023-06-01,Google Pay,5901.0
2023-06-02,Pos Settlement,1200.75
2023-06-02,Google Pay,7601.0
2023-06-03,Pos Settlement,751.96
2023-06-03,Google Pay,6279.0
2023-06-05,Google Pay,9522.0
2023-06-05,Pos Settlement,910.89
2023-06-05,Bundl Technologies Pvt Ltd Nodal Ac,1183.43
2023-06-05,Google Pay,6069.0
2023-06-06,Pos Settlement,848.42
2023-06-07,Google Pay,3552.0
2023-06-07,Pos Settlement,1033.74
2023-06-07,Bundl Technologies Pvt Ltd Nodal Ac,3387.76
2023-06-07,Bundl Technologies Pvt Ltd,134.23
2023-06-07,Google Pay,7561.0
2023-06-08,Pos Settlement,377.71
2023-06-08,Google Pay,4246.0
2023-06-09,Pos Settlement,1834.46
2023-06-09,Google Pay,9209.0
2023-06-10,Pos Settlement,468.38
2023-06-10,Google Pay,13247.0
2023-06-11,Google Pay,4803.0
2023-06-12,Pos Settlement,701.38
2023-06-12,Google Pay,8315.0
2023-06-13,Pos Settlement,662.98
2023-06-13,Google Pay,4724.0
2023-06-14,Pos Settlement,404.33
2023-06-14,Bundl Technologies Pvt Ltd,210.91
2023-06-14,Bundl Technologies Pvt Ltd Nodal Ac,2637.61
2023-06-14,Google Pay,905.0
2023-06-15,Pos Settlement,1267.82
2023-06-16,Google Pay,8089.0
2023-06-16,Google Pay,6380.0
2023-06-17,Pos Settlement,666.7
2023-06-17,Google Pay,9615.0
2023-06-18,Google Pay,10888.0
2023-06-19,Pos Settlement,4109.82
2023-06-19,Google Pay,10821.0
2023-06-20,Pos Settlement,947.0
2023-06-20,Google Pay,4565.0
2023-06-21,Pos Settlement,895.7
2023-06-21,Bundl Technologies Pvt Ltd,134.23
2023-06-21,Bundl Technologies Pvt Ltd Nodal Ac,2233.44
2023-06-22,Google Pay,6789.0
2023-06-22,Pos Settlement,3004.14
2023-06-22,Google Pay,3207.0
2023-06-23,Google Pay,7000.0
2023-06-24,Pos Settlement,500.69
2023-06-24,Google Pay,12758.0
2023-06-25,Google Pay,7909.0
2023-06-26,Pos Settlement,1125.3
2023-06-27,Google Pay,4301.0
2023-06-27,Pos Settlement,403.34
2023-06-27,Google Pay,8485.0
2023-06-28,Pos Settlement,498.47
2023-06-28,Bundl Technologies Pvt Ltd,1093.0
2023-06-28,Bundl Technologies Pvt Ltd Nodal Ac,3488.96
2023-06-28,Google Pay,4371.0
2023-06-29,Pos Settlement,1492.1
2023-06-29,Google Pay,16100.0
2023-06-30,Pos Settlement,6105.32
2023-06-30,Google Pay,5336.0
2023-07-01,Pos Settlement,2076.14
2023-07-01,Google Pay,9877.0
2023-07-02,Google Pay,8170.0
2023-07-03,Pos Settlement,2400.89
2023-07-03,Google Pay,7427.0
2023-07-04,Pos Settlement,791.48
2023-07-04,Google Pay,7949.0
2023-07-05,Pos Settlement,1823.44
2023-07-05,Bundl Technologies Pvt Ltd,517.73
2023-07-05,Bundl Technologies Pvt Ltd Nodal Ac,3145.39
2023-07-06,Google Pay,5174.0
2023-07-06,Pos Settlement,154.6
2023-07-06,Google Pay,9213.0
2023-07-07,Google Pay,9058.0
2023-07-08,Pos Settlement,4026.61
2023-07-08,Google Pay,15788.0
2023-07-10,Google Pay,11705.0
2023-07-10,Pos Settlement,1579.03
2023-07-10,Google Pay,4223.0
2023-07-11,Pos Settlement,751.29
2023-07-11,Google Pay,4313.0
2023-07-12,Bundl Technologies Pvt Ltd,985.57
2023-07-12,Bundl Technologies Pvt Ltd Nodal Ac,6311.52
2023-07-12,Google Pay,8050.0
2023-07-13,Pos Settlement,1433.73
2023-07-13,Google Pay,4165.0
2023-07-14,Google Pay,11004.0
2023-07-15,Pos Settlement,1192.49
2023-07-15,Google Pay,5390.0
2023-07-16,Google Pay,8497.0
2023-07-17,Pos Settlement,418.7
2023-07-17,Google Pay,6294.0
2023-07-18,Pos Settlement,1144.55
2023-07-18,Google Pay,7961.0
2023-07-19,Pos Settlement,1250.66
2023-07-19,Bundl Technologies Pvt Ltd,786.14
2023-07-19,Bundl Technologies Pvt Ltd Nodal Ac,2695.35
2023-07-19,Google Pay,4151.0
2023-07-20,Google Pay,6632.0
2023-07-21,Pos Settlement,830.0
2023-07-21,Google Pay,7757.0
2023-07-21,Google Pay,2346.0
2023-07-22,Pos Settlement,1851.29
2023-07-22,Google Pay,14658.0
2023-07-23,Google Pay,6979.0
2023-07-24,Pos Settlement,3581.49
2023-07-25,Google Pay,5621.0
2023-07-25,Pos Settlement,1757.03
2023-07-25,Google Pay,9643.0
2023-07-26,Pos Settlement,415.23
2023-07-26,Bundl Technologies Pvt Ltd,594.41
2023-07-26,Bundl Technologies Pvt Ltd Nodal Ac,4897.98
2023-07-26,Google Pay,6655.0
2023-07-27,Pos Settlement,4571.91
2023-07-27,Google Pay,6449.0
2023-07-28,Google Pay,6051.0
2023-07-29,Pos Settlement,1242.65
2023-07-29,Google Pay,8737.0
2023-07-30,Google Pay,8257.0
2023-07-31,Pos Settlement,4221.26
2023-07-31,Google Pay,8991.0
2023-08-01,Google Pay,10474.0
2023-08-02,Google Pay,6477.0
2023-08-03,Bundl Technologies Pvt Ltd,1843.84
2023-08-03,Bundl Technologies Pvt Ltd Nodal Ac,10712.39
2023-08-04,Google Pay,5603.0
2023-08-04,Google Pay,9561.0
2023-08-05,Google Pay,8799.0
2023-08-06,Shajahan Pookodan,1802.0
2023-08-06,Google Pay,6978.0
2023-08-07,Pos Settlement,4056.29
2023-08-07,Abdul Rasheed,1410.0
2023-08-07,Abdul Rasheed,440.0
2023-08-07,Google Pay,3567.0
2023-08-08,Bundl Technologies Pvt Ltd,245.4
2023-08-08,Bundl Technologies Pvt Ltd Nodal Ac,3238.95
2023-08-08,Google Pay,4956.0
2023-08-09,Pos Settlement,254.74
2023-08-09,Google Pay,4467.0
2023-08-10,Pos Settlement,758.11
2023-08-10,Google Pay,4903.0
2023-08-11,Google Pay,4742.0
2023-08-12,Pos Settlement,413.82
2023-08-12,Google Pay,6236.0
2023-08-14,Google Pay,13580.0
2023-08-14,Pos Settlement,1860.72
2023-08-14,Google Pay,10907.0
2023-08-15,Google Pay,5994.0
2023-08-16,Bundl Technologies Pvt Ltd,210.91
2023-08-16,Bundl Technologies Pvt Ltd Nodal Ac,3686.85
2023-08-16,Pos Settlement,2619.06
2023-08-16,Google Pay,5483.0
2023-08-18,Google Pay,5082.0
2023-08-18,Pos Settlement,848.3
2023-08-18,Google Pay,3982.0
2023-08-19,Google Pay,4716.0
2023-08-20,Google Pay,7385.0
2023-08-21,Pos Settlement,4007.14
2023-08-21,By Cash Br:Cherpulassery/Abafp9102H,7000.0
2023-08-21,Google Pay,9242.0
2023-08-22,Google Pay,3436.0
2023-08-23,Pos Settlement,881.0
2023-08-23,Bundl Technologies Pvt Ltd,685.74
2023-08-23,Bundl Technologies Pvt Ltd Nodal Ac,5732.43
2023-08-23,Google Pay,8201.0
2023-08-24,Google Pay,7174.0
2023-08-25,Pos Settlement,1687.67
2023-08-25,Google Pay,8224.0
2023-08-26,Pos Settlement,441.99
2023-08-26,Google Pay,8090.0
2023-08-27,Google Pay,9907.0
2023-08-28,Pos Settlement,1831.31
2023-08-28,Google Pay,8531.0
2023-08-29,Pos Settlement,724.37
2023-08-29,Google Pay,11059.0
2023-08-30,Pos Settlement,1510.78
2023-08-30,Bundl Technologies Pvt Ltd,1112.11
2023-08-30,Bundl Technologies Pvt Ltd Nodal Ac,2791.73
2023-08-30,Google Pay,10247.0
2023-09-01,Google Pay,9459.0
2023-09-01,Pos Settlement,1348.17
2023-09-01,Upi/Esmf/324490759909/Hamzathul Siyad K/Upi/Hdf38Cb5Acccfcb4Bdd9B4261252Be72Fb7/Siyadsiu48-1@O,22000.0
2023-09-01,Google Pay,11576.0
2023-09-02,Pos Settlement,147.83
2023-09-02,Google Pay,21920.0
2023-09-04,Google Pay,11129.0
2023-09-04,Pos Settlement,3591.53
2023-09-04,Bundl Technologies Pvt Ltd,774.67
2023-09-05,Google Pay,10779.0
2023-09-05,Google Pay,4896.0
2023-09-06,Pos Settlement,543.07
2023-09-06,Bundl Technologies Pvt Ltd Nodal Ac,4740.62
2023-09-06,Google Pay,9884.0
2023-09-07,Pos Settlement,1497.18
2023-09-07,Google Pay,5540.0
2023-09-08,Google Pay,5676.0
2023-09-09,Pos Settlement,1439.23
2023-09-09,Google Pay,17125.0
2023-09-10,Google Pay,6546.0
2023-09-11,Pos Settlement,1183.71
2023-09-11,Google Pay,7279.0
2023-09-12,Pos Settlement,220.58
2023-09-12,Google Pay,6180.0
2023-09-13,Bundl Technologies Pvt Ltd,828.37
2023-09-13,Bundl Technologies Pvt Ltd Nodal Ac,7089.85
2023-09-14,Google Pay,5042.0
2023-09-14,Pos Settlement,689.74
2023-09-14,Google Pay,7229.0
2023-09-15,Pos Settlement,1301.18
2023-09-15,Google Pay,8658.0
2023-09-16,Pos Settlement,1248.31
2023-09-16,Google Pay,10504.0
2023-09-17,Google Pay,12522.0
2023-09-18,Pos Settlement,2852.2
2023-09-18,Google Pay,7140.0
2023-09-19,Pos Settlement,429.44
2023-09-19,Google Pay,6339.0
2023-09-20,Pos Settlement,416.22
2023-09-20,Google Pay,4160.0
2023-09-21,Pos Settlement,1014.24
2023-09-21,Bundl Technologies Pvt Ltd,1345.97
2023-09-21,Bundl Technologies Pvt Ltd Nodal Ac,3680.68
2023-09-21,Google Pay,10150.0
2023-09-23,Google Pay,7581.0
2023-09-23,Pos Settlement,858.58
2023-09-23,Google Pay,11892.0
2023-09-24,Google Pay,189.0
2023-09-24,Google Pay,8363.0
2023-09-25,Pos Settlement,1382.58
2023-09-25,By Cash Br:Cherpulassery/Abafp9102H,23000.0
2023-09-25,Google Pay,6051.0
2023-09-26,Pos Settlement,2294.16
2023-09-26,Google Pay,3285.0
2023-09-27,Pos Settlement,142.0
2023-09-27,Bundl Technologies Pvt Ltd,1856.02
2023-09-27,Bundl Technologies Pvt Ltd Nodal Ac,7461.14
2023-09-27,Google Pay,9674.0
2023-09-28,Google Pay,6023.0
2023-09-29,Pos Settlement,1797.67
2023-09-29,Google Pay,7099.0
2023-09-30,Google Pay,8695.0
2023-10-02,Google Pay,9873.0
2023-10-02,Pos Settlement,2115.75
2023-10-02,Google Pay,4791.0
2023-10-03,Pos Settlement,1057.01
2023-10-03,Google Pay,4696.0
2023-10-04,Pos Settlement,285.97
2023-10-04,Bundl Technologies Pvt Ltd Nodal Ac,4412.29
2023-10-04,Bundl Technologies Pvt Ltd,923.9
2023-10-04,Google Pay,4965.0
2023-10-05,Pos Settlement,873.07
2023-10-05,Google Pay,5420.0
2023-10-06,Google Pay,7111.0
2023-10-07,Pos Settlement,629.53
2023-10-07,Google Pay,9206.0
2023-10-09,Google Pay,10175.0
2023-10-09,Pos Settlement,1246.35
2023-10-09,Google Pay,4664.0
2023-10-10,Pos Settlement,2023.47
2023-10-10,Google Pay,4715.0
2023-10-11,Bundl Technologies Pvt Ltd,1165.78
2023-10-11,Bundl Technologies Pvt Ltd Nodal Ac,5548.28
2023-10-11,Google Pay,5270.0
2023-10-12,Pos Settlement,966.22
2023-10-12,Google Pay,6029.0
2023-10-13,Pos Settlement,1035.17
2023-10-13,Google Pay,6071.0
2023-10-14,Pos Settlement,899.87
2023-10-14,Google Pay,8565.0
2023-10-15,Google Pay,7446.0
2023-10-16,Pos Settlement,4767.64
2023-10-16,Google Pay,3306.0
2023-10-17,Google Pay,7225.0
2023-10-18,Pos Settlement,2312.74
2023-10-18,Bundl Technologies Pvt Ltd,644.24
2023-10-18,Bundl Technologies Pvt Ltd Nodal Ac,6436.94
2023-10-18,Google Pay,8448.0
2023-10-19,Google Pay,7413.0
2023-10-20,Pos Settlement,506.54
2023-10-20,Google Pay,7508.0
2023-10-21,Pos Settlement,1194.62
2023-10-21,Google Pay,19583.0
2023-10-22,Google Pay,9670.0
2023-10-22,Google Pay,2420.0
2023-10-23,Pos Settlement,6478.9
2023-10-23,Google Pay,13538.0
2023-10-24,Pos Settlement,1563.6
2023-10-24,Google Pay,14333.0
2023-10-25,Pos Settlement,2508.29
2023-10-25,Bundl Technologies Pvt Ltd,999.38
2023-10-25,Bundl Technologies Pvt Ltd Nodal Ac,7221.06
2023-10-25,Google Pay,5852.0
2023-10-26,Pos Settlement,883.85
2023-10-26,Google Pay,5137.0
2023-10-27,Google Pay,4717.0
2023-10-27,Google Pay,1653.0
2023-10-28,Pos Settlement,1075.92
2023-10-28,Google Pay,16550.0
2023-10-29,Google Pay,6844.0
2023-10-30,Pos Settlement,878.45
2023-10-30,Google Pay,2558.0
2023-10-30,Google Pay,1270.0
2023-10-31,Pos Settlement,1263.52
2023-10-31,Google Pay,5672.0
2023-11-01,Pos Settlement,307.41
2023-11-01,Bundl Technologies Pvt Ltd,1215.65
2023-11-01,Bundl Technologies Pvt Ltd Nodal Ac,10194.39
2023-11-01,Google Pay,9810.0
2023-11-02,Pos Settlement,917.72
2023-11-02,Google Pay,8384.0
2023-11-03,Pos Settlement,742.83
2023-11-03,Bundl Technologies Pvt Ltd Nodal Ac,3179.12
2023-11-03,Bundl Technologies Pvt Ltd,498.54
2023-11-03,Google Pay,10074.0
2023-11-04,Pos Settlement,703.12
2023-11-04,Google Pay,8760.0
2023-11-05,Google Pay,11166.0
2023-11-06,Pos Settlement,5754.33
2023-11-06,Google Pay,5416.0
2023-11-07,Google Pay,6525.0
2023-11-08,Pos Settlement,695.89
2023-11-08,Bundl Technologies Pvt Ltd Nodal Ac,2269.49
2023-11-08,Bundl Technologies Pvt Ltd,421.85
2023-11-08,Google Pay,7323.0
2023-11-09,Pos Settlement,569.82
2023-11-09,Google Pay,4670.0
2023-11-10,Pos Settlement,836.29
2023-11-10,Google Pay,5771.0
2023-11-11,Pos Settlement,999.42
2023-11-11,Google Pay,24114.0
2023-11-12,Google Pay,13535.0
2023-11-13,Pos Settlement,6393.0
2023-11-13,Google Pay,4010.0
2023-11-14,Pos Settlement,847.81
2023-11-14,Google Pay,1759.0
2023-11-15,Google Pay,3995.0
2023-11-16,Bundl Technologies Pvt Ltd,1392.06
2023-11-16,Bundl Technologies Pvt Ltd Nodal Ac,3465.02
2023-11-16,Google Pay,5030.0
2023-11-17,Google Pay,7433.0
2023-11-18,Shajahan Pookodan,435.0
2023-11-18,Google Pay,12436.0
2023-11-19,Google Pay,5626.0
2023-11-20,Pos Settlement,2399.93
2023-11-20,Google Pay,4378.0
2023-11-22,Google Pay,5136.0
2023-11-22,Bundl Technologies Pvt Ltd,931.87
2023-11-22,Bundl Technologies Pvt Ltd Nodal Ac,5993.65
2023-11-22,Google Pay,3763.0
2023-11-23,Pos Settlement,1085.21
2023-11-23,Google Pay,6187.0
2023-11-24,Pos Settlement,2098.93
2023-11-24,Google Pay,7015.0
2023-11-25,Google Pay,7885.0
2023-11-26,Google Pay,12291.0
2023-11-27,Pos Settlement,2713.23
2023-11-28,Google Pay,5207.0
2023-11-28,Google Pay,4669.0
2023-11-29,Pos Settlement,479.9
2023-11-29,Bundl Technologies Pvt Ltd,613.57
2023-11-29,Bundl Technologies Pvt Ltd Nodal Ac,5288.29
2023-11-29,Google Pay,1125.0
2023-11-29,Google Pay,6770.0
2023-11-30,Google Pay,4221.0
2023-12-01,Google Pay,8404.0
2023-12-02,Pos Settlement,1073.25
2023-12-02,Google Pay,6580.0
2023-12-03,Google Pay,6796.0
2023-12-04,Pos Settlement,2078.5
2023-12-04,Google Pay,5627.0
2023-12-05,Bundl Technologies Pvt Ltd,1246.74
2023-12-05,Bundl Technologies Pvt Ltd Nodal Ac,3572.54
2023-12-05,Pos Settlement,1053.1
2023-12-05,Google Pay,6005.0
2023-12-06,Google Pay,7600.0
2023-12-07,Pos Settlement,1119.26
2023-12-07,Google Pay,9580.0
2023-12-08,Pos Settlement,1007.85
2023-12-08,Google Pay,5603.0
2023-12-09,Pos Settlement,446.0
2023-12-09,Google Pay,10689.0
2023-12-10,Google Pay,10433.0
2023-12-11,Pos Settlement,1485.56
2023-12-11,Google Pay,9035.0
2023-12-12,Google Pay,7294.0
2023-12-13,Pos Settlement,924.23
2023-12-13,Bundl Technologies Pvt Ltd,930.54
2023-12-13,Bundl Technologies Pvt Ltd Nodal Ac,6658.99
2023-12-13,Google Pay,9546.0
2023-12-14,Google Pay,7303.0
2023-12-15,Google Pay,8568.0
2023-12-16,Pos Settlement,1650.42
2023-12-16,Google Pay,14967.0
2023-12-17,Google Pay,16465.0
2023-12-18,Pos Settlement,1085.0
2023-12-18,Google Pay,4296.0
2023-12-19,Google Pay,3558.0
2023-12-20,Bundl Technologies Pvt Ltd,981.71
2023-12-20,Bundl Technologies Pvt Ltd Nodal Ac,6320.65
2023-12-20,Google Pay,5158.0
2023-12-21,Pos Settlement,1683.9
2023-12-21,Google Pay,2385.0
2023-12-22,Google Pay,7796.0
2023-12-23,Pos Settlement,6148.8
2023-12-23,Google Pay,11403.0
2023-12-24,Google Pay,7925.0
2023-12-25,Pos Settlement,2273.53
2023-12-25,Google Pay,17397.0
2023-12-26,Pos Settlement,4074.97
2023-12-27,Google Pay,12681.0
2023-12-27,Pos Settlement,972.15
2023-12-27,Bundl Technologies Pvt Ltd,1300.01
2023-12-27,Bundl Technologies Pvt Ltd Nodal Ac,5733.19
2023-12-27,Google Pay,7777.0
2023-12-28,Google Pay,3750.0
2023-12-29,Pos Settlement,598.29
2023-12-29,Google Pay,10971.0
2023-12-30,Pos Settlement,410.27
2023-12-30,Google Pay,12556.0
2023-12-31,Google Pay,18794.0
2025-01-01,Pos Settlement,1715.2
2025-01-01,Google Pay,14548.0
2025-01-02,Pos Settlement,2486.31
2025-01-02,Swiggy,10424.39
2025-01-02,Google Pay,8311.0
2025-01-03,Google Pay,10962.0
2025-01-04,Pos Settlement,541.09
2025-01-04,Swiggy,6960.99
2025-01-04,Google Pay,11026.0
2025-01-05,Google Pay,14502.0
2025-01-06,Pos Settlement,1613.89
2025-01-06,Google Pay,9160.0
2025-01-07,Pos Settlement,381.81
2025-01-07,Google Pay,4504.0
2025-01-08,Pos Settlement,371.62
2025-01-08,Swiggy,7276.36
2025-01-08,Google Pay,10472.0
2025-01-09,Pos Settlement,188.37
2025-01-09,Google Pay,6041.0
2025-01-10,Google Pay,5224.0
2025-01-11,Google Pay,12213.0
2025-01-12,Google Pay,9192.0
2025-01-13,Pos Settlement,404.33
2025-01-13,Google Pay,4106.0
2025-01-14,Pos Settlement,570.0
2025-01-14,Google Pay,7680.0
2025-01-15,Swiggy,7823.6
2025-01-15,Google Pay,2971.0
2025-01-16,Pos Settlement,107.36
2025-01-16,Google Pay,7717.0
2025-01-17,Google Pay,13680.0
2025-01-18,Pos Settlement,1562.18
2025-01-18,Google Pay,15153.0
2025-01-19,Google Pay,7953.0
2025-01-20,Pos Settlement,1940.01
2025-01-20,Google Pay,3457.0
2025-01-21,Pos Settlement,847.3
2025-01-21,Google Pay,9401.0
2025-01-22,Swiggy,8136.89
2025-01-22,Google Pay,9555.0
2025-01-23,Pos Settlement,1331.39
2025-01-23,Google Pay,8016.0
2025-01-24,Pos Settlement,1684.75
2025-01-24,Google Pay,7368.0
2025-01-25,Pos Settlement,582.67
2025-01-25,Google Pay,9082.0
2025-01-26,Google Pay,15757.0
2025-01-27,Pos Settlement,5185.0
2025-01-27,Google Pay,7913.0
2025-01-28,Google Pay,5177.0
2025-01-29,Pos Settlement,998.53
2025-01-29,Swiggy,6890.86
2025-01-29,Google Pay,2809.0
2025-01-30,Google Pay,6985.0
2025-01-31,Pos Settlement,846.31
2025-01-31,Google Pay,5415.0
2025-02-01,Pos Settlement,976.13
2025-02-01,Google Pay,10446.0
2025-02-02,Google Pay,6600.0
2025-02-03,Pos Settlement,1001.81
2025-02-03,Google Pay,9959.0
2025-02-04,Pos Settlement,840.5
2025-02-04,Google Pay,7210.0
2025-02-05,Swiggy,7740.0
2025-02-05,Google Pay,9270.0
2025-02-06,Pos Settlement,580.77
2025-02-06,Google Pay,10818.0
2025-02-08,Google Pay,12053.0
2025-02-09,Impsdap503902859074   08/02/25/,7609.0
2025-02-09,Google Pay,6377.0
2025-02-10,Pos Settlement,1882.04
2025-02-10,Google Pay,4870.0
2025-02-11,Google Pay,5877.0
2025-02-12,Pos Settlement,627.26
2025-02-12,Swiggy,12727.48
2025-02-12,Google Pay,4900.0
2025-02-13,Google Pay,6110.0
2025-02-14,Pos Settlement,627.07
2025-02-14,Google Pay,3213.0
2025-02-15,Pos Settlement,2359.54
2025-02-15,Google Pay,8763.0
2025-02-16,Google Pay,7134.0
2025-02-17,Pos Settlement,92.31
2025-02-17,Google Pay,10386.0
2025-02-18,Google Pay,5770.0
2025-02-19,Pos Settlement,863.63
2025-02-19,Google Pay,12464.0
2025-02-19,Swiggy,9907.28
2025-02-20,Google Pay,2790.0
2025-02-21,Google Pay,9238.0
2025-02-22,Google Pay,13759.0
2025-02-23,Google Pay,12158.0
2025-02-24,Pos Settlement,935.73
2025-02-24,Google Pay,4465.0
2025-02-25,Pos Settlement,1336.93
2025-02-25,Google Pay,6899.0
2025-02-26,Swiggy,7234.72
2025-02-26,Google Pay,3653.0
2025-02-27,Google Pay,10019.0
2025-02-28,Pos Settlement,284.7
2025-02-28,Google Pay,4225.0
2025-03-01,Pos Settlement,728.0
2025-03-01,Google Pay,13746.0
2025-03-02,Google Pay,8594.0
2025-03-03,Pos Settlement,441.27
2025-03-03,Google Pay,8075.0
2025-03-04,Pos Settlement,1189.38
2025-03-04,Google Pay,4234.0
2025-03-05,Swiggy,9222.45
2025-03-05,Google Pay,4012.0
2025-03-06,Google Pay,3237.0
2025-03-07,Google Pay,4587.0
2025-03-08,Pos Settlement,344.95
2025-03-08,Google Pay,7614.0
2025-03-09,Google Pay,8156.0
2025-03-10,Pos Settlement,2293.16
2025-03-10,Google Pay,6452.0
2025-03-11,Pos Settlement,1410.88
2025-03-11,Google Pay,4406.0
2025-03-12,Swiggy,11816.45
2025-03-12,Google Pay,1797.0
2025-03-13,Google Pay,7049.0
2025-03-14,Pos Settlement,485.66
2025-03-14,Google Pay,5189.0
2025-03-15,Pos Settlement,1232.09
2025-03-15,Google Pay,7596.0
2025-03-16,Google Pay,7860.0
2025-03-17,Pos Settlement,1216.03
2025-03-17,Google Pay,1263.0
2025-03-18,Google Pay,5065.0
2025-03-19,Swiggy,8267.54
2025-03-19,Google Pay,6820.0
2025-03-20,Google Pay,10023.0
2025-03-21,Google Pay,6221.0
2025-03-22,Google Pay,7529.0
2025-03-23,Google Pay,5587.0
2025-03-24,Pos Settlement,1608.43
2025-03-24,Refund 23-03-2025 80819384 Ibi/,798.0
2025-03-24,Google Pay,7060.0
2025-03-25,Google Pay,5539.0
2025-03-26,Pos Settlement,1941.97
2025-03-26,Swiggy,9835.37
2025-03-26,Google Pay,3482.0
2025-03-27,Google Pay,5014.0
2025-03-28,Google Pay,6256.0
2025-03-29,Google Pay,9532.0
2025-03-30,Google Pay,16237.0
2025-03-31,Pos Settlement,570.37
2025-03-31,Google Pay,15838.0
2025-04-01,Pos Settlement,320.55
2025-04-01,Google Pay,14580.0
2025-04-02,Pos Settlement,392.0
2025-04-02,Google Pay,13501.0
2025-04-03,Pos Settlement,2147.61
2025-04-03,Google Pay,9058.0
2025-04-04,Pos Settlement,721.68
2025-04-04,Swiggy,14086.97
2025-04-04,Google Pay,8045.0
2025-04-05,Google Pay,10256.0
2025-04-06,Google Pay,7319.0
2025-04-07,Pos Settlement,151.0
2025-04-07,Google Pay,8041.0
2025-04-08,Pos Settlement,905.0
2025-04-08,Google Pay,7360.0
2025-04-09,Pos Settlement,962.66
2025-04-09,Swiggy,7898.0
2025-04-09,Google Pay,5388.0
2025-04-10,Google Pay,6786.0
2025-04-11,Google Pay,12825.0
2025-04-12,Google Pay,13381.0
2025-04-13,Google Pay,14309.0
2025-04-14,Pos Settlement,2207.19
2025-04-14,Google Pay,12524.0
2025-04-15,Pos Settlement,3001.41
2025-04-15,Google Pay,13611.0
2025-04-15,Swiggy,13041.72
2025-04-16,Google Pay,9690.0
2025-04-17,Google Pay,13451.0
2025-04-18,Pos Settlement,1148.0
2025-04-18,Google Pay,12736.0
2025-04-19,Google Pay,8511.0
2025-04-20,Google Pay,14728.0
2025-04-21,Google Pay,5741.0
2025-04-22,Google Pay,4916.0
2025-04-23,Swiggy,11825.08
2025-04-23,Google Pay,5765.0
2025-04-24,Pos Settlement,500.0
2025-04-24,Google Pay,6757.0
2025-04-25,Pos Settlement,704.47
2025-04-25,Google Pay,7332.0
2025-04-26,Google Pay,9636.0
2025-04-27,Google Pay,15214.0
2025-04-28,Pos Settlement,2988.56
2025-04-28,Google Pay,10458.0
2025-04-29,Google Pay,9885.0
2025-04-30,Swiggy,14679.71
2025-04-30,Google Pay,10197.0
2025-05-01,Google Pay,10052.0
2025-05-02,Google Pay,11943.0
2025-05-03,Google Pay,19485.0
2025-05-04,Google Pay,9461.0
2025-05-05,Pos Settlement,5848.16
2025-05-05,Swiggy,6465.43
2025-05-05,Google Pay,14829.0
2025-05-06,Pos Settlement,2516.66
2025-05-06,Google Pay,8917.0
2025-05-07,Pos Settlement,1081.48
2025-05-07,Swiggy,7564.81
2025-05-07,Google Pay,10494.0
2025-05-08,Pos Settlement,1406.9
2025-05-08,Google Pay,8407.0
2025-05-09,Google Pay,9694.0
2025-05-10,Pos Settlement,277.0
2025-05-10,Google Pay,14490.0
2025-05-11,Google Pay,9197.0
2025-05-12,Pos Settlement,2381.68
2025-05-12,Google Pay,10146.0
2025-05-13,Google Pay,11280.0
2025-05-14,Swiggy,11342.16
2025-05-14,Google Pay,12390.0
2025-05-15,Google Pay,9116.0
2025-05-16,Pos Settlement,2387.37
2025-05-16,Google Pay,5606.0
2025-05-17,Pos Settlement,324.54
2025-05-17,Google Pay,7811.0
2025-05-18,Google Pay,9101.0
2025-05-19,Pos Settlement,1902.85
2025-05-19,Google Pay,5148.0
2025-05-20,Pos Settlement,661.72
2025-05-20,Google Pay,3658.0
2025-05-21,Pos Settlement,3703.93
2025-05-21,Swiggy,11236.47
2025-05-21,Google Pay,11797.0
2025-05-22,Pos Settlement,763.75
2025-05-22,Google Pay,11300.0
2025-05-23,Google Pay,3394.0
2025-05-24,Google Pay,8968.0
2025-05-25,Google Pay,6985.0
2025-05-26,Pos Settlement,195.9
2025-05-26,Google Pay,5255.0
2025-05-27,Google Pay,5749.0
2025-05-28,Pos Settlement,110.0
2025-05-28,Swiggy,14007.59
2025-05-28,Google Pay,9486.0
2025-05-29,Google Pay,13633.0
2025-05-30,Pos Settlement,921.15
2025-05-30,Google Pay,10546.0
2025-05-31,Pos Settlement,1595.87
2025-05-31,Google Pay,11736.0
2025-06-01,Google Pay,9011.0
2025-06-02,Pos Settlement,493.7
2025-06-02,Google Pay,5769.0
2025-06-03,Google Pay,8247.0
2025-06-04,Pos Settlement,1294.28
2025-06-04,Swiggy,15018.6
2025-06-04,Google Pay,6818.0
2025-06-05,Pos Settlement,1833.56
2025-06-05,Google Pay,5559.0
2025-06-06,Google Pay,8729.0
2025-06-07,Pos Settlement,327.48
2025-06-07,Google Pay,17303.0
2025-06-08,Google Pay,9061.0
2025-06-09,Pos Settlement,4422.11
2025-06-09,Google Pay,5490.0
2025-06-10,Google Pay,12748.0
2025-06-11,Pos Settlement,2153.25
2025-06-11,Swiggy,6271.0
2025-06-11,Google Pay,10191.0
2025-06-12,Google Pay,12130.0
2025-06-13,Google Pay,8139.0
2025-06-14,Pos Settlement,325.73
2025-06-14,Google Pay,8937.0
2025-06-15,Google Pay,8877.0
2025-06-16,Pos Settlement,578.15
2025-06-16,Pos Settlement,500.29
2025-06-16,Google Pay,9901.0
2025-06-17,Google Pay,5956.0
2025-06-18,Swiggy,11401.27
2025-06-18,Google Pay,6826.0
2025-06-19,Google Pay,1996.0
2025-06-20,Google Pay,7633.0
2025-06-21,Abdul Latheef Koorik,889.0
2025-06-21,Google Pay,12256.0
2025-06-22,Google Pay,9112.0
2025-06-23,Pos Settlement,967.78
2025-06-23,Google Pay,3645.0
2025-06-24,Google Pay,8907.0
2025-06-25,Swiggy,12330.23
2025-06-25,Google Pay,5879.0
2025-06-26,Pos Settlement,534.27
2025-06-26,Google Pay,756.0
2025-06-26,Google Pay,7380.0
2025-06-27,Pos Settlement,350.24
2025-06-27,Google Pay,4717.0
2025-06-28,Google Pay,12205.0
2025-06-29,Google Pay,11322.0
2025-06-30,Pos Settlement,612.16
2025-06-30,Google Pay,5300.0
2025-07-01,Google Pay,7328.0
2025-07-02,Pos Settlement,1698.76
2025-07-02,Google Pay,8801.0
2025-07-03,Pos Settlement,1374.25
2025-07-03,Google Pay,10953.0
2025-07-04,Swiggy,14022.76
2025-07-04,Google Pay,8049.0
2025-07-05,Pos Settlement,795.8
2025-07-05,Google Pay,17199.0
2025-07-06,Google Pay,13535.0
2025-07-07,Pos Settlement,2753.27
2025-07-07,Google Pay,6695.0
2025-07-08,Google Pay,10692.0
2025-07-09,Pos Settlement,1359.38
2025-07-09,Swiggy,6212.46
2025-07-10,Google Pay,9164.0
2025-07-11,Pos Settlement,629.25
2025-07-11,Google Pay,17469.0
2025-07-12,Google Pay,5752.0
2025-07-13,Google Pay,5837.0
2025-07-14,Pos Settlement,3226.59
2025-07-14,Google Pay,6706.0
2025-07-15,Pos Settlement,369.04
2025-07-15,Google Pay,8351.0
2025-07-16,Swiggy,10054.69
2025-07-16,Google Pay,12172.0
2025-07-17,Google Pay,6323.0
2025-07-18,Google Pay,12554.0
2025-07-19,Google Pay,12376.0
2025-07-20,Google Pay,14694.0
2025-07-21,Pos Settlement,4115.23
2025-07-21,Google Pay,3363.0
2025-07-22,Google Pay,7141.0
2025-07-23,Swiggy,14599.32
2025-07-23,Google Pay,9000.0
2025-07-24,Pos Settlement,643.25
2025-07-24,Google Pay,11309.0
2025-07-25,Google Pay,7317.0
2025-07-26,Google Pay,7987.0
2025-07-27,Google Pay,13561.0
2025-07-28,Pos Settlement,1035.88
2025-07-28,Google Pay,8926.0
2025-07-29,Google Pay,8306.0
2025-07-29,Google Pay,277.0
2025-07-30,Swiggy,14192.71
2025-07-30,Google Pay,4537.0
2025-07-31,Pos Settlement,1354.46
2025-07-31,Google Pay,6707.0
2025-08-01,Google Pay,4590.0
2025-08-02,Pos Settlement,1928.62
2025-08-02,Google Pay,15178.0
2025-08-03,Google Pay,12560.0
2025-08-04,Pos Settlement,3266.18
2025-08-04,Swiggy,7828.81
2025-08-04,Google Pay,9896.0
2025-08-05,Google Pay,6318.0
2025-08-06,Google Pay,6643.0
2025-08-07,Pos Settlement,963.65
2025-08-07,Google Pay,7957.0
2025-08-08,Google Pay,11123.0
2025-08-09,Google Pay,14321.0
2025-08-10,Google Pay,14428.0
2025-08-11,Pos Settlement,2227.57
2025-08-11,Google Pay,6489.0
2025-08-12,Google Pay,8773.0
2025-08-13,Swiggy,7514.19
2025-08-13,Google Pay,10711.0
2025-08-14,Pos Settlement,305.1
2025-08-14,Google Pay,7728.0
2025-08-15,Google Pay,13774.0
2025-08-16,Pos Settlement,1104.8
2025-08-16,Google Pay,14806.0
2025-08-17,Google Pay,9602.0
2025-08-18,Pos Settlement,1714.04
2025-08-19,Google Pay,11516.0
2025-08-19,Google Pay,11511.0
2025-08-20,Swiggy,9083.94
2025-08-20,Google Pay,8905.0
2025-08-21,Google Pay,10045.0
2025-08-22,Google Pay,2355.0
2025-08-23,Google Pay,11907.0
2025-08-24,Google Pay,6476.0
2025-08-25,Pos Settlement,1425.47
2025-08-25,Google Pay,8521.0
2025-08-26,Pos Settlement,336.21
2025-08-26,Google Pay,12959.0
2025-08-27,Swiggy,18687.49
2025-08-27,Google Pay,8673.0
2025-08-28,Pos Settlement,682.12
2025-08-28,Google Pay,8647.0
2025-08-29,Google Pay,14780.0
2025-08-30,Google Pay,10434.0
2025-08-31,Google Pay,14846.0
2025-09-01,Google Pay,5544.0
2025-09-02,Google Pay,11231.0
2025-09-03,Google Pay,12511.0
2025-09-04,Pos Settlement,2975.29
2025-09-04,Google Pay,10620.0
2025-09-04,Swiggy,12854.74
2025-09-05,Pos Settlement,1203.11
2025-09-05,Google Pay,11481.0
2025-09-06,Pos Settlement,2739.48
2025-09-06,Google Pay,23528.0
2025-09-07,Google Pay,12267.0
2025-09-08,Pos Settlement,444.06
2025-09-08,Google Pay,7665.0
2025-09-09,Pos Settlement,1722.79
2025-09-09,Google Pay,7244.0
2025-09-10,Pos Settlement,1383.34
2025-09-10,Swiggy,15731.36
2025-09-10,Google Pay,10415.0
2025-09-11,Google Pay,10812.0
2025-09-12,Google Pay,3577.0
2025-09-13,Google Pay,15740.0
2025-09-14,Google Pay,14481.0
2025-09-15,Google Pay,9172.0
2025-09-16,Upi/Utib/530268112595/Google India Digital Service/Axi0143190F598D4A3Cbccde6Ee7527Fb7F/Goog-Payments@,125.0
2025-09-16,Google Pay,9039.0
2025-09-17,Pos Settlement,1932.0
2025-09-17,Swiggy,9214.66
2025-09-17,Google Pay,2146.0
2025-09-18,Pos Settlement,683.63
2025-09-18,Google Pay,4116.0
2025-09-19,Google Pay,12946.0
2025-09-20,Google Pay,10086.0
2025-09-21,Google Pay,8796.0
2025-09-22,Pos Settlement,2718.45
2025-09-22,Google Pay,5026.0
2025-09-23,Pos Settlement,504.3
2025-09-23,Google Pay,6016.0
2025-09-24,Swiggy,9536.46
2025-09-24,Google Pay,5655.0
2025-09-25,Pos Settlement,1327.75
2025-09-25,Google Pay,7451.0
2025-09-26,Pos Settlement,566.49
2025-09-26,Google Pay,11211.0
2025-09-27,Google Pay,9372.0
2025-09-28,Google Pay,10183.0
2025-09-29,Pos Settlement,7059.21
2025-09-29,Google Pay,7693.0
2025-09-30,Google Pay,19392.0
2025-10-01,Pos Settlement,900.13
2025-10-01,Swiggy,6032.01
2025-10-01,Google Pay,11135.0
2025-10-02,Pos Settlement,4769.63
2025-10-02,Google Pay,10724.0
2025-10-03,Pos Settlement,1399.13
2025-10-03,Google Pay,8026.0
2025-10-03,Swiggy,6658.39
2025-10-04,Google Pay,11781.0
2025-10-05,Google Pay,16807.0
2025-10-06,Pos Settlement,5348.06
2025-10-06,Google Pay,6797.0
2025-10-07,Google Pay,7000.0
2025-10-08,Swiggy,8705.55
2025-10-08,Google Pay,8440.0
2025-10-09,Google Pay,10583.0
2025-10-10,Google Pay,6917.0
2025-10-11,Pos Settlement,484.86
2025-10-11,Google Pay,9071.0
2025-10-12,Google Pay,9813.0
2025-10-13,Pos Settlement,581.23
2025-10-13,Google Pay,4819.0
2025-10-14,Google Pay,8861.0
2025-10-15,Swiggy,9020.01
2025-10-15,Google Pay,9628.0
2025-10-16,Google Pay,6654.0
2025-10-17,Google Pay,7805.0
2025-10-18,Pos Settlement,406.0
2025-10-18,Google Pay,10633.0
2025-10-19,Google Pay,4789.0
2025-10-20,Pos Settlement,5551.94
2025-10-20,Google Pay,7241.0
2025-10-21,Pos Settlement,1634.45
2025-10-21,Google Pay,13140.0
2025-10-22,Swiggy,8462.38
2025-10-22,Google Pay,12117.0
2025-10-23,Google Pay,7945.0
2025-10-24,Pos Settlement,193.09
2025-10-24,Shajahan Pookodan,1121.0
2025-10-24,Google Pay,10637.0
2025-10-25,Google Pay,12463.0
2025-10-26,Google Pay,8695.0
2025-10-27,Pos Settlement,5092.57
2025-10-27,Google Pay,7146.0
2025-10-28,Google Pay,8165.0
2025-10-29,Pos Settlement,1231.77
2025-10-29,Swiggy,9146.64
2025-10-29,Google Pay,10217.0
2025-10-30,Google Pay,12001.0
2025-10-31,Google Pay,7533.0
2025-11-01,Google Pay,7122.0
2025-11-02,Google Pay,11637.0
2025-11-03,Pos Settlement,1486.13
2025-11-03,Google Pay,9600.0
2025-11-04,Google Pay,5682.0
2025-11-05,Pos Settlement,701.18
2025-11-05,Swiggy,8350.07
2025-11-05,Google Pay,4756.0
2025-11-06,Google Pay,5830.0
2025-11-07,Google Pay,6956.0
2025-11-08,Google Pay,12789.0
2025-11-09,Google Pay,9843.0
2025-11-10,Pos Settlement,1792.74
2025-11-10,Google Pay,4499.0
2025-11-11,Google Pay,11273.0
2025-11-12,Swiggy,10793.27
2025-11-12,Google Pay,8040.0
2025-11-13,Google Pay,10760.0
2025-11-14,Google Pay,5968.0
2025-11-15,Pos Settlement,686.98
2025-11-15,Google Pay,8096.0
2025-11-16,Google Pay,14689.0
2025-11-17,Pos Settlement,336.21
2025-11-17,Google Pay,9426.0
2025-11-18,Google Pay,6064.0
2025-11-19,Swiggy,7490.83
2025-11-19,Google Pay,36183.0
2025-11-20,Pos Settlement,1436.13
2025-11-20,Google Pay,8658.0
2025-11-21,Pos Settlement,429.0
2025-11-21,Google Pay,8078.0
2025-11-22,Pos Settlement,638.39
2025-11-22,Google Pay,12340.0
2025-11-23,Google Pay,10954.0
2025-11-24,Pos Settlement,869.53
2025-11-24,Google Pay,6329.0
2025-11-25,Refund 10-11-2025 85196086 Tec/,2270.0
2025-11-25,Google Pay,4253.0
2025-11-26,Swiggy,8640.23
2025-11-26,Google Pay,13109.0
2025-11-27,Pos Settlement,881.31
2025-11-27,Google Pay,9866.0
2025-11-28,Google Pay,7945.0
2025-11-29,Google Pay,7705.0
2025-11-30,Google Pay,12243.0
2025-12-01,Pos Settlement,1250.02
2025-12-01,Google Pay,5034.0
2025-12-02,Upi/Utib/663570953365/Google India Digital Service/Axibf07Dbeca45A4F808A0F616C368A79A0/Goog-Payments@,125.0
2025-12-02,Google Pay,9676.0
2025-12-03,Pos Settlement,1036.59
2025-12-03,Google Pay,11507.0
2025-12-04,Pos Settlement,1445.41
2025-12-04,Swiggy,9247.88
2025-12-04,Google Pay,7695.0
2025-12-05,Google Pay,10474.0
2025-12-06,Pos Settlement,1038.85
2025-12-06,Google Pay,7335.0
2025-12-07,Google Pay,5271.0
2025-12-08,Google Pay,10904.0
2025-12-09,Pos Settlement,583.01
2025-12-09,Google Pay,6000.0
2025-12-10,Swiggy,5185.55
2025-12-10,Google Pay,11473.0
2025-12-11,Pos Settlement,2013.39
2025-12-11,Google Pay,10714.0
2025-12-12,Google Pay,10596.0
2025-12-13,Pos Settlement,833.7
2025-12-13,Google Pay,18053.0
2025-12-14,Google Pay,11482.0
2025-12-15,Pos Settlement,2795.6
2025-12-15,Google Pay,8050.0
2025-12-16,Google Pay,6701.0
2025-12-17,Swiggy,7906.78
2025-12-17,Google Pay,3622.0
2025-12-18,Google Pay,4995.0
2025-12-19,Pos Settlement,522.77
2025-12-19,Google Pay,8825.0
2025-12-20,Pos Settlement,351.75
2025-12-20,Google Pay,9868.0
2025-12-21,Google Pay,15327.0
2025-12-22,Pos Settlement,2067.01
2025-12-22,Google Pay,7853.0
2025-12-23,Pos Settlement,1234.75
2025-12-23,Google Pay,11208.0
2025-12-24,Pos Settlement,551.97
2025-12-24,Swiggy,14503.62
2025-12-24,Google Pay,17481.0
2025-12-25,Pos Settlement,987.23
2025-12-25,Google Pay,20861.0
2025-12-26,Pos Settlement,1623.6
2025-12-26,Google Pay,10757.0
2025-12-27,Pos Settlement,1126.17
2025-12-27,Upi/Utib/924596173615/Google India Digital Service/Axi83D61A4E2F2F431C8Beba9Ebd5Db71D3/Goog-Payments@,125.0
2025-12-27,Google Pay,14023.0
2025-12-28,Google Pay,14171.0
2025-12-29,Pos Settlement,1472.09
2025-12-29,Google Pay,13961.0
2025-12-30,Pos Settlement,1783.92
2025-12-30,Google Pay,13426.0
2025-12-31,Pos Settlement,4375.78
2025-12-31,Google Pay,18913.0
2026-01-01,Swiggy,13398.66
2026-01-01,Pos Settlement,917.26
2026-01-01,Google Pay,20651.0
2026-01-02,Google Pay,11042.0
2026-01-03,Swiggy,11548.06
2026-01-03,Google Pay,11385.0
2026-01-04,Google Pay,15535.0
2026-01-05,Google Pay,5441.0
2026-01-06,Google Pay,7808.0
2026-01-07,Pos Settlement,765.67
2026-01-07,Swiggy,4942.97
2026-01-07,Google Pay,12731.0
2026-01-08,Pos Settlement,92.31
2026-01-08,Google Pay,5483.0
2026-01-09,Google Pay,12224.0
2026-01-10,Pos Settlement,1028.04
2026-01-10,Google Pay,15510.0
2026-01-11,Google Pay,10291.0
2026-01-12,Pos Settlement,1016.47
2026-01-12,Google Pay,9845.0
2026-01-13,Google Pay,7138.0
2026-01-14,Swiggy,12475.78
2026-01-14,Shajahan Pookodan,499.0
2026-01-14,Google Pay,7404.0
2026-01-15,Google Pay,13441.0
2026-01-16,Google Pay,5862.0
2026-01-17,Google Pay,10393.0
2026-01-18,Google Pay,10402.0
2026-01-19,Pos Settlement,4102.17
2026-01-19,Google Pay,7127.0
2026-01-20,Pos Settlement,1204.88
2026-01-20,Google Pay,12819.0
2026-01-21,Swiggy,8432.86
2026-01-21,Google Pay,8478.0
2026-01-22,Google Pay,6616.0
2026-01-24,Google Pay,8804.0
2026-01-24,Google Pay,14939.0
2026-01-25,Upi/Utib/974093880256/Google India Digital Service/Axi679B955D5747479Fbb628300E7Cdda63/Goog-Payments@,125.0
2026-01-25,Google Pay,15099.0
2026-01-26,Pos Settlement,4465.06
2026-01-27,Google Pay,9392.0
2026-01-28,Google Pay,3751.0
2026-01-28,Pos Settlement,345.92
2026-01-28,Swiggy,7919.79
2026-01-28,Google Pay,7969.0
2026-01-29,Pos Settlement,1068.53
2026-01-29,Google Pay,11962.0
2026-01-30,Pos Settlement,2504.63
2026-01-30,Google Pay,5525.0
2026-01-31,Pos Settlement,493.7
2026-01-31,Google Pay,10017.0
2026-02-01,Google Pay,11365.0
2026-02-17,Google Pay,5991.0
2026-02-18,Swiggy,9537.0
2026-02-18,Google Pay,10556.0
2026-02-19,Google Pay,5475.0
2026-02-20,Google Pay,9171.0
2026-02-21,Pos Settlement,2626.0
2026-02-21,Google Pay,11558.0
2026-02-22,Google Pay,13809.0
2026-02-23,Google Pay,5902.0
2026-02-24,Google Pay,6254.0
2026-02-25,Swiggy,9811.0
2026-02-25,Google Pay,2589.0
2026-02-26,Google Pay,4597.0
2026-02-27,Pos Settlement,1261.0
2026-02-27,Google Pay,9558.0
2026-02-28,Google Pay,8705.0
