Date,Item,Opening_stock,Closing_stock,Actual,Expected,Difference
2026-02-26,cheese,25250.0,24000.0,1250.0,1205.0,45.0
2026-02-25,cheese,26600.0,25250.0,1350.0,1290.0,60.0
2026-02-25,cheese,26600.0,25250.0,1350.0,1290.0,60.0
2026-02-25,cheese,26600.0,25250.0,1350.0,1290.0,60.0
2026-02-25,cheese,26600.0,25250.0,1350.0,1290.0,60.0
2026-02-25,cheese,26600.0,25250.0,1350.0,1290.0,60.0
2026-02-24,cheese,27400.0,26600.0,800.0,785.0,15.0
2026-02-23,cheese,16500.0,15400.0,1100.0,1105.0,-5.0
2026-02-22,cheese,18700.0,16500.0,2200.0,2183.0,17.0
2026-02-22,cheese,18700.0,16500.0,2200.0,2183.0,17.0
2026-02-21,cheese,20850.0,18700.0,2150.0,2104.0,46.0
2026-02-20,cheese,22770.0,20850.0,1920.0,1870.0,50.0
2026-02-19,cheese,23700.0,22770.0,930.0,898.0,32.0
2026-02-18,cheese,25200.0,23700.0,1500.0,1465.0,35.0
2026-02-17,cheese,26800.0,25200.0,1600.0,1580.0,20.0
2026-02-16,cheese,16860.0,14800.0,2060.0,2028.0,32.0
2026-02-15,cheese,19500.0,16860.0,2640.0,2560.0,80.0
2026-02-14,cheese,22100.0,19500.0,2600.0,2605.0,-5.0
2026-02-13,cheese,23850.0,22100.0,1750.0,1705.0,45.0
2026-02-12,cheese,24900.0,23850.0,1050.0,1005.0,45.0
2026-02-11,cheese,25800.0,24900.0,900.0,885.0,15.0
2026-02-10,cheese,28300.0,25800.0,2500.0,2490.0,10.0
2026-02-10,cheese,28300.0,25800.0,2500.0,2490.0,10.0
2026-02-09,cheese,18400.0,16300.0,2100.0,2050.0,50.0
2026-02-08,cheese,20450.0,18400.0,2050.0,2058.0,-8.0
2026-02-07,cheese,22800.0,20450.0,2350.0,2300.0,50.0
2026-02-06,cheese,23900.0,22800.0,1100.0,1070.0,30.0
2026-02-05,cheese,26400.0,23900.0,2500.0,2470.0,30.0
2026-02-04,cheese,27700.0,26400.0,1300.0,1270.0,30.0
2026-02-03,cheese,29250.0,27700.0,1550.0,1560.0,-10.0
2026-02-03,cheese,29250.0,27700.0,1550.0,1560.0,-10.0
2026-02-02,cheese,18750.0,17250.0,1500.0,1513.0,-13.0
2026-02-01,cheese,21000.0,18750.0,2250.0,2100.0,150.0
2026-01-31,cheese,22550.0,21000.0,1550.0,1500.0,50.0
2026-01-30,cheese,24700.0,22550.0,2150.0,2115.0,35.0
2026-01-29,cheese,26950.0,24700.0,2250.0,2285.0,-35.0
2026-01-28,cheese,28550.0,26900.0,1650.0,1570.0,80.0
2026-01-28,cheese,28550.0,26950.0,1600.0,1570.0,30.0
2026-01-28,cheese,28550.0,26950.0,1600.0,1570.0,30.0
2026-01-27,cheese,29600.0,28550.0,1050.0,1020.0,30.0
2026-01-26,cheese,19700.0,17600.0,2100.0,2080.0,20.0
2026-01-25,cheese,22700.0,19700.0,3000.0,2965.0,35.0
2026-01-24,cheese,25550.0,22700.0,2850.0,2841.0,9.0
2026-01-23,cheese,26800.0,25550.0,1250.0,1225.0,25.0
2026-01-22,cheese,28300.0,26800.0,1500.0,1453.0,47.0
2026-01-21,cheese,30300.0,28300.0,2000.0,1940.0,60.0
2026-01-20,cheese,32100.0,30300.0,1800.0,1790.0,10.0
2026-01-19,cheese,9550.0,8100.0,1450.0,1405.0,45.0
2026-01-18,cheese,12300.0,9550.0,2750.0,2800.0,-50.0
2026-01-17,cheese,14000.0,12300.0,1700.0,1660.0,40.0
2026-01-16,cheese,15350.0,14000.0,1350.0,1330.0,20.0
2026-01-15,cheese,17700.0,15350.0,2350.0,2335.0,15.0
2026-01-14,cheese,19050.0,17700.0,1350.0,1365.0,-15.0
2026-01-13,cheese,20500.0,19050.0,1450.0,1465.0,-15.0
2026-01-12,cheese,23000.0,20500.0,2500.0,2470.0,30.0
2026-01-11,cheese,24500.0,23000.0,1500.0,1440.0,60.0
2026-01-11,cheese,24500.0,23000.0,1500.0,1440.0,60.0
2026-01-10,cheese,27600.0,24500.0,3100.0,3065.0,35.0
2026-01-09,cheese,29550.0,27600.0,1950.0,1910.0,40.0
2026-01-08,cheese,30700.0,29550.0,1150.0,1145.0,5.0
2026-01-07,cheese,32600.0,30700.0,1900.0,1910.0,-10.0
2026-01-06,cheese,34650.0,32600.0,2050.0,2070.0,-20.0
2026-01-05,cheese,11800.0,10650.0,1150.0,1145.0,5.0
2026-01-04,cheese,14500.0,11800.0,2700.0,2693.0,7.0
2026-01-03,cheese,16700.0,14500.0,2200.0,2240.0,-40.0
2026-01-02,cheese,18600.0,16700.0,1900.0,1810.0,90.0
2026-01-01,cheese,11000.0,6600.0,4400.0,4740.0,-340.0
2025-12-31,cheese,15500.0,11000.0,4500.0,4605.0,-105.0
2025-12-30,cheese,19300.0,15500.0,3800.0,2985.0,815.0
2025-12-29,cheese,21480.0,19300.0,2180.0,2656.0,-476.0
2025-12-28,cheese,24350.0,21480.0,2870.0,3210.0,-340.0
2025-12-27,cheese,28200.0,24350.0,3850.0,3856.0,-6.0
2025-12-26,cheese,30350.0,28200.0,2150.0,2115.0,35.0
2025-12-25,cheese,33800.0,30350.0,3450.0,3415.0,35.0
2025-12-24,cheese,37100.0,33800.0,3300.0,3250.0,50.0
2025-12-23,cheese,39450.0,37100.0,2350.0,2345.0,5.0
2025-12-22,cheese,17500.0,15450.0,2050.0,2003.0,47.0
2025-12-21,cheese,21200.0,17500.0,3700.0,3645.0,55.0
2025-12-20,cheese,23100.0,21200.0,1900.0,1860.0,40.0
2025-12-19,cheese,24650.0,23100.0,1550.0,1525.0,25.0
2025-12-18,cheese,26250.0,24650.0,1600.0,1605.0,-5.0
2025-12-17,cheese,26800.0,26250.0,550.0,545.0,5.0
2025-12-16,cheese,28300.0,26800.0,1500.0,1470.0,30.0
2025-12-15,cheese,5800.0,4300.0,1500.0,1485.0,15.0
2025-12-14,cheese,8850.0,5800.0,3050.0,3025.0,25.0
2025-12-13,cheese,12400.0,8850.0,3550.0,3530.0,20.0
2025-12-12,cheese,13800.0,12400.0,1400.0,1420.0,-20.0
2025-12-11,cheese,15550.0,13800.0,1750.0,1768.0,-18.0
2025-12-10,cheese,17500.0,15550.0,1950.0,1955.0,-5.0
2025-12-09,cheese,18700.0,17500.0,1200.0,1178.0,22.0
2025-12-08,cheese,20800.0,18700.0,2100.0,2125.0,-25.0
2025-12-07,cheese,21900.0,20800.0,1100.0,1115.0,-15.0
2025-12-06,cheese,23900.0,21900.0,2000.0,1935.0,65.0
2025-12-05,cheese,25350.0,23900.0,1450.0,1420.0,30.0
2025-12-05,cheese,25350.0,23900.0,1450.0,1420.0,30.0
2025-12-04,cheese,26450.0,25350.0,1100.0,1085.0,15.0
2025-12-03,cheese,28700.0,26450.0,2250.0,2200.0,50.0
2025-12-02,cheese,30400.0,28700.0,1700.0,1655.0,45.0
2025-12-01,cheese,7400.0,6400.0,1000.0,965.0,35.0
2025-11-30,cheese,9850.0,7400.0,2450.0,2420.0,30.0
2025-11-29,cheese,12800.0,9850.0,2950.0,2930.0,20.0
2025-11-28,cheese,14250.0,12800.0,1450.0,1380.0,70.0
2025-11-27,cheese,16500.0,14250.0,2250.0,2210.0,40.0
2025-11-26,cheese,18950.0,16500.0,2450.0,2380.0,70.0
2025-11-25,cheese,20100.0,18950.0,1150.0,1136.0,14.0
2025-11-24,cheese,21500.0,20100.0,1400.0,1345.0,55.0
2025-11-23,cheese,23600.0,21500.0,2100.0,1985.0,115.0
2025-11-22,cheese,26050.0,23600.0,2450.0,2390.0,60.0
2025-11-21,cheese,28150.0,26050.0,2100.0,2035.0,65.0
2025-11-20,cheese,30100.0,28150.0,1950.0,1905.0,45.0
2025-11-19,cheese,47800.0,28100.0,19700.0,18405.0,1295.0
2025-11-18,cheese,49250.0,47800.0,1450.0,1345.0,105.0
2025-11-17,cheese,15000.0,13250.0,1750.0,1738.0,12.0
2025-11-16,cheese,17100.0,15000.0,2100.0,2155.0,-55.0
2025-11-15,cheese,18600.0,17100.0,1500.0,1465.0,35.0
2025-11-14,cheese,19450.0,18600.0,850.0,850.0,0.0
2025-11-14,cheese,19450.0,18600.0,850.0,850.0,0.0
2025-11-13,cheese,21300.0,19450.0,1850.0,1845.0,5.0
2025-11-12,cheese,22450.0,21300.0,1150.0,1135.0,15.0
2025-11-11,cheese,24300.0,22450.0,1850.0,1840.0,10.0
2025-11-10,cheese,25400.0,24300.0,1100.0,1105.0,-5.0
2025-11-09,cheese,28250.0,25400.0,2850.0,2858.0,-8.0
2025-11-08,cheese,30700.0,28250.0,2450.0,2465.0,-15.0
2025-11-07,cheese,32200.000000000004,30700.0,1500.0,1468.0,32.0
2025-11-06,cheese,33800.0,32200.000000000004,1600.0,1628.0,-28.0
2025-11-05,cheese,34700.0,33800.0,900.0,943.0,-43.0
2025-11-04,cheese,35800.0,34700.0,1100.0,1088.0,12.0
2025-11-04,cheese,35800.0,34700.0,1100.0,1088.0,12.0
2025-11-03,cheese,13450.0,11800.0,1650.0,1680.0,-30.0
2025-11-02,cheese,16250.0,13450.0,2800.0,2835.0,-35.0
2025-11-01,cheese,18000.0,16250.0,1750.0,1760.0,-10.0
2025-10-31,cheese,19300.0,18000.0,1300.0,1235.0,65.0
2025-10-30,cheese,21350.0,19300.0,2050.0,2080.0,-30.0
2025-10-29,cheese,23200.0,21350.0,1850.0,1810.0,40.0
2025-10-28,cheese,25000.0,23200.0,1800.0,1775.0,25.0
2025-10-28,cheese,25000.0,23200.0,1800.0,1775.0,25.0
2025-10-27,cheese,2900.0,1000.0,1900.0,1880.0,20.0
2025-10-26,cheese,5100.0,2900.0,2200.0,2213.0,-13.0
2025-10-25,cheese,8000.0,5100.0,2900.0,2850.0,50.0
2025-10-25,cheese,8000.0,5100.0,2900.0,2850.0,50.0
2025-10-24,cheese,10000.0,8000.0,2000.0,1943.0,57.0
2025-10-23,cheese,11500.0,10000.0,1500.0,1441.0,59.0
2025-10-22,cheese,14000.0,11500.0,2500.0,2435.0,65.0
2025-10-21,cheese,16500.0,14000.0,2500.0,2490.0,10.0
2025-10-20,cheese,18600.0,16500.0,2100.0,2105.0,-5.0
2025-10-20,cheese,18600.0,16500.0,2100.0,2105.0,-5.0
2025-10-19,cheese,20850.0,18600.0,2250.0,2215.0,35.0
2025-10-18,cheese,22450.0,20850.0,1600.0,1515.0,85.0
2025-10-17,cheese,23600.0,22450.0,1150.0,1100.0,50.0
2025-10-16,cheese,25100.0,23600.0,1500.0,1425.0,75.0
2025-10-15,cheese,26850.0,25100.0,1750.0,1695.0,55.0
2025-10-14,cheese,28450.0,26850.0,1600.0,1555.0,45.0
2025-10-13,cheese,17400.0,16450.0,950.0,900.0,50.0
2025-10-12,cheese,19600.0,17400.0,2200.0,2175.0,25.0
2025-10-11,cheese,21400.0,19600.0,1800.0,1725.0,75.0
2025-10-10,cheese,23100.0,21400.0,1700.0,1675.0,25.0
2025-10-09,cheese,25100.0,23100.0,2000.0,1963.0,37.0
2025-10-08,cheese,26900.0,25100.0,1800.0,1788.0,12.0
2025-10-07,cheese,28000.0,26900.0,1100.0,1060.0,40.0
2025-10-06,cheese,5000.0,4000.0,1000.0,990.0,10.0
2025-10-05,cheese,8250.0,5000.0,3250.0,3238.0,12.0
2025-10-04,cheese,10850.0,8250.0,2600.0,2595.0,5.0
2025-10-03,cheese,12750.0,10850.0,1900.0,1870.0,30.0
2025-10-02,cheese,15000.0,12750.0,2250.0,2265.0,-15.0
2025-10-01,cheese,17800.0,15000.0,2800.0,2818.0,-18.0
2025-09-30,cheese,21500.0,17800.0,3700.0,3735.0,-35.0
2025-09-29,cheese,11650.0,9500.0,2150.0,2170.0,-20.0
2025-09-28,cheese,14700.0,11650.0,3050.0,3065.0,-15.0
2025-09-27,cheese,17150.0,14700.0,2450.0,2458.0,-8.0
2025-09-26,cheese,19550.0,17150.0,2400.0,2390.0,10.0
2025-09-25,cheese,21000.0,19550.0,1450.0,1435.0,15.0
2025-09-24,cheese,22200.0,21000.0,1200.0,1150.0,50.0
2025-09-23,cheese,23050.0,22200.0,850.0,895.0,-45.0
2025-09-22,cheese,24300.0,23050.0,1250.0,1245.0,5.0
2025-09-21,cheese,26680.0,24300.0,2380.0,2415.0,-35.0
2025-09-20,cheese,28700.0,26680.0,2020.0,2035.0,-15.0
2025-09-19,cheese,30600.0,28700.0,1900.0,1913.0,-13.0
2025-09-18,cheese,32350.0,30600.0,1750.0,1780.0,-30.0
2025-09-17,cheese,33100.0,32350.0,750.0,760.0,-10.0
2025-09-16,cheese,34900.0,33100.0,1800.0,1780.0,20.0
2025-09-15,cheese,12550.0,10900.0,1650.0,1655.0,-5.0
2025-09-14,cheese,14940.0,12550.0,2390.0,2345.0,45.0
2025-09-13,cheese,18000.0,14940.0,3060.0,3000.0,60.0
2025-09-12,cheese,18800.0,18000.0,800.0,785.0,15.0
2025-09-11,cheese,20450.0,18800.0,1650.0,1655.0,-5.0
2025-09-10,cheese,23000.0,20450.0,2550.0,2360.0,190.0
2025-09-09,cheese,25400.0,23000.0,2400.0,2308.0,92.0
2025-09-08,cheese,2850.0,1400.0,1450.0,1360.0,90.0
2025-09-07,cheese,5300.0,2850.0,2450.0,2415.0,35.0
2025-09-06,cheese,10050.0,5300.0,4750.0,4653.0,97.0
2025-09-05,cheese,13550.0,10050.0,3500.0,3440.0,60.0
2025-09-04,cheese,16200.0,13550.0,2650.0,2613.0,37.0
2025-09-03,cheese,19550.0,16200.0,3350.0,3373.0,-23.0
2025-09-02,cheese,21700.0,19550.0,2150.0,2153.0,-3.0
2025-09-01,cheese,23650.0,21700.0,1950.0,1975.0,-25.0
2025-08-31,cheese,27400.0,23650.0,3750.0,3785.0,-35.0
2025-08-30,cheese,29100.0,27400.0,1700.0,1680.0,20.0
2025-08-29,cheese,31650.0,29100.0,2550.0,2508.0,42.0
2025-08-28,cheese,33430.0,31650.0,1780.0,1755.0,25.0
2025-08-27,cheese,35300.0,33430.0,1870.0,1846.0,24.0
2025-08-26,cheese,37600.0,35300.0,2300.0,2345.0,-45.0
2025-08-25,cheese,15400.0,13600.0,1800.0,1780.0,20.0
2025-08-24,cheese,16900.0,15400.0,1500.0,1425.0,75.0
2025-08-23,cheese,19450.0,16900.0,2550.0,2525.0,25.0
2025-08-22,cheese,21150.0,19450.0,1700.0,1650.0,50.0
2025-08-21,cheese,23280.0,21150.0,2130.0,2085.0,45.0
2025-08-20,cheese,24780.0,23280.0,1500.0,1530.0,-30.0
2025-08-19,cheese,27500.0,24780.0,2720.0,2740.0,-20.0
2025-08-18,cheese,17950.0,15500.0,2450.0,2460.0,-10.0
2025-08-17,cheese,20300.0,17950.0,2350.0,2313.0,37.0
2025-08-16,cheese,23200.0,20300.0,2900.0,2870.0,30.0
2025-08-15,cheese,26150.0,23200.0,2950.0,2890.0,60.0
2025-08-14,cheese,28225.0,26150.0,2075.0,2035.0,40.0
2025-08-13,cheese,30450.0,28225.0,2225.0,2175.0,50.0
2025-08-12,cheese,31850.0,30450.0,1400.0,1380.0,20.0
2025-08-11,cheese,21600.0,19850.0,1750.0,1728.0,22.0
2025-08-10,cheese,24500.0,21600.0,2900.0,2815.0,85.0
2025-08-09,cheese,28000.0,24500.0,3500.0,3493.0,7.0
2025-08-08,cheese,29500.0,28000.0,1500.0,1490.0,10.0
2025-08-07,cheese,31250.0,29500.0,1750.0,1735.0,15.0
2025-08-06,cheese,33350.0,31250.0,2100.0,2130.0,-30.0
2025-08-05,cheese,34900.0,33350.0,1550.0,1503.0,47.0
2025-08-04,cheese,13075.0,10900.0,2175.0,2200.0,-25.0
2025-08-03,cheese,14850.0,13075.0,1775.0,1800.0,-25.0
2025-08-02,cheese,18400.0,14850.0,3550.0,3595.0,-45.0
2025-08-01,cheese,19750.0,18400.0,1350.0,1335.0,15.0
2025-07-31,cheese,21150.0,19750.0,1400.0,1410.0,-10.0
2025-07-30,cheese,22300.0,21150.0,1150.0,1115.0,35.0
2025-07-29,cheese,24500.0,22300.0,2200.0,2160.0,40.0
2025-07-28,cheese,14800.0,12500.0,2300.0,965.0,1335.0
2025-07-27,cheese,16300.0,14800.0,1500.0,415.0,1085.0
2025-07-26,cheese,19700.0,16300.0,3400.0,1090.0,2310.0
2025-07-25,cheese,21050.0,19700.0,1350.0,1355.0,-5.0
2025-07-24,cheese,22900.0,21050.0,1850.0,1900.0,-50.0
2025-07-23,cheese,24480.0,22900.0,1580.0,1555.0,25.0
2025-07-22,cheese,26000.0,24480.0,1520.0,1555.0,-35.0
2025-07-21,cheese,15700.0,14000.0,1700.0,1750.0,-50.0
2025-07-20,cheese,19600.0,15700.0,3900.0,3920.0,-20.0
2025-07-19,cheese,22400.0,19600.0,2800.0,2766.0,34.0
2025-07-18,cheese,24700.0,22400.0,2300.0,2290.0,10.0
2025-07-17,cheese,26050.0,24700.0,1350.0,1348.0,2.0
2025-07-16,cheese,28400.0,26050.0,2350.0,2315.0,35.0
2025-07-15,cheese,30000.0,28400.0,1600.0,1570.0,30.0
2025-07-14,cheese,7950.0,6000.0,1950.0,1850.0,100.0
2025-07-13,cheese,9600.0,7950.0,1650.0,1645.0,5.0
2025-07-12,cheese,12100.0,9600.0,2500.0,2450.0,50.0
2025-07-11,cheese,16200.0,12100.0,4100.0,4058.0,42.0
2025-07-10,cheese,18350.0,16200.0,2150.0,2105.0,45.0
2025-07-09,cheese,18350.0,18350.0,0.0,0.0,0.0
2025-07-08,cheese,21200.0,18350.0,2850.0,2798.0,52.0
2025-07-07,cheese,22750.0,21200.0,1550.0,1505.0,45.0
2025-07-06,cheese,25300.0,22750.0,2550.0,2445.0,105.0
2025-07-05,cheese,28100.0,25300.0,2800.0,2798.0,2.0
2025-07-04,cheese,30000.0,28100.0,1900.0,1775.0,125.0
2025-07-03,cheese,32200.000000000004,30000.0,2200.0,2118.0,82.0
2025-07-02,cheese,34100.0,32200.000000000004,1900.0,1830.0,70.0
2025-07-01,cheese,35500.0,34100.0,1400.0,1360.0,40.0
2025-06-30,cheese,12350.0,11500.0,850.0,865.0,-15.0
2025-06-29,cheese,14700.0,12350.0,2350.0,2280.0,70.0
2025-06-28,cheese,17650.0,14700.0,2950.0,2935.0,15.0
2025-06-27,cheese,18700.0,17650.0,1050.0,990.0,60.0
2025-06-26,cheese,20400.0,18700.0,1700.0,1695.0,5.0
2025-06-25,cheese,21700.0,20400.0,1300.0,1260.0,40.0
2025-06-24,cheese,23550.0,21700.0,1850.0,1830.0,20.0
2025-06-23,cheese,24400.0,23550.0,850.0,800.0,50.0
2025-06-22,cheese,26750.0,24400.0,2350.0,2300.0,50.0
2025-06-21,cheese,29080.0,26750.0,2330.0,2355.0,-25.0
2025-06-20,cheese,30700.0,29080.0,1620.0,1675.0,-55.0
2025-06-19,cheese,31500.0,30700.0,800.0,775.0,25.0
2025-06-18,cheese,33100.0,31500.0,1600.0,1605.0,-5.0
2025-06-17,cheese,34270.0,33100.0,1170.0,1180.0,-10.0
2025-06-16,cheese,12550.0,10270.0,2280.0,2375.0,-95.0
2025-06-15,cheese,14500.0,12550.0,1950.0,1931.0,19.0
2025-06-14,cheese,16000.0,14500.0,1500.0,1525.0,-25.0
2025-06-14,cheese,16000.0,14500.0,1500.0,1525.0,-25.0
2025-06-14,cheese,16000.0,14500.0,1500.0,1525.0,-25.0
2025-06-13,cheese,17700.0,16000.0,1700.0,1665.0,35.0
2025-06-12,cheese,19500.0,17700.0,1800.0,1810.0,-10.0
2025-06-11,cheese,21350.0,19500.0,1850.0,1785.0,65.0
2025-06-10,cheese,23400.0,21350.0,2050.0,2040.0,10.0
2025-06-09,cheese,24900.0,23400.0,1500.0,1480.0,20.0
2025-06-08,cheese,27000.0,24900.0,2100.0,2105.0,-5.0
2025-06-07,cheese,30650.0,27000.0,3650.0,3745.0,-95.0
2025-06-06,cheese,32299.999999999996,30650.0,1650.0,1630.0,20.0
2025-06-05,cheese,33650.0,32299.999999999996,1350.0,1200.0,150.0
2025-06-04,cheese,35100.0,33650.0,1450.0,1390.0,60.0
2025-06-03,cheese,36900.0,35100.0,1800.0,1745.0,55.0
2025-06-02,cheese,13950.0,12900.0,1050.0,980.0,70.0
2025-06-01,cheese,16149.999999999998,13950.0,2200.0,2170.0,30.0
2025-05-31,cheese,18650.0,16149.999999999998,2500.0,2430.0,70.0
2025-05-30,cheese,21180.0,18650.0,2530.0,2525.0,5.0
2025-05-29,cheese,23600.0,21180.0,2420.0,2380.0,40.0
2025-05-28,cheese,25300.0,23600.0,1700.0,1685.0,15.0
2025-05-27,cheese,26750.0,25300.0,1450.0,1395.0,55.0
2025-05-26,cheese,16300.0,14750.0,1550.0,1485.0,65.0
2025-05-25,cheese,18300.0,16300.0,2000.0,1950.0,50.0
2025-05-24,cheese,20100.0,18300.0,1800.0,1780.0,20.0
2025-05-23,cheese,21800.0,20100.0,1700.0,1670.0,30.0
2025-05-22,cheese,24700.0,21800.0,2900.0,2910.0,-10.0
2025-05-21,cheese,27470.0,24700.0,2770.0,2830.0,-60.0
2025-05-20,cheese,29100.0,27470.0,1630.0,1660.0,-30.0
2025-05-19,cheese,20650.0,19100.0,1550.0,1558.0,-8.0
2025-05-18,cheese,22750.0,20650.0,2100.0,2100.0,0.0
2025-05-17,cheese,24450.0,22750.0,1700.0,1660.0,40.0
2025-05-16,cheese,25975.0,24450.0,1525.0,1470.0,55.0
2025-05-15,cheese,28550.0,26000.0,2550.0,2625.0,-75.0
2025-05-15,cheese,28550.0,25975.0,2575.0,2625.0,-50.0
2025-05-14,cheese,31000.0,28550.0,2450.0,2415.0,35.0
2025-05-13,cheese,33950.0,31000.0,2950.0,3005.0,-55.0
2025-05-12,cheese,35430.0,33950.0,1480.0,1550.0,-70.0
2025-05-11,cheese,37450.0,35430.0,2020.0,2000.0,20.0
2025-05-10,cheese,40350.0,37450.0,2900.0,2948.0,-48.0
2025-05-09,cheese,42700.0,40350.0,2350.0,2405.0,-55.0
2025-05-08,cheese,44500.0,42700.0,1800.0,1885.0,-85.0
2025-05-07,cheese,46750.0,44500.0,2250.0,2300.0,-50.0
2025-05-06,cheese,48700.0,46750.0,1950.0,1990.0,-40.0
2025-05-06,cheese,48700.0,46750.0,1950.0,1990.0,-40.0
2025-05-05,cheese,4000.0,700.0,3300.0,3350.0,-50.0
2025-05-04,cheese,5300.0,2250.0,3050.0,2948.0,102.0
2025-05-03,cheese,9900.0,5300.0,4600.0,4430.0,170.0
2025-05-02,cheese,12320.0,9900.0,2420.0,2303.0,117.0
2025-05-01,cheese,14430.0,12320.0,2110.0,2095.0,15.0
2025-04-30,cheese,17100.0,14430.0,2670.0,2630.0,40.0
2025-04-29,cheese,19170.0,17100.0,2070.0,2035.0,35.0
2025-04-28,cheese,21480.0,19170.0,2310.0,2263.0,47.0
2025-04-27,cheese,24500.0,21480.0,3020.0,2983.0,37.0
2025-04-26,cheese,27750.0,24500.0,3250.0,3195.0,55.0
2025-04-25,cheese,29600.0,27750.0,1850.0,1875.0,-25.0
2025-04-24,cheese,31900.0,29600.0,2300.0,2340.0,-40.0
2025-04-23,cheese,33400.0,31900.0,1500.0,1413.0,87.0
2025-04-22,cheese,35700.0,33400.0,2300.0,2355.0,-55.0
2025-04-21,cheese,13600.0,11700.0,1900.0,1925.0,-25.0
2025-04-21,cheese,13600.0,11700.0,1900.0,1925.0,-25.0
2025-04-20,cheese,16100.000000000002,13600.0,2500.0,2525.0,-25.0
2025-04-19,cheese,17950.0,16100.000000000002,1850.0,1920.0,-70.0
2025-04-18,cheese,20700.0,17950.0,2750.0,2605.0,145.0
2025-04-17,cheese,23650.0,20700.0,2950.0,2925.0,25.0
2025-04-16,cheese,26000.0,23650.0,2350.0,2325.0,25.0
2025-04-15,cheese,28700.0,26000.0,2700.0,2540.0,160.0
2025-04-14,cheese,7500.0,4700.0,2800.0,2740.0,60.0
2025-04-13,cheese,10350.0,7500.0,2850.0,2815.0,35.0
2025-04-12,cheese,13200.0,10350.0,2850.0,2725.0,125.0
2025-04-11,cheese,16350.000000000002,13200.0,3150.0,2895.0,255.0
2025-04-11,cheese,16350.000000000002,13200.0,3150.0,2895.0,255.0
2025-04-10,cheese,18400.0,16350.000000000002,2050.0,1920.0,130.0
2025-04-10,cheese,18400.0,16350.000000000002,2050.0,1920.0,130.0
2025-04-09,cheese,19800.0,18400.0,1400.0,1305.0,95.0
2025-04-08,cheese,21900.0,19800.0,2100.0,2035.0,65.0
2025-04-07,cheese,23650.0,21900.0,1750.0,1680.0,70.0
2025-04-06,cheese,26800.0,23650.0,3150.0,3065.0,85.0
2025-04-05,cheese,29100.0,26800.0,2300.0,2255.0,45.0
2025-04-04,cheese,30850.0,29100.0,1750.0,1710.0,40.0
2025-04-03,cheese,33400.0,30850.0,2550.0,2460.0,90.0
2025-04-02,cheese,36800.0,33400.0,3400.0,3488.0,-88.0
2025-04-01,cheese,40150.0,36800.0,3350.0,3395.0,-45.0
2025-03-31,cheese,19200.0,16149.999999999998,3050.0,2990.0,60.0
2025-03-30,cheese,22360.0,19200.0,3160.0,3043.0,117.0
2025-03-29,cheese,23720.0,22360.0,1360.0,1310.0,50.0
2025-03-29,cheese,23720.0,22360.0,1360.0,1310.0,50.0
2025-03-28,cheese,25000.0,23720.0,1280.0,1210.0,70.0
2025-03-27,cheese,26480.0,25000.0,1480.0,1488.0,-8.0
2025-03-26,cheese,27600.0,26480.0,1120.0,1150.0,-30.0
2025-03-25,cheese,28750.0,27600.0,1150.0,1130.0,20.0
2025-03-24,cheese,6000.0,4750.0,1250.0,1300.0,-50.0
2025-03-23,cheese,7600.0,6000.0,1600.0,1565.0,35.0
2025-03-22,cheese,9700.0,7600.0,2100.0,2075.0,25.0
2025-03-21,cheese,11220.0,9700.0,1520.0,1550.0,-30.0
2025-03-20,cheese,13000.0,11220.0,1780.0,1795.0,-15.0
2025-03-19,cheese,14450.0,13000.0,1450.0,1435.0,15.0
2025-03-18,cheese,15900.0,14450.0,1450.0,1390.0,60.0
2025-03-17,cheese,16450.0,15900.0,550.0,605.0,-55.0
2025-03-16,cheese,18000.0,16450.0,1550.0,1595.0,-45.0
2025-03-15,cheese,19750.0,18000.0,1750.0,1813.0,-63.0
2025-03-14,cheese,21050.0,19750.0,1300.0,1365.0,-65.0
2025-03-13,cheese,22200.0,21050.0,1150.0,1163.0,-13.0
2025-03-12,cheese,22550.0,22200.0,350.0,388.0,-38.0
2025-03-11,cheese,23350.0,22550.0,800.0,765.0,35.0
2025-03-10,cheese,24600.0,23350.0,1250.0,1340.0,-90.0
2025-03-09,cheese,26600.0,24600.0,2000.0,1900.0,100.0
2025-03-08,cheese,28550.0,26600.0,1950.0,2035.0,-85.0
2025-03-07,cheese,29400.0,28550.0,850.0,880.0,-30.0
2025-03-06,cheese,30100.0,29400.0,700.0,735.0,-35.0
2025-03-05,cheese,30900.0,30100.0,800.0,830.0,-30.0
2025-03-04,cheese,32000.0,30900.0,1100.0,1112.0,-12.0
2025-03-03,cheese,9300.0,8000.0,1300.0,1315.0,-15.0
2025-03-02,cheese,10900.0,9300.0,1600.0,1660.0,-60.0
2025-03-01,cheese,13650.0,10900.0,2750.0,2719.0,31.0
2025-03-01,cheese,13650.0,10900.0,2750.0,2719.0,31.0
2025-02-28,cheese,15500.0,13650.0,1850.0,1883.0,-33.0
2025-02-27,cheese,17850.0,15500.0,2350.0,2203.0,147.0
2025-02-26,cheese,19000.0,17850.0,1150.0,1090.0,60.0
2025-02-25,cheese,20450.0,19000.0,1450.0,1485.0,-35.0
2025-02-24,cheese,21800.0,20450.0,1350.0,1320.0,30.0
2025-02-23,cheese,24100.0,21800.0,2300.0,2315.0,-15.0
2025-02-23,cheese,24100.0,21700.0,2400.0,2315.0,85.0
2025-02-23,cheese,24100.0,21800.0,2300.0,2315.0,-15.0
2025-02-22,cheese,27150.0,24100.0,3050.0,2930.0,120.0
2025-02-22,cheese,27150.0,24100.0,3050.0,2930.0,120.0
2025-02-21,cheese,29000.0,27150.0,1850.0,1803.0,47.0
2025-02-20,cheese,29600.0,29000.0,600.0,530.0,70.0
2025-02-19,cheese,31400.0,29600.0,1800.0,1755.0,45.0
2025-02-19,cheese,31400.0,29600.0,1800.0,1755.0,45.0
2025-02-19,cheese,31400.0,29600.0,1800.0,1755.0,45.0
2025-02-18,cheese,33000.0,31400.0,1600.0,1470.0,130.0
2025-02-18,cheese,33000.0,31400.0,1600.0,1470.0,130.0
2025-02-17,cheese,11100.0,9000.0,2100.0,1945.0,155.0
2025-02-16,cheese,13000.0,11100.0,1900.0,1820.0,80.0
2025-02-15,cheese,14500.0,13000.0,1500.0,1605.0,-105.0
2025-02-14,cheese,16370.000000000002,14500.0,1870.0,1760.0,110.0
2025-02-14,cheese,16370.000000000002,14500.0,1870.0,1760.0,110.0
2025-02-13,cheese,18250.0,16370.000000000002,1880.0,1820.0,60.0
2025-02-13,cheese,18250.0,16370.000000000002,1880.0,1820.0,60.0
2025-02-12,cheese,19100.0,18250.0,850.0,835.0,15.0
2025-02-12,cheese,19100.0,18250.0,850.0,835.0,15.0
2025-02-12,cheese,19100.0,18250.0,850.0,835.0,15.0
2025-02-11,cheese,20250.0,19100.0,1150.0,1263.0,-113.0
2025-02-10,cheese,22100.0,20250.0,1850.0,1810.0,40.0
2025-02-09,cheese,24150.0,22100.0,2050.0,1975.0,75.0
2025-02-08,cheese,28000.0,24150.0,3850.0,3530.0,320.0
2025-02-07,cheese,29800.0,28000.0,1800.0,1610.0,190.0
2025-02-07,cheese,29800.0,28000.0,1800.0,1610.0,190.0
2025-02-06,cheese,31900.0,29800.0,2100.0,1965.0,135.0
2025-02-05,cheese,34150.0,31900.0,2250.0,2020.0,230.0
2025-02-04,cheese,12000.0,10150.0,1850.0,1560.0,290.0
2025-02-04,cheese,12000.0,10150.0,1850.0,1560.0,290.0
2025-02-03,cheese,14200.0,12000.0,2200.0,1945.0,255.0
2025-02-02,cheese,16500.0,14200.0,2300.0,2040.0,260.0
2025-02-01,cheese,19500.0,16500.0,3000.0,2628.0,372.0
2025-01-31,cheese,20600.0,19500.0,1100.0,1095.0,5.0
2025-01-30,cheese,22400.0,22600.0,-200.0,1110.0,-1310.0
2025-01-30,cheese,22400.0,20600.0,1800.0,1110.0,690.0
2025-01-29,cheese,24000.0,22400.0,1600.0,853.0,747.0
2025-01-28,cheese,13700.0,12000.0,1700.0,1500.0,200.0
2025-01-27,cheese,15200.0,13700.0,1500.0,1645.0,-145.0
2025-01-26,cheese,18200.0,15200.0,3000.0,2890.0,110.0
2025-01-25,cheese,20900.0,18200.0,2700.0,2285.0,415.0
2025-01-24,cheese,22600.0,20900.0,1700.0,1820.0,-120.0
2025-01-23,cheese,24100.0,22600.0,1500.0,1355.0,145.0
2025-01-22,cheese,26600.0,24100.0,2500.0,2200.0,300.0
2025-01-21,cheese,29300.0,26600.0,2700.0,2535.0,165.0
2025-01-20,cheese,31000.0,29300.0,1700.0,1465.0,235.0
2025-01-19,cheese,33000.0,31000.0,2000.0,2045.0,-45.0
2025-01-18,cheese,35900.0,33000.0,2900.0,2990.0,-90.0
2025-01-17,cheese,39100.0,35900.0,3200.0,2395.0,805.0
2025-01-16,cheese,41500.0,39100.0,2400.0,1943.0,457.0
2025-01-15,cheese,42800.0,41500.0,1300.0,1155.0,145.0
2025-01-14,cheese,45100.0,42800.0,2300.0,2040.0,260.0
2025-01-13,cheese,10300.0,9100.0,1200.0,1020.0,180.0
2025-01-12,cheese,12700.0,10300.0,2400.0,2345.0,55.0
2025-01-11,cheese,15500.0,12700.0,2800.0,2920.0,-120.0
2025-01-10,cheese,16500.0,15500.0,1000.0,925.0,75.0
2025-01-09,cheese,17800.0,16500.0,1300.0,1040.0,260.0
2025-01-08,cheese,19600.0,17800.0,1800.0,1820.0,-20.0
2025-01-07,cheese,20800.0,19600.0,1200.0,1455.0,-255.0
2025-01-06,cheese,23100.0,20800.0,2300.0,2040.0,260.0
2025-01-05,cheese,26500.0,23100.0,3400.0,3535.0,-135.0
2025-01-04,cheese,30300.0,26500.0,3800.0,3890.0,-90.0
2025-01-03,cheese,33700.0,30300.0,3400.0,3070.0,330.0
2025-01-02,cheese,36000.0,33700.0,2300.0,1885.0,415.0
2025-01-01,cheese,39700.0,36000.0,3700.0,3685.0,15.0
