Month_code,Category,expense_amount,Total Sales[POS Sales less GST + Swiggy to Loocos],expense_amount%
2026-02,FOOD RAW MATERIAL PURCHASE,28109,294447.0,9.55
2026-02,LOCAL PURCHASE (MISCELLANEOUS STORE ITEMS),18644,294447.0,6.33
2026-02,GAS & FUEL,18590,294447.0,6.31
2026-02,"LICENSE, TAX & GOVERNMENT FEES",3200,294447.0,1.09
2026-02,PACKAGING & DISPOSABLES,2700,294447.0,0.92
2026-02,SALARIES (MONTHLY PAYMENTS),5700,294447.0,0.57
2026-02,ADVERTISEMENT & MARKETING,500,294447.0,0.17
2026-02,STAFF WELFARE & BENEFITS,500,294447.0,0.17
2026-02,UNMAPPED,500,294447.0,0.17
2026-02,MAINTENANCE – SHOP & EQUIPMENT,450,294447.0,0.15
2026-01,SALARIES (MONTHLY PAYMENTS),129330,464506.6,12.93
2026-01,FOOD RAW MATERIAL PURCHASE,49134,464506.6,10.58
2026-01,LOCAL PURCHASE (MISCELLANEOUS STORE ITEMS),23663,464506.6,5.09
2026-01,GAS & FUEL,20460,464506.6,4.4
2026-01,UNMAPPED,8106,464506.6,1.75
2026-01,MAINTENANCE – SHOP & EQUIPMENT,2800,464506.6,0.6
2026-01,RENT & UTILITIES,1091,464506.6,0.23
2026-01,ADVERTISEMENT & MARKETING,1000,464506.6,0.22
2026-01,MISCELLANEOUS / OTHER,750,464506.6,0.16
2026-01,TRANSPORTATION & AUTO CHARGES,600,464506.6,0.13
2026-01,STAFF WELFARE & BENEFITS,500,464506.6,0.11
2026-01,PACKAGING & DISPOSABLES,450,464506.6,0.1
2026-01,OFFICE & ADMINISTRATION,200,464506.6,0.04
2026-01,CLEANING & WASTE,100,464506.6,0.02
2025-12,SALARIES (MONTHLY PAYMENTS),133037,494089.55,13.3
2025-12,FOOD RAW MATERIAL PURCHASE,55481,494089.55,11.23
2025-12,LOCAL PURCHASE (MISCELLANEOUS STORE ITEMS),28286,494089.55,5.72
2025-12,GAS & FUEL,22410,494089.55,4.54
2025-12,STAFF WELFARE & BENEFITS,2295,494089.55,0.46
2025-12,ADVERTISEMENT & MARKETING,1000,494089.55,0.2
2025-12,CLEANING & WASTE,100,494089.55,0.02
2025-11,SALARIES (MONTHLY PAYMENTS),124006,454730.6,12.4
2025-11,FOOD RAW MATERIAL PURCHASE,41992,454730.6,9.23
2025-11,LOCAL PURCHASE (MISCELLANEOUS STORE ITEMS),26638,454730.6,5.86
2025-11,GAS & FUEL,21440,454730.6,4.71
2025-11,STAFF WELFARE & BENEFITS,5358,454730.6,1.18
2025-11,MAINTENANCE – SHOP & EQUIPMENT,3500,454730.6,0.77
2025-11,BIKE EXPENSES (ALL VEHICLE RELATED),2943,454730.6,0.65
2025-11,DECORATION & EVENTS,2200,454730.6,0.48
2025-11,RENT & UTILITIES,1837,454730.6,0.4
2025-11,UNMAPPED,1500,454730.6,0.33
2025-11,ADVERTISEMENT & MARKETING,1000,454730.6,0.22
2025-11,TRANSPORTATION & AUTO CHARGES,600,454730.6,0.13
2025-11,CLEANING & WASTE,500,454730.6,0.11
2025-11,"LICENSE, TAX & GOVERNMENT FEES",400,454730.6,0.09
2025-10,SALARIES (MONTHLY PAYMENTS),123420,455473.55,12.34
2025-10,FOOD RAW MATERIAL PURCHASE,31938,455473.55,7.01
2025-10,LOCAL PURCHASE (MISCELLANEOUS STORE ITEMS),28746,455473.55,6.31
2025-10,GAS & FUEL,21620,455473.55,4.75
2025-10,UNMAPPED,7119,455473.55,1.56
2025-10,STAFF WELFARE & BENEFITS,3500,455473.55,0.77
2025-10,ADVERTISEMENT & MARKETING,2599,455473.55,0.57
2025-10,MAINTENANCE – SHOP & EQUIPMENT,2109,455473.55,0.46
2025-10,BIKE EXPENSES (ALL VEHICLE RELATED),1463,455473.55,0.32
2025-10,CLEANING & WASTE,650,455473.55,0.14
2025-09,SALARIES (MONTHLY PAYMENTS),111560,480840.35,11.16
2025-09,FOOD RAW MATERIAL PURCHASE,36611,480840.35,7.61
2025-09,LOCAL PURCHASE (MISCELLANEOUS STORE ITEMS),29323,480840.35,6.1
2025-09,GAS & FUEL,23050,480840.35,4.79
2025-09,BIKE EXPENSES (ALL VEHICLE RELATED),9400,480840.35,1.95
2025-09,ADVERTISEMENT & MARKETING,3000,480840.35,0.62
2025-09,UNMAPPED,2300,480840.35,0.48
2025-09,MAINTENANCE – SHOP & EQUIPMENT,2217,480840.35,0.46
2025-09,RENT & UTILITIES,1733,480840.35,0.36
2025-09,CLEANING & WASTE,700,480840.35,0.15
2025-09,OFFICE & ADMINISTRATION,650,480840.35,0.14
2025-09,TRANSPORTATION & AUTO CHARGES,650,480840.35,0.14
2025-08,FOOD RAW MATERIAL PURCHASE,36995,507628.39999999997,7.29
2025-08,LOCAL PURCHASE (MISCELLANEOUS STORE ITEMS),31534,507628.39999999997,6.21
2025-08,SALARIES (MONTHLY PAYMENTS),48610,507628.39999999997,4.86
2025-08,GAS & FUEL,21540,507628.39999999997,4.24
2025-08,PACKAGING & DISPOSABLES,2700,507628.39999999997,0.53
2025-08,ADVERTISEMENT & MARKETING,2625,507628.39999999997,0.52
2025-08,RENT & UTILITIES,2249,507628.39999999997,0.44
2025-08,BIKE EXPENSES (ALL VEHICLE RELATED),1640,507628.39999999997,0.32
2025-08,MAINTENANCE – SHOP & EQUIPMENT,1050,507628.39999999997,0.21
2025-08,STAFF WELFARE & BENEFITS,800,507628.39999999997,0.16
2025-08,CLEANING & WASTE,600,507628.39999999997,0.12
2025-08,UNMAPPED,200,507628.39999999997,0.04
2025-07,SALARIES (MONTHLY PAYMENTS),111284,470467.1,11.13
2025-07,FOOD RAW MATERIAL PURCHASE,37478,470467.1,7.97
2025-07,LOCAL PURCHASE (MISCELLANEOUS STORE ITEMS),30449,470467.1,6.47
2025-07,GAS & FUEL,20180,470467.1,4.29
2025-07,ADVERTISEMENT & MARKETING,5250,470467.1,1.12
2025-07,MAINTENANCE – SHOP & EQUIPMENT,5270,470467.1,1.12
2025-07,RENT & UTILITIES,1806,470467.1,0.38
2025-07,BIKE EXPENSES (ALL VEHICLE RELATED),1292,470467.1,0.27
2025-07,UNMAPPED,1088,470467.1,0.23
2025-07,STAFF WELFARE & BENEFITS,1020,470467.1,0.22
2025-07,CLEANING & WASTE,650,470467.1,0.14
2025-07,TRANSPORTATION & AUTO CHARGES,550,470467.1,0.12
2025-06,SALARIES (MONTHLY PAYMENTS),112410,403429.0,11.24
2025-06,FOOD RAW MATERIAL PURCHASE,33554,403429.0,8.32
2025-06,LOCAL PURCHASE (MISCELLANEOUS STORE ITEMS),25321,403429.0,6.28
2025-06,GAS & FUEL,21360,403429.0,5.29
2025-06,MAINTENANCE – SHOP & EQUIPMENT,16700,403429.0,4.14
2025-06,PARTNER & CAPITAL TRANSACTIONS,5000,403429.0,1.24
2025-06,UNMAPPED,2876,403429.0,0.71
2025-06,BIKE EXPENSES (ALL VEHICLE RELATED),1270,403429.0,0.31
2025-06,CLEANING & WASTE,550,403429.0,0.14
2025-06,MISCELLANEOUS / OTHER,370,403429.0,0.09
2025-06,ADVERTISEMENT & MARKETING,300,403429.0,0.07
2025-05,SALARIES (MONTHLY PAYMENTS),146204,517650.44999999995,14.62
2025-05,FOOD RAW MATERIAL PURCHASE,40268,517650.44999999995,7.78
2025-05,LOCAL PURCHASE (MISCELLANEOUS STORE ITEMS),27338,517650.44999999995,5.28
2025-05,GAS & FUEL,25500,517650.44999999995,4.93
2025-05,UNMAPPED,12132,517650.44999999995,2.34
2025-05,MAINTENANCE – SHOP & EQUIPMENT,8300,517650.44999999995,1.6
2025-05,RENT & UTILITIES,5423,517650.44999999995,1.05
2025-05,PACKAGING & DISPOSABLES,3700,517650.44999999995,0.71
2025-05,BIKE EXPENSES (ALL VEHICLE RELATED),3236,517650.44999999995,0.63
2025-05,OFFICE & ADMINISTRATION,2300,517650.44999999995,0.44
2025-05,TRANSPORTATION & AUTO CHARGES,650,517650.44999999995,0.13
2025-05,CLEANING & WASTE,600,517650.44999999995,0.12
2025-05,"LICENSE, TAX & GOVERNMENT FEES",600,517650.44999999995,0.12
2025-05,STAFF WELFARE & BENEFITS,600,517650.44999999995,0.12
2025-04,SALARIES (MONTHLY PAYMENTS),120397,523213.8,12.04
2025-04,FOOD RAW MATERIAL PURCHASE,42138,523213.8,8.05
2025-04,LOCAL PURCHASE (MISCELLANEOUS STORE ITEMS),30953,523213.8,5.92
2025-04,GAS & FUEL,22630,523213.8,4.33
2025-04,ADVERTISEMENT & MARKETING,5400,523213.8,1.03
2025-04,RENT & UTILITIES,3600,523213.8,0.69
2025-04,TRANSPORTATION & AUTO CHARGES,1380,523213.8,0.26
2025-04,CLEANING & WASTE,650,523213.8,0.12
2025-04,UNMAPPED,250,523213.8,0.05
2025-04,MAINTENANCE – SHOP & EQUIPMENT,100,523213.8,0.02
2025-03,SALARIES (MONTHLY PAYMENTS),130860,358957.6,13.09
2025-03,FOOD RAW MATERIAL PURCHASE,30918,358957.6,8.61
2025-03,LOCAL PURCHASE (MISCELLANEOUS STORE ITEMS),25288,358957.6,7.04
2025-03,GAS & FUEL,22122,358957.6,6.16
2025-03,RENT & UTILITIES,5222,358957.6,1.45
2025-03,MISCELLANEOUS / OTHER,2500,358957.6,0.7
2025-03,BIKE EXPENSES (ALL VEHICLE RELATED),1880,358957.6,0.52
2025-03,STAFF WELFARE & BENEFITS,1470,358957.6,0.41
2025-03,UNMAPPED,1450,358957.6,0.4
2025-03,MAINTENANCE – SHOP & EQUIPMENT,1200,358957.6,0.33
2025-03,CLEANING & WASTE,700,358957.6,0.2
2025-03,ADVERTISEMENT & MARKETING,300,358957.6,0.08
2025-02,SALARIES (MONTHLY PAYMENTS),108790,383291.2,10.88
2025-02,FOOD RAW MATERIAL PURCHASE,32358,383291.2,8.44
2025-02,LOCAL PURCHASE (MISCELLANEOUS STORE ITEMS),26747,383291.2,6.98
2025-02,GAS & FUEL,24566,383291.2,6.41
2025-02,RENT & UTILITIES,10100,383291.2,2.64
2025-02,PARTNER & CAPITAL TRANSACTIONS,3000,383291.2,0.78
2025-02,PACKAGING & DISPOSABLES,2500,383291.2,0.65
2025-02,MAINTENANCE – SHOP & EQUIPMENT,1820,383291.2,0.47
2025-02,ADVERTISEMENT & MARKETING,1720,383291.2,0.45
2025-02,"LICENSE, TAX & GOVERNMENT FEES",1575,383291.2,0.41
2025-02,CLEANING & WASTE,700,383291.2,0.18
2025-02,TRANSPORTATION & AUTO CHARGES,610,383291.2,0.16
2025-02,STAFF WELFARE & BENEFITS,510,383291.2,0.13
2025-02,DECORATION & EVENTS,250,383291.2,0.07
2025-02,OFFICE & ADMINISTRATION,120,383291.2,0.03
2025-01,SALARIES (MONTHLY PAYMENTS),118253,438268.3,11.83
2025-01,LOCAL PURCHASE (MISCELLANEOUS STORE ITEMS),41462,438268.3,9.46
2025-01,FOOD RAW MATERIAL PURCHASE,28853,438268.3,6.58
2025-01,GAS & FUEL,26224,438268.3,5.98
2025-01,RENT & UTILITIES,5720,438268.3,1.31
2025-01,UNMAPPED,1782,438268.3,0.41
2025-01,BIKE EXPENSES (ALL VEHICLE RELATED),1700,438268.3,0.39
2025-01,MAINTENANCE – SHOP & EQUIPMENT,1730,438268.3,0.39
2025-01,ADVERTISEMENT & MARKETING,870,438268.3,0.2
2025-01,CLEANING & WASTE,750,438268.3,0.17
2025-01,TRANSPORTATION & AUTO CHARGES,60,438268.3,0.01
2024-12,SALARIES (MONTHLY PAYMENTS),128660,537780.95,12.87
2024-12,FOOD RAW MATERIAL PURCHASE,44560,537780.95,8.29
2024-12,LOCAL PURCHASE (MISCELLANEOUS STORE ITEMS),31470,537780.95,5.85
2024-12,GAS & FUEL,27190,537780.95,5.06
2024-12,RENT & UTILITIES,3600,537780.95,0.67
2024-12,BIKE EXPENSES (ALL VEHICLE RELATED),1700,537780.95,0.32
2024-12,ADVERTISEMENT & MARKETING,1500,537780.95,0.28
2024-12,STAFF WELFARE & BENEFITS,1360,537780.95,0.25
2024-12,MAINTENANCE – SHOP & EQUIPMENT,1100,537780.95,0.2
2024-12,UNMAPPED,1088,537780.95,0.2
2024-12,CLEANING & WASTE,650,537780.95,0.12
2024-12,TRANSPORTATION & AUTO CHARGES,640,537780.95,0.12
2024-12,PACKAGING & DISPOSABLES,50,537780.95,0.01
2024-11,SALARIES (MONTHLY PAYMENTS),121007,483662.0,12.1
2024-11,FOOD RAW MATERIAL PURCHASE,43722,483662.0,9.04
2024-11,LOCAL PURCHASE (MISCELLANEOUS STORE ITEMS),34580,483662.0,7.15
2024-11,GAS & FUEL,25620,483662.0,5.3
2024-11,MAINTENANCE – SHOP & EQUIPMENT,6678,483662.0,1.38
2024-11,RENT & UTILITIES,5266,483662.0,1.09
2024-11,UNMAPPED,3865,483662.0,0.8
2024-11,STAFF WELFARE & BENEFITS,3776,483662.0,0.78
2024-11,ADVERTISEMENT & MARKETING,2785,483662.0,0.58
2024-11,DECORATION & EVENTS,2200,483662.0,0.45
2024-11,TRANSPORTATION & AUTO CHARGES,1500,483662.0,0.31
2024-11,"LICENSE, TAX & GOVERNMENT FEES",1000,483662.0,0.21
2024-11,BIKE EXPENSES (ALL VEHICLE RELATED),530,483662.0,0.11
2024-11,CLEANING & WASTE,550,483662.0,0.11
2024-11,PACKAGING & DISPOSABLES,339,483662.0,0.07
2024-11,OFFICE & ADMINISTRATION,250,483662.0,0.05
2024-10,SALARIES (MONTHLY PAYMENTS),121827,482997.1,12.18
2024-10,LOCAL PURCHASE (MISCELLANEOUS STORE ITEMS),44510,482997.1,9.22
2024-10,FOOD RAW MATERIAL PURCHASE,37407,482997.1,7.74
2024-10,GAS & FUEL,25900,482997.1,5.36
2024-10,RENT & UTILITIES,6750,482997.1,1.4
2024-10,BIKE EXPENSES (ALL VEHICLE RELATED),4936,482997.1,1.02
2024-10,STAFF WELFARE & BENEFITS,3500,482997.1,0.72
2024-10,UNMAPPED,2588,482997.1,0.54
2024-10,ADVERTISEMENT & MARKETING,2049,482997.1,0.42
2024-10,PACKAGING & DISPOSABLES,1200,482997.1,0.25
2024-10,MAINTENANCE – SHOP & EQUIPMENT,1050,482997.1,0.22
2024-10,TRANSPORTATION & AUTO CHARGES,840,482997.1,0.17
2024-10,CLEANING & WASTE,650,482997.1,0.13
2024-10,DECORATION & EVENTS,450,482997.1,0.09
2024-10,GENERATOR EXPENSES,400,482997.1,0.08
2024-10,MISCELLANEOUS / OTHER,294,482997.1,0.06
2024-09,SALARIES (MONTHLY PAYMENTS),121077,441945.6,12.11
2024-09,LOCAL PURCHASE (MISCELLANEOUS STORE ITEMS),35534,441945.6,8.04
2024-09,FOOD RAW MATERIAL PURCHASE,33992,441945.6,7.69
2024-09,GAS & FUEL,16340,441945.6,3.7
2024-09,RENT & UTILITIES,4635,441945.6,1.05
2024-09,MAINTENANCE – SHOP & EQUIPMENT,2550,441945.6,0.58
2024-09,MISCELLANEOUS / OTHER,2304,441945.6,0.52
2024-09,BIKE EXPENSES (ALL VEHICLE RELATED),830,441945.6,0.19
2024-09,ADVERTISEMENT & MARKETING,699,441945.6,0.16
2024-09,CLEANING & WASTE,600,441945.6,0.14
2024-09,TRANSPORTATION & AUTO CHARGES,550,441945.6,0.12
2024-09,UNMAPPED,530,441945.6,0.12
2024-08,SALARIES (MONTHLY PAYMENTS),121017,498293.25,12.1
2024-08,FOOD RAW MATERIAL PURCHASE,37556,498293.25,7.54
2024-08,LOCAL PURCHASE (MISCELLANEOUS STORE ITEMS),31284,498293.25,6.28
2024-08,GAS & FUEL,16150,498293.25,3.24
2024-08,RENT & UTILITIES,5170,498293.25,1.04
2024-08,UNMAPPED,4533,498293.25,0.91
2024-08,BIKE EXPENSES (ALL VEHICLE RELATED),3510,498293.25,0.7
2024-08,MAINTENANCE – SHOP & EQUIPMENT,3079,498293.25,0.62
2024-08,PACKAGING & DISPOSABLES,2700,498293.25,0.54
2024-08,CLEANING & WASTE,1302,498293.25,0.26
2024-08,OFFICE & ADMINISTRATION,705,498293.25,0.14
2024-08,ADVERTISEMENT & MARKETING,400,498293.25,0.08
2024-08,MISCELLANEOUS / OTHER,40,498293.25,0.01
2024-08,TRANSPORTATION & AUTO CHARGES,30,498293.25,0.01
2024-07,SALARIES (MONTHLY PAYMENTS),130260,432201.55,13.03
2024-07,FOOD RAW MATERIAL PURCHASE,35799,432201.55,8.28
2024-07,LOCAL PURCHASE (MISCELLANEOUS STORE ITEMS),34155,432201.55,7.9
2024-07,GAS & FUEL,20400,432201.55,4.72
2024-07,MAINTENANCE – SHOP & EQUIPMENT,7230,432201.55,1.67
2024-07,RENT & UTILITIES,6470,432201.55,1.5
2024-07,PARTNER & CAPITAL TRANSACTIONS,6106,432201.55,1.41
2024-07,UNMAPPED,4394,432201.55,1.02
2024-07,ADVERTISEMENT & MARKETING,1800,432201.55,0.42
2024-07,BIKE EXPENSES (ALL VEHICLE RELATED),730,432201.55,0.17
2024-07,CLEANING & WASTE,750,432201.55,0.17
2024-07,TRANSPORTATION & AUTO CHARGES,580,432201.55,0.13
2024-07,GENERATOR EXPENSES,454,432201.55,0.11
2024-07,MISCELLANEOUS / OTHER,100,432201.55,0.02
2024-06,SALARIES (MONTHLY PAYMENTS),122260,429482.64999999997,12.23
2024-06,FOOD RAW MATERIAL PURCHASE,40863,429482.64999999997,9.51
2024-06,GENERATOR EXPENSES,38500,429482.64999999997,8.96
2024-06,LOCAL PURCHASE (MISCELLANEOUS STORE ITEMS),31824,429482.64999999997,7.41
2024-06,GAS & FUEL,17140,429482.64999999997,3.99
2024-06,UNMAPPED,5970,429482.64999999997,1.39
2024-06,RENT & UTILITIES,3600,429482.64999999997,0.84
2024-06,OFFICE & ADMINISTRATION,1200,429482.64999999997,0.28
2024-06,MAINTENANCE – SHOP & EQUIPMENT,965,429482.64999999997,0.22
2024-06,BIKE EXPENSES (ALL VEHICLE RELATED),840,429482.64999999997,0.2
2024-06,STAFF WELFARE & BENEFITS,800,429482.64999999997,0.19
2024-06,CLEANING & WASTE,650,429482.64999999997,0.15
2024-06,TRANSPORTATION & AUTO CHARGES,580,429482.64999999997,0.14
2024-06,MISCELLANEOUS / OTHER,351,429482.64999999997,0.08
2024-05,SALARIES (MONTHLY PAYMENTS),125933,481157.89999999997,12.59
2024-05,FOOD RAW MATERIAL PURCHASE,40445,481157.89999999997,8.41
2024-05,LOCAL PURCHASE (MISCELLANEOUS STORE ITEMS),34876,481157.89999999997,7.25
2024-05,GAS & FUEL,22280,481157.89999999997,4.63
2024-05,RENT & UTILITIES,5374,481157.89999999997,1.12
2024-05,MAINTENANCE – SHOP & EQUIPMENT,5100,481157.89999999997,1.06
2024-05,UNMAPPED,2449,481157.89999999997,0.51
2024-05,ADVERTISEMENT & MARKETING,1200,481157.89999999997,0.25
2024-05,TRANSPORTATION & AUTO CHARGES,610,481157.89999999997,0.13
2024-05,CLEANING & WASTE,550,481157.89999999997,0.11
2024-05,"LICENSE, TAX & GOVERNMENT FEES",550,481157.89999999997,0.11
2024-05,BIKE EXPENSES (ALL VEHICLE RELATED),30,481157.89999999997,0.01
2024-05,MISCELLANEOUS / OTHER,40,481157.89999999997,0.01
2024-04,SALARIES (MONTHLY PAYMENTS),132100,469828.19999999995,13.21
2024-04,FOOD RAW MATERIAL PURCHASE,42508,469828.19999999995,9.05
2024-04,LOCAL PURCHASE (MISCELLANEOUS STORE ITEMS),29081,469828.19999999995,6.19
2024-04,GAS & FUEL,22790,469828.19999999995,4.85
2024-04,"LICENSE, TAX & GOVERNMENT FEES",3670,469828.19999999995,0.78
2024-04,RENT & UTILITIES,3600,469828.19999999995,0.77
2024-04,PACKAGING & DISPOSABLES,3440,469828.19999999995,0.73
2024-04,UNMAPPED,2974,469828.19999999995,0.63
2024-04,STAFF WELFARE & BENEFITS,1920,469828.19999999995,0.41
2024-04,BIKE EXPENSES (ALL VEHICLE RELATED),1420,469828.19999999995,0.3
2024-04,MAINTENANCE – SHOP & EQUIPMENT,780,469828.19999999995,0.17
2024-04,CLEANING & WASTE,750,469828.19999999995,0.16
2024-04,MISCELLANEOUS / OTHER,90,469828.19999999995,0.02
2024-04,TRANSPORTATION & AUTO CHARGES,30,469828.19999999995,0.01
2024-03,SALARIES (MONTHLY PAYMENTS),125496,331666.85,12.55
2024-03,FOOD RAW MATERIAL PURCHASE,27189,331666.85,8.2
2024-03,GAS & FUEL,21380,331666.85,6.45
2024-03,LOCAL PURCHASE (MISCELLANEOUS STORE ITEMS),20879,331666.85,6.3
2024-03,BIKE EXPENSES (ALL VEHICLE RELATED),6793,331666.85,2.05
2024-03,RENT & UTILITIES,4449,331666.85,1.34
2024-03,UNMAPPED,3042,331666.85,0.92
2024-03,MAINTENANCE – SHOP & EQUIPMENT,2520,331666.85,0.76
2024-03,STAFF WELFARE & BENEFITS,900,331666.85,0.27
2024-03,"LICENSE, TAX & GOVERNMENT FEES",860,331666.85,0.26
2024-03,TRANSPORTATION & AUTO CHARGES,660,331666.85,0.2
2024-03,CLEANING & WASTE,600,331666.85,0.18
2024-03,OFFICE & ADMINISTRATION,237,331666.85,0.07
2024-03,DECORATION & EVENTS,100,331666.85,0.03
2024-03,MISCELLANEOUS / OTHER,40,331666.85,0.01
2024-02,SALARIES (MONTHLY PAYMENTS),118503,338566.7,11.85
2024-02,FOOD RAW MATERIAL PURCHASE,35692,338566.7,10.54
2024-02,GAS & FUEL,20230,338566.7,5.98
2024-02,LOCAL PURCHASE (MISCELLANEOUS STORE ITEMS),16349,338566.7,4.83
2024-02,RENT & UTILITIES,3600,338566.7,1.06
2024-02,SALARY ADVANCES & SETTLEMENTS,970,338566.7,0.29
2024-02,TRANSPORTATION & AUTO CHARGES,970,338566.7,0.29
2024-02,BIKE EXPENSES (ALL VEHICLE RELATED),860,338566.7,0.25
2024-02,STAFF WELFARE & BENEFITS,660,338566.7,0.19
2024-02,PACKAGING & DISPOSABLES,550,338566.7,0.16
2024-02,CLEANING & WASTE,450,338566.7,0.13
2024-02,UNMAPPED,100,338566.7,0.03
2024-02,MISCELLANEOUS / OTHER,20,338566.7,0.01
2024-01,SALARIES (MONTHLY PAYMENTS),118306,378809.64999999997,11.83
2024-01,FOOD RAW MATERIAL PURCHASE,40454,378809.64999999997,10.68
2024-01,GAS & FUEL,22700,378809.64999999997,5.99
2024-01,LOCAL PURCHASE (MISCELLANEOUS STORE ITEMS),15889,378809.64999999997,4.19
2024-01,SALARY ADVANCES & SETTLEMENTS,10700,378809.64999999997,2.82
2024-01,GENERATOR EXPENSES,10300,378809.64999999997,2.72
2024-01,RENT & UTILITIES,3600,378809.64999999997,0.95
2024-01,UNMAPPED,1875,378809.64999999997,0.49
2024-01,MAINTENANCE – SHOP & EQUIPMENT,1750,378809.64999999997,0.46
2024-01,TRANSPORTATION & AUTO CHARGES,1760,378809.64999999997,0.46
2024-01,CLEANING & WASTE,1350,378809.64999999997,0.36
2024-01,STAFF WELFARE & BENEFITS,600,378809.64999999997,0.16
2024-01,ADVERTISEMENT & MARKETING,449,378809.64999999997,0.12
2024-01,OFFICE & ADMINISTRATION,280,378809.64999999997,0.07
2024-01,PACKAGING & DISPOSABLES,280,378809.64999999997,0.07
2024-01,BIKE EXPENSES (ALL VEHICLE RELATED),50,378809.64999999997,0.01
2024-01,MISCELLANEOUS / OTHER,20,378809.64999999997,0.01
2023-12,SALARIES (MONTHLY PAYMENTS),116586,473347.0,11.66
2023-12,FOOD RAW MATERIAL PURCHASE,43765,473347.0,9.25
2023-12,GAS & FUEL,25070,473347.0,5.3
2023-12,LOCAL PURCHASE (MISCELLANEOUS STORE ITEMS),19457,473347.0,4.11
2023-12,UNMAPPED,8005,473347.0,1.69
2023-12,TRANSPORTATION & AUTO CHARGES,3650,473347.0,0.77
2023-12,RENT & UTILITIES,3600,473347.0,0.76
2023-12,ADVERTISEMENT & MARKETING,3530,473347.0,0.75
2023-12,MAINTENANCE – SHOP & EQUIPMENT,3200,473347.0,0.68
2023-12,STAFF WELFARE & BENEFITS,2845,473347.0,0.6
2023-12,SALARY ADVANCES & SETTLEMENTS,2200,473347.0,0.46
2023-12,CLEANING & WASTE,1700,473347.0,0.36
2023-12,PACKAGING & DISPOSABLES,1106,473347.0,0.23
2023-12,OFFICE & ADMINISTRATION,466,473347.0,0.1
2023-12,DECORATION & EVENTS,360,473347.0,0.08
2023-12,GENERATOR EXPENSES,335,473347.0,0.07
2023-12,BIKE EXPENSES (ALL VEHICLE RELATED),30,473347.0,0.01
2023-12,MISCELLANEOUS / OTHER,20,473347.0,0.0
2023-11,SALARIES (MONTHLY PAYMENTS),106243,405453.35,10.62
2023-11,FOOD RAW MATERIAL PURCHASE,37653,405453.35,9.29
2023-11,GAS & FUEL,20590,405453.35,5.08
2023-11,LOCAL PURCHASE (MISCELLANEOUS STORE ITEMS),20461,405453.35,5.05
2023-11,SALARY ADVANCES & SETTLEMENTS,12100,405453.35,2.98
2023-11,UNMAPPED,9341,405453.35,2.3
2023-11,RENT & UTILITIES,5600,405453.35,1.38
2023-11,GENERATOR EXPENSES,2900,405453.35,0.72
2023-11,TRANSPORTATION & AUTO CHARGES,2590,405453.35,0.64
2023-11,STAFF WELFARE & BENEFITS,2525,405453.35,0.62
2023-11,DECORATION & EVENTS,2275,405453.35,0.56
2023-11,ADVERTISEMENT & MARKETING,1375,405453.35,0.34
2023-11,CLEANING & WASTE,1210,405453.35,0.3
2023-11,MAINTENANCE – SHOP & EQUIPMENT,1110,405453.35,0.27
2023-11,BIKE EXPENSES (ALL VEHICLE RELATED),360,405453.35,0.09
2023-11,OFFICE & ADMINISTRATION,232,405453.35,0.06
2023-11,MISCELLANEOUS / OTHER,180,405453.35,0.04
2023-11,PACKAGING & DISPOSABLES,167,405453.35,0.04
2023-10,FOOD RAW MATERIAL PURCHASE,43145,427381.25,10.1
2023-10,GAS & FUEL,23130,427381.25,5.41
2023-10,ADVERTISEMENT & MARKETING,19259,427381.25,4.51
2023-10,SALARIES (MONTHLY PAYMENTS),39860,427381.25,3.99
2023-10,LOCAL PURCHASE (MISCELLANEOUS STORE ITEMS),15735,427381.25,3.68
2023-10,UNMAPPED,12501,427381.25,2.93
2023-10,SALARY ADVANCES & SETTLEMENTS,7964,427381.25,1.86
2023-10,CLEANING & WASTE,5850,427381.25,1.37
2023-10,RENT & UTILITIES,4150,427381.25,0.97
2023-10,STAFF WELFARE & BENEFITS,1500,427381.25,0.35
2023-10,BIKE EXPENSES (ALL VEHICLE RELATED),1050,427381.25,0.25
2023-10,OFFICE & ADMINISTRATION,300,427381.25,0.07
2023-10,DECORATION & EVENTS,250,427381.25,0.06
2023-10,PACKAGING & DISPOSABLES,245,427381.25,0.06
2023-10,TRANSPORTATION & AUTO CHARGES,270,427381.25,0.06
2023-10,MISCELLANEOUS / OTHER,100,427381.25,0.02
2023-09,PARTNER & CAPITAL TRANSACTIONS,50554,441300.64999999997,11.46
2023-09,GAS & FUEL,24260,441300.64999999997,5.5
2023-09,FOOD RAW MATERIAL PURCHASE,21770,441300.64999999997,4.93
2023-09,SALARIES (MONTHLY PAYMENTS),40360,441300.64999999997,4.04
2023-09,LOCAL PURCHASE (MISCELLANEOUS STORE ITEMS),16218,441300.64999999997,3.68
2023-09,BIKE EXPENSES (ALL VEHICLE RELATED),5760,441300.64999999997,1.31
2023-09,MAINTENANCE – SHOP & EQUIPMENT,5700,441300.64999999997,1.29
2023-09,RENT & UTILITIES,3600,441300.64999999997,0.82
2023-09,UNMAPPED,3288,441300.64999999997,0.75
2023-09,STAFF WELFARE & BENEFITS,2030,441300.64999999997,0.46
2023-09,ADVERTISEMENT & MARKETING,1500,441300.64999999997,0.34
2023-09,CLEANING & WASTE,1300,441300.64999999997,0.29
2023-09,OFFICE & ADMINISTRATION,990,441300.64999999997,0.22
2023-09,TRANSPORTATION & AUTO CHARGES,800,441300.64999999997,0.18
2023-09,MISCELLANEOUS / OTHER,90,441300.64999999997,0.02
2023-08,RENT & UTILITIES,40499,434914.75,9.31
2023-08,LOCAL PURCHASE (MISCELLANEOUS STORE ITEMS),36229,434914.75,8.33
2023-08,SALARIES (MONTHLY PAYMENTS),72426,434914.75,7.24
2023-08,GAS & FUEL,19460,434914.75,4.47
2023-08,FOOD RAW MATERIAL PURCHASE,13221,434914.75,3.04
2023-08,ADVERTISEMENT & MARKETING,11200,434914.75,2.58
2023-08,UNMAPPED,9989,434914.75,2.3
2023-08,PARTNER & CAPITAL TRANSACTIONS,7210,434914.75,1.66
2023-08,SALARY ADVANCES & SETTLEMENTS,5511,434914.75,1.27
2023-08,MAINTENANCE – SHOP & EQUIPMENT,3010,434914.75,0.69
2023-08,CLEANING & WASTE,1820,434914.75,0.42
2023-08,TRANSPORTATION & AUTO CHARGES,1190,434914.75,0.27
2023-08,BIKE EXPENSES (ALL VEHICLE RELATED),480,434914.75,0.11
2023-08,MISCELLANEOUS / OTHER,120,434914.75,0.03
2023-08,OFFICE & ADMINISTRATION,50,434914.75,0.01
2023-07,PARTNER & CAPITAL TRANSACTIONS,46482,532297.35,8.73
2023-07,RENT & UTILITIES,42597,532297.35,8.0
2023-07,SALARIES (MONTHLY PAYMENTS),72197,532297.35,7.22
2023-07,LOCAL PURCHASE (MISCELLANEOUS STORE ITEMS),34684,532297.35,6.52
2023-07,UNMAPPED,27308,532297.35,5.13
2023-07,GAS & FUEL,24170,532297.35,4.54
2023-07,FOOD RAW MATERIAL PURCHASE,9524,532297.35,1.79
2023-07,MAINTENANCE – SHOP & EQUIPMENT,6500,532297.35,1.22
2023-07,CLEANING & WASTE,2300,532297.35,0.43
2023-07,GENERATOR EXPENSES,2300,532297.35,0.43
2023-07,"LICENSE, TAX & GOVERNMENT FEES",1100,532297.35,0.21
2023-07,TRANSPORTATION & AUTO CHARGES,640,532297.35,0.12
2023-07,MISCELLANEOUS / OTHER,260,532297.35,0.05
2023-07,STAFF WELFARE & BENEFITS,200,532297.35,0.04
2023-06,SALARIES (MONTHLY PAYMENTS),110353,446505.69999999995,11.04
2023-06,RENT & UTILITIES,38988,446505.69999999995,8.73
2023-06,LOCAL PURCHASE (MISCELLANEOUS STORE ITEMS),29681,446505.69999999995,6.65
2023-06,GAS & FUEL,21130,446505.69999999995,4.73
2023-06,UNMAPPED,12970,446505.69999999995,2.9
2023-06,OFFICE & ADMINISTRATION,10900,446505.69999999995,2.44
2023-06,PARTNER & CAPITAL TRANSACTIONS,7257,446505.69999999995,1.63
2023-06,CLEANING & WASTE,1300,446505.69999999995,0.29
2023-06,ADVERTISEMENT & MARKETING,1000,446505.69999999995,0.22
2023-06,MAINTENANCE – SHOP & EQUIPMENT,1000,446505.69999999995,0.22
2023-06,TRANSPORTATION & AUTO CHARGES,760,446505.69999999995,0.17
2023-06,STAFF WELFARE & BENEFITS,700,446505.69999999995,0.16
2023-06,BIKE EXPENSES (ALL VEHICLE RELATED),590,446505.69999999995,0.13
2023-06,MISCELLANEOUS / OTHER,110,446505.69999999995,0.02
2023-05,PARTNER & CAPITAL TRANSACTIONS,74580,593731.0,12.56
2023-05,RENT & UTILITIES,39048,593731.0,6.58
2023-05,LOCAL PURCHASE (MISCELLANEOUS STORE ITEMS),33990,593731.0,5.72
2023-05,SALARIES (MONTHLY PAYMENTS),51806,593731.0,5.18
2023-05,GAS & FUEL,29210,593731.0,4.92
2023-05,UNMAPPED,11300,593731.0,1.9
2023-05,MAINTENANCE – SHOP & EQUIPMENT,3650,593731.0,0.61
2023-05,BIKE EXPENSES (ALL VEHICLE RELATED),1100,593731.0,0.19
2023-05,TRANSPORTATION & AUTO CHARGES,760,593731.0,0.13
2023-05,CLEANING & WASTE,500,593731.0,0.08
2023-05,MISCELLANEOUS / OTHER,170,593731.0,0.03
2023-04,LOCAL PURCHASE (MISCELLANEOUS STORE ITEMS),45948,446139.94999999995,10.3
2023-04,SALARIES (MONTHLY PAYMENTS),102874,446139.94999999995,10.29
2023-04,PARTNER & CAPITAL TRANSACTIONS,45303,446139.94999999995,10.15
2023-04,GAS & FUEL,25300,446139.94999999995,5.67
2023-04,RENT & UTILITIES,21809,446139.94999999995,4.89
2023-04,UNMAPPED,13815,446139.94999999995,3.1
2023-04,"LICENSE, TAX & GOVERNMENT FEES",1250,446139.94999999995,0.28
2023-04,MAINTENANCE – SHOP & EQUIPMENT,1100,446139.94999999995,0.25
2023-04,OFFICE & ADMINISTRATION,1000,446139.94999999995,0.22
2023-04,STAFF WELFARE & BENEFITS,860,446139.94999999995,0.19
2023-04,CLEANING & WASTE,500,446139.94999999995,0.11
2023-04,BIKE EXPENSES (ALL VEHICLE RELATED),300,446139.94999999995,0.07
2023-04,PACKAGING & DISPOSABLES,200,446139.94999999995,0.04
2023-04,MISCELLANEOUS / OTHER,100,446139.94999999995,0.02
2023-04,TRANSPORTATION & AUTO CHARGES,90,446139.94999999995,0.02
2023-03,LOCAL PURCHASE (MISCELLANEOUS STORE ITEMS),45097,384028.94999999995,11.74
2023-03,GAS & FUEL,27390,384028.94999999995,7.13
2023-03,SALARIES (MONTHLY PAYMENTS),60835,384028.94999999995,6.08
2023-03,UNMAPPED,9600,384028.94999999995,2.5
2023-03,RENT & UTILITIES,9221,384028.94999999995,2.4
2023-03,MAINTENANCE – SHOP & EQUIPMENT,4650,384028.94999999995,1.21
2023-03,STAFF WELFARE & BENEFITS,1740,384028.94999999995,0.45
2023-03,TRANSPORTATION & AUTO CHARGES,1420,384028.94999999995,0.37
2023-03,"LICENSE, TAX & GOVERNMENT FEES",1320,384028.94999999995,0.34
2023-03,PACKAGING & DISPOSABLES,1000,384028.94999999995,0.26
2023-03,BIKE EXPENSES (ALL VEHICLE RELATED),832,384028.94999999995,0.22
2023-03,CLEANING & WASTE,500,384028.94999999995,0.13
2023-03,PARTNER & CAPITAL TRANSACTIONS,307,384028.94999999995,0.08
2023-03,MISCELLANEOUS / OTHER,225,384028.94999999995,0.06
2023-02,RENT & UTILITIES,38839,360952.5,10.76
2023-02,LOCAL PURCHASE (MISCELLANEOUS STORE ITEMS),31849,360952.5,8.82
2023-02,SALARIES (MONTHLY PAYMENTS),69253,360952.5,6.93
2023-02,GAS & FUEL,23080,360952.5,6.39
2023-02,PARTNER & CAPITAL TRANSACTIONS,17847,360952.5,4.94
2023-02,UNMAPPED,6930,360952.5,1.92
2023-02,PACKAGING & DISPOSABLES,3120,360952.5,0.86
2023-02,ADVERTISEMENT & MARKETING,2050,360952.5,0.57
2023-02,BIKE EXPENSES (ALL VEHICLE RELATED),1880,360952.5,0.52
2023-02,MAINTENANCE – SHOP & EQUIPMENT,1550,360952.5,0.43
2023-02,TRANSPORTATION & AUTO CHARGES,760,360952.5,0.21
2023-02,CLEANING & WASTE,500,360952.5,0.14
2023-02,MISCELLANEOUS / OTHER,130,360952.5,0.04
2023-01,SALARIES (MONTHLY PAYMENTS),91515,414134.44999999995,9.15
2023-01,LOCAL PURCHASE (MISCELLANEOUS STORE ITEMS),29537,414134.44999999995,7.13
2023-01,GAS & FUEL,22910,414134.44999999995,5.53
2023-01,UNMAPPED,8750,414134.44999999995,2.11
2023-01,RENT & UTILITIES,3839,414134.44999999995,0.93
2023-01,CLEANING & WASTE,500,414134.44999999995,0.12
2023-01,PARTNER & CAPITAL TRANSACTIONS,358,414134.44999999995,0.09
2023-01,MISCELLANEOUS / OTHER,275,414134.44999999995,0.07
2023-01,TRANSPORTATION & AUTO CHARGES,90,414134.44999999995,0.02
2022-12,SALARIES (MONTHLY PAYMENTS),136985,461247.8,13.7
2022-12,RENT & UTILITIES,38840,461247.8,8.42
2022-12,LOCAL PURCHASE (MISCELLANEOUS STORE ITEMS),30534,461247.8,6.62
2022-12,GAS & FUEL,22500,461247.8,4.88
2022-12,UNMAPPED,8390,461247.8,1.82
2022-12,PARTNER & CAPITAL TRANSACTIONS,6442,461247.8,1.4
2022-12,MAINTENANCE – SHOP & EQUIPMENT,1500,461247.8,0.33
2022-12,BIKE EXPENSES (ALL VEHICLE RELATED),750,461247.8,0.16
2022-12,CLEANING & WASTE,400,461247.8,0.09
2022-12,TRANSPORTATION & AUTO CHARGES,310,461247.8,0.07
2022-12,MISCELLANEOUS / OTHER,200,461247.8,0.04
2022-12,ADVERTISEMENT & MARKETING,100,461247.8,0.02
2022-12,DECORATION & EVENTS,100,461247.8,0.02
2022-11,RENT & UTILITIES,38839,426001.85,9.12
2022-11,SALARIES (MONTHLY PAYMENTS),89813,426001.85,8.98
2022-11,LOCAL PURCHASE (MISCELLANEOUS STORE ITEMS),25316,426001.85,5.94
2022-11,GAS & FUEL,23515,426001.85,5.52
2022-11,UNMAPPED,8900,426001.85,2.09
2022-11,ADVERTISEMENT & MARKETING,1500,426001.85,0.35
2022-11,CLEANING & WASTE,500,426001.85,0.12
2022-11,PARTNER & CAPITAL TRANSACTIONS,411,426001.85,0.1
2022-11,MISCELLANEOUS / OTHER,220,426001.85,0.05
2022-11,TRANSPORTATION & AUTO CHARGES,60,426001.85,0.01
2022-10,SALARIES (MONTHLY PAYMENTS),129259,525426.0,12.93
2022-10,RENT & UTILITIES,33839,525426.0,6.44
2022-10,GAS & FUEL,25565,525426.0,4.87
2022-10,LOCAL PURCHASE (MISCELLANEOUS STORE ITEMS),23179,525426.0,4.41
2022-10,ADVERTISEMENT & MARKETING,15650,525426.0,2.98
2022-10,UNMAPPED,14180,525426.0,2.7
2022-10,"LICENSE, TAX & GOVERNMENT FEES",7500,525426.0,1.43
2022-10,DECORATION & EVENTS,7470,525426.0,1.42
2022-10,STAFF WELFARE & BENEFITS,6339,525426.0,1.21
2022-10,BIKE EXPENSES (ALL VEHICLE RELATED),4220,525426.0,0.8
2022-10,FOOD RAW MATERIAL PURCHASE,3430,525426.0,0.65
2022-10,MAINTENANCE – SHOP & EQUIPMENT,2000,525426.0,0.38
2022-10,MISCELLANEOUS / OTHER,1360,525426.0,0.26
2022-10,PARTNER & CAPITAL TRANSACTIONS,1018,525426.0,0.19
2022-10,TRANSPORTATION & AUTO CHARGES,660,525426.0,0.13
2022-10,CLEANING & WASTE,600,525426.0,0.11
2022-09,SALARIES (MONTHLY PAYMENTS),123489,455930.64999999997,12.35
2022-09,RENT & UTILITIES,33879,455930.64999999997,7.43
2022-09,LOCAL PURCHASE (MISCELLANEOUS STORE ITEMS),26465,455930.64999999997,5.8
2022-09,GAS & FUEL,24681,455930.64999999997,5.41
2022-09,UNMAPPED,10640,455930.64999999997,2.33
2022-09,BIKE EXPENSES (ALL VEHICLE RELATED),6250,455930.64999999997,1.37
2022-09,PARTNER & CAPITAL TRANSACTIONS,5516,455930.64999999997,1.21
2022-09,ADVERTISEMENT & MARKETING,3850,455930.64999999997,0.84
2022-09,STAFF WELFARE & BENEFITS,3415,455930.64999999997,0.75
2022-09,MAINTENANCE – SHOP & EQUIPMENT,1130,455930.64999999997,0.25
2022-09,CLEANING & WASTE,750,455930.64999999997,0.16
2022-09,TRANSPORTATION & AUTO CHARGES,640,455930.64999999997,0.14
2022-09,MISCELLANEOUS / OTHER,150,455930.64999999997,0.03
2022-09,"LICENSE, TAX & GOVERNMENT FEES",30,455930.64999999997,0.01
2022-09,PACKAGING & DISPOSABLES,30,455930.64999999997,0.01
2022-08,SALARIES (MONTHLY PAYMENTS),133776,502191.85,13.38
2022-08,RENT & UTILITIES,33359,502191.85,6.64
2022-08,LOCAL PURCHASE (MISCELLANEOUS STORE ITEMS),26769,502191.85,5.33
2022-08,GAS & FUEL,24900,502191.85,4.96
2022-08,PARTNER & CAPITAL TRANSACTIONS,20560,502191.85,4.09
2022-08,UNMAPPED,12410,502191.85,2.47
2022-08,MAINTENANCE – SHOP & EQUIPMENT,2905,502191.85,0.58
2022-08,BIKE EXPENSES (ALL VEHICLE RELATED),1400,502191.85,0.28
2022-08,FOOD RAW MATERIAL PURCHASE,583,502191.85,0.12
2022-08,CLEANING & WASTE,500,502191.85,0.1
2022-08,STAFF WELFARE & BENEFITS,400,502191.85,0.08
2022-08,"LICENSE, TAX & GOVERNMENT FEES",250,502191.85,0.05
2022-08,ADVERTISEMENT & MARKETING,170,502191.85,0.03
2022-08,MISCELLANEOUS / OTHER,130,502191.85,0.03
2022-08,TRANSPORTATION & AUTO CHARGES,70,502191.85,0.01
2022-07,SALARIES (MONTHLY PAYMENTS),127391,558955.2999999999,12.74
2022-07,PARTNER & CAPITAL TRANSACTIONS,60215,558955.2999999999,10.77
2022-07,RENT & UTILITIES,35287,558955.2999999999,6.31
2022-07,GAS & FUEL,28760,558955.2999999999,5.15
2022-07,LOCAL PURCHASE (MISCELLANEOUS STORE ITEMS),25210,558955.2999999999,4.51
2022-07,MAINTENANCE – SHOP & EQUIPMENT,19070,558955.2999999999,3.41
2022-07,UNMAPPED,11423,558955.2999999999,2.04
2022-07,TRANSPORTATION & AUTO CHARGES,4063,558955.2999999999,0.73
2022-07,STAFF WELFARE & BENEFITS,2210,558955.2999999999,0.4
2022-07,FOOD RAW MATERIAL PURCHASE,1593,558955.2999999999,0.28
2022-07,BIKE EXPENSES (ALL VEHICLE RELATED),1400,558955.2999999999,0.25
2022-07,ADVERTISEMENT & MARKETING,1200,558955.2999999999,0.21
2022-07,CLEANING & WASTE,649,558955.2999999999,0.12
2022-07,MISCELLANEOUS / OTHER,166,558955.2999999999,0.03
2022-06,PARTNER & CAPITAL TRANSACTIONS,389769,435755.5,89.45
2022-06,UNMAPPED,219473,435755.5,50.37
2022-06,SALARIES (MONTHLY PAYMENTS),122763,435755.5,12.28
2022-06,RENT & UTILITIES,34898,435755.5,8.01
2022-06,GAS & FUEL,28830,435755.5,6.62
2022-06,MISCELLANEOUS / OTHER,27934,435755.5,6.41
2022-06,FOOD RAW MATERIAL PURCHASE,26853,435755.5,6.16
2022-06,"LICENSE, TAX & GOVERNMENT FEES",24094,435755.5,5.53
2022-06,LOCAL PURCHASE (MISCELLANEOUS STORE ITEMS),20283,435755.5,4.65
2022-06,PACKAGING & DISPOSABLES,5890,435755.5,1.35
2022-06,BIKE EXPENSES (ALL VEHICLE RELATED),5530,435755.5,1.27
2022-06,STAFF WELFARE & BENEFITS,2640,435755.5,0.61
2022-06,CLEANING & WASTE,1189,435755.5,0.27
2022-06,MAINTENANCE – SHOP & EQUIPMENT,683,435755.5,0.16
2022-06,TRANSPORTATION & AUTO CHARGES,610,435755.5,0.14
2022-06,ADVERTISEMENT & MARKETING,200,435755.5,0.05
2022-05,SALARIES (MONTHLY PAYMENTS),87349,0.0,8.73
