Particulars,Category,matched_term,match_score
Advertisement,ADVERTISEMENT & MARKETING,advertisement,1.0
Advertisement Anniversary Boosting Charges to OTP,ADVERTISEMENT & MARKETING,advertisement,0.92
Advertisement Farooq Cherpulasseri,ADVERTISEMENT & MARKETING,advertisement,0.92
Advertisement Onam,ADVERTISEMENT & MARKETING,advertisement onam,1.0
Advertisement Safa,ADVERTISEMENT & MARKETING,advertisement,0.92
Advertisement-Notice,ADVERTISEMENT & MARKETING,notice advertisement,0.95
Advertisement-Notice Distribution,ADVERTISEMENT & MARKETING,advertisement,0.92
Athul govind boosting,ADVERTISEMENT & MARKETING,boosting,0.92
Boosting ( Arjun),ADVERTISEMENT & MARKETING,boosting,0.92
Boosting ( Ottapalam),ADVERTISEMENT & MARKETING,boosting,0.92
Notice Advertisement,ADVERTISEMENT & MARKETING,notice advertisement,1.0
Notice Distribution in paper,ADVERTISEMENT & MARKETING,notice distribution,0.92
Notice Printing charges,ADVERTISEMENT & MARKETING,notice printing,0.95
Onam boosting,ADVERTISEMENT & MARKETING,boosting,0.92
Poster Printing,ADVERTISEMENT & MARKETING,poster printing,1.0
Poster Printing & Lamination,ADVERTISEMENT & MARKETING,poster printing,0.92
broadcasting charges,ADVERTISEMENT & MARKETING,broadcasting charges,1.0
broadcasting charges Ajay,ADVERTISEMENT & MARKETING,broadcasting charges,0.92
broadcasting charges ananthakumar,ADVERTISEMENT & MARKETING,broadcasting charges,0.92
flex printing anniversary,ADVERTISEMENT & MARKETING,flex printing,0.92
flyer courier charges,ADVERTISEMENT & MARKETING,flyer delivery charges,0.7907
flyer delivery charges,ADVERTISEMENT & MARKETING,flyer delivery charges,1.0
flyer delivery charges 2000nos,ADVERTISEMENT & MARKETING,flyer delivery charges,0.92
flyer delivery charges thiruvazhiyode,ADVERTISEMENT & MARKETING,flyer delivery charges,0.92
google review card,ADVERTISEMENT & MARKETING,google review card,1.0
insta boosting,ADVERTISEMENT & MARKETING,boosting,0.92
safa advertising,ADVERTISEMENT & MARKETING,safa advertising,1.0
safa advertising flex,ADVERTISEMENT & MARKETING,safa advertising,0.92
safa advertising juice menu,ADVERTISEMENT & MARKETING,safa advertising,0.92
safa advertising menu laminaton,ADVERTISEMENT & MARKETING,safa advertising,0.92
sound pod,ADVERTISEMENT & MARKETING,sound pod fee,0.92
"to ARJUN(BIKE,advertisement,oven maint. etc",ADVERTISEMENT & MARKETING,advertisement,0.92
whats app boosting,ADVERTISEMENT & MARKETING,boosting,0.92
2 bike servicing,BIKE EXPENSES (ALL VEHICLE RELATED),2 bike servicing,1.0
2 pa pro pollution test,BIKE EXPENSES (ALL VEHICLE RELATED),pollution test,0.92
Bike Maintanance,BIKE EXPENSES (ALL VEHICLE RELATED),bike maintanance,1.0
Bike generator engine oil 5 ltr,BIKE EXPENSES (ALL VEHICLE RELATED),engine oil,0.92
Bike insurance,BIKE EXPENSES (ALL VEHICLE RELATED),insurance bike,0.95
Bike tier maintanance,BIKE EXPENSES (ALL VEHICLE RELATED),bike maintanance,0.9
Discover Maintanance,BIKE EXPENSES (ALL VEHICLE RELATED),discover maintanance,1.0
Discover Maintanance puncture,BIKE EXPENSES (ALL VEHICLE RELATED),discover maintanance,0.92
Insurance-Passionpro,BIKE EXPENSES (ALL VEHICLE RELATED),insurance bike,0.6471
Insurance-Passionpro new,BIKE EXPENSES (ALL VEHICLE RELATED),insurance bike,0.6316
Pa Pro insurance KL 51A2914,BIKE EXPENSES (ALL VEHICLE RELATED),insurance bike,0.5366
Painting Labour Charges,BIKE EXPENSES (ALL VEHICLE RELATED),chain kit labour,0.5641
Pollution Test - Bike Maintanance,BIKE EXPENSES (ALL VEHICLE RELATED),bike maintanance,0.92
Pollution Test - Discover,BIKE EXPENSES (ALL VEHICLE RELATED),pollution test,0.92
Pollution Test - Passion pro,BIKE EXPENSES (ALL VEHICLE RELATED),pollution test,0.92
Pollution Test - Passion pro KL51A2914,BIKE EXPENSES (ALL VEHICLE RELATED),pollution test,0.92
Pollution Test - Passion pro new,BIKE EXPENSES (ALL VEHICLE RELATED),pollution test,0.92
Pollution Test - Twister,BIKE EXPENSES (ALL VEHICLE RELATED),pollution test,0.92
Puncture repair and Tube,BIKE EXPENSES (ALL VEHICLE RELATED),tube,0.92
Seat cover for bike Maintanance,BIKE EXPENSES (ALL VEHICLE RELATED),bike maintanance,0.92
Twister Tyre puncture repair,BIKE EXPENSES (ALL VEHICLE RELATED),tyre,0.92
Tyre changing charge,BIKE EXPENSES (ALL VEHICLE RELATED),tyre,0.92
Tyre for Discovery,BIKE EXPENSES (ALL VEHICLE RELATED),tyre,0.92
Water Filter Maintanance,BIKE EXPENSES (ALL VEHICLE RELATED),discover maintanance,0.6818
bike brake lever,BIKE EXPENSES (ALL VEHICLE RELATED),brake lever,0.92
bike chain tightening,BIKE EXPENSES (ALL VEHICLE RELATED),chain tightening,0.92
bike clutch wire,BIKE EXPENSES (ALL VEHICLE RELATED),clutch wire,0.92
bike insurance KL51 C 26021,BIKE EXPENSES (ALL VEHICLE RELATED),insurance bike,0.9
bike new tube,BIKE EXPENSES (ALL VEHICLE RELATED),tube,0.92
bike pa proKL51D 2637 POLLUTION TEST,BIKE EXPENSES (ALL VEHICLE RELATED),pollution test,0.92
bike pollution test,BIKE EXPENSES (ALL VEHICLE RELATED),pollution test,0.92
bike puncture making passion pro,BIKE EXPENSES (ALL VEHICLE RELATED),passion pro maintenance,0.6
bike puncture work,BIKE EXPENSES (ALL VEHICLE RELATED),puncture repair,0.6061
bike repair,BIKE EXPENSES (ALL VEHICLE RELATED),both bike repair,0.92
bike repair 27/3/25,BIKE EXPENSES (ALL VEHICLE RELATED),both bike repair,0.6286
bike repair and service,BIKE EXPENSES (ALL VEHICLE RELATED),both bike repair,0.6
bike repair oil top,BIKE EXPENSES (ALL VEHICLE RELATED),both bike repair,0.6286
bike repair pa pro new,BIKE EXPENSES (ALL VEHICLE RELATED),both bike repair,0.6
bike transport,BIKE EXPENSES (ALL VEHICLE RELATED),bike transport,1.0
bike tube changing work,BIKE EXPENSES (ALL VEHICLE RELATED),tube,0.92
bike tyre,BIKE EXPENSES (ALL VEHICLE RELATED),tyre,0.92
bike tyre puncture,BIKE EXPENSES (ALL VEHICLE RELATED),tyre,0.92
both bike repair,BIKE EXPENSES (ALL VEHICLE RELATED),both bike repair,1.0
"dicover bike chain kit, bearingand repair",BIKE EXPENSES (ALL VEHICLE RELATED),chain kit labour,0.6
dicover bike tyre tube,BIKE EXPENSES (ALL VEHICLE RELATED),tyre,0.92
discover KL 53 C 7038 Insurance,BIKE EXPENSES (ALL VEHICLE RELATED),discover maintanance,0.5882
discover bike clutch wire &labour charge,BIKE EXPENSES (ALL VEHICLE RELATED),clutch wire,0.92
discover bike insurance,BIKE EXPENSES (ALL VEHICLE RELATED),insurance bike,0.9
discover bike repair,BIKE EXPENSES (ALL VEHICLE RELATED),both bike repair,0.7222
discover bike transportation from SKpuram,BIKE EXPENSES (ALL VEHICLE RELATED),bike transport,0.92
duplicate key passion pro,BIKE EXPENSES (ALL VEHICLE RELATED),duplicate key,0.92
eng veg transport,BIKE EXPENSES (ALL VEHICLE RELATED),bike transport,0.7097
engine oil 5 ltr,BIKE EXPENSES (ALL VEHICLE RELATED),engine oil,0.92
fuse wire,BIKE EXPENSES (ALL VEHICLE RELATED),clutch wire,0.6
helmet 2pc,BIKE EXPENSES (ALL VEHICLE RELATED),helmet,0.92
insurance discover,BIKE EXPENSES (ALL VEHICLE RELATED),insurance bike,0.75
manoj bike repair,BIKE EXPENSES (ALL VEHICLE RELATED),both bike repair,0.7879
new tube and tyre fixing charges,BIKE EXPENSES (ALL VEHICLE RELATED),tyre,0.92
old mobile repair,BIKE EXPENSES (ALL VEHICLE RELATED),both bike repair,0.7273
pa pro 2 duplicate key,BIKE EXPENSES (ALL VEHICLE RELATED),duplicate key,0.92
pa pro bike repair,BIKE EXPENSES (ALL VEHICLE RELATED),both bike repair,0.7647
"pa pro chain kit ,liner and labour charge",BIKE EXPENSES (ALL VEHICLE RELATED),chain kit labour,0.9
pa pro chain kit and labour charge,BIKE EXPENSES (ALL VEHICLE RELATED),chain kit labour,0.9
pa pro chain kit and labour charge battery charging,BIKE EXPENSES (ALL VEHICLE RELATED),battery charging,0.92
pa pro maintanance,BIKE EXPENSES (ALL VEHICLE RELATED),passion pro maintenance,0.8293
pa pro repair maintanance,BIKE EXPENSES (ALL VEHICLE RELATED),passion pro maintenance,0.7083
pa pro tube changing,BIKE EXPENSES (ALL VEHICLE RELATED),tube,0.92
pa pro tyre 2 and fitting charges,BIKE EXPENSES (ALL VEHICLE RELATED),tyre,0.92
pa pro tyre and tube,BIKE EXPENSES (ALL VEHICLE RELATED),tyre,0.92
painter labour charge,BIKE EXPENSES (ALL VEHICLE RELATED),chain kit labour,0.5946
passion pro chain new,BIKE EXPENSES (ALL VEHICLE RELATED),passion pro maintenance,0.7727
passion pro new repair charges,BIKE EXPENSES (ALL VEHICLE RELATED),passion pro maintenance,0.6038
passion pro polution,BIKE EXPENSES (ALL VEHICLE RELATED),passion pro maintenance,0.6512
passion pro puncture repair,BIKE EXPENSES (ALL VEHICLE RELATED),puncture repair,0.92
passion pro registration,BIKE EXPENSES (ALL VEHICLE RELATED),passion pro maintenance,0.6383
passion pro tyre tube second hand,BIKE EXPENSES (ALL VEHICLE RELATED),tyre,0.92
second hand tyre,BIKE EXPENSES (ALL VEHICLE RELATED),tyre,0.92
temperory tyre tube pa pro,BIKE EXPENSES (ALL VEHICLE RELATED),tyre,0.92
transport,BIKE EXPENSES (ALL VEHICLE RELATED),bike transport,0.92
transport (eng veg),BIKE EXPENSES (ALL VEHICLE RELATED),bike transport,0.5806
transport pizza pan,BIKE EXPENSES (ALL VEHICLE RELATED),bike transport,0.5455
two tyre fixing charges,BIKE EXPENSES (ALL VEHICLE RELATED),tyre,0.92
tyre fitting 2 bikes,BIKE EXPENSES (ALL VEHICLE RELATED),tyre,0.92
tyre passion pro,BIKE EXPENSES (ALL VEHICLE RELATED),tyre,0.92
Cleaning Towel,CLEANING & WASTE,cleaning towel,1.0
Cleaning liquid,CLEANING & WASTE,cleaning liquid,1.0
FLOOR cleaner/hand wash,CLEANING & WASTE,floor cleaner,0.92
Micro fibre cloth,CLEANING & WASTE,micro fibre cloth,1.0
Soap powder,CLEANING & WASTE,soap powder,1.0
Waste Pickup,CLEANING & WASTE,waste pickup,1.0
Waste Pickup 2 days,CLEANING & WASTE,waste pickup,0.92
Waste Pickup 3days,CLEANING & WASTE,waste pickup,0.92
Wipping Cloth,CLEANING & WASTE,wiping cloth,0.96
extendable glass mop with wiper,CLEANING & WASTE,mop,0.92
floor cleaner 5 ltr,CLEANING & WASTE,floor cleaner,0.92
glass film sticker work,CLEANING & WASTE,glass wiper,0.5294
glass wiper,CLEANING & WASTE,glass wiper,1.0
plastic waste disposal,CLEANING & WASTE,plastic waste disposal,1.0
waste,CLEANING & WASTE,waste pickup,0.92
waste burning drum & transport,CLEANING & WASTE,waste burning drum,0.92
waste pick up,CLEANING & WASTE,waste pickup,0.96
waste pickup agreement expenses,CLEANING & WASTE,waste pickup,0.92
Balloon arch,DECORATION & EVENTS,balloon arch,1.0
Decoration,DECORATION & EVENTS,decoration,1.0
Light and Decoration,DECORATION & EVENTS,light decoration,0.95
balloon decoration,DECORATION & EVENTS,balloon decoration,1.0
baloon Decoration,DECORATION & EVENTS,balloon decoration,0.9714
deewali pooja /ladoo,DECORATION & EVENTS,deewali pooja,0.92
kitchen staff holi,DECORATION & EVENTS,kitchen staff holi,1.0
misccelleneous expense( pooram donation),DECORATION & EVENTS,pooram donation,0.92
pooja expences,DECORATION & EVENTS,pooja expenses,0.9286
xmas star 2 pc,DECORATION & EVENTS,xmas star,0.92
xmas tree,DECORATION & EVENTS,xmas tree,1.0
Amelia French Fries,FOOD RAW MATERIAL PURCHASE,french fries,0.92
Boneless chicken,FOOD RAW MATERIAL PURCHASE,boneless chicken,1.0
Boneless chicken 18/11,FOOD RAW MATERIAL PURCHASE,boneless chicken,0.92
Butter,FOOD RAW MATERIAL PURCHASE,butter,1.0
Butter And Paneer,FOOD RAW MATERIAL PURCHASE,butter and paneer,1.0
Butter Paneer,FOOD RAW MATERIAL PURCHASE,butter and paneer,0.95
Chicken,FOOD RAW MATERIAL PURCHASE,chicken,1.0
Chicken Pattambi,FOOD RAW MATERIAL PURCHASE,chicken,0.92
Chikku pulp 3,FOOD RAW MATERIAL PURCHASE,chikku pulp,0.92
Corn Meal,FOOD RAW MATERIAL PURCHASE,corn meal,1.0
Dry yeast 10 pkt,FOOD RAW MATERIAL PURCHASE,dry yeast,0.92
Ice Cream,FOOD RAW MATERIAL PURCHASE,ice cream,1.0
Ice Cube,FOOD RAW MATERIAL PURCHASE,ice cube,1.0
Ice-Cream,FOOD RAW MATERIAL PURCHASE,ice cream,1.0
Ice-Cube,FOOD RAW MATERIAL PURCHASE,ice cube,1.0
Ice-Cube BIO COVER,FOOD RAW MATERIAL PURCHASE,ice cube,0.92
Isha english vegetables,FOOD RAW MATERIAL PURCHASE,vegetables,0.92
Local Purchase maida milk egg,FOOD RAW MATERIAL PURCHASE,milk,0.92
Milk,FOOD RAW MATERIAL PURCHASE,milk,1.0
Mutton,FOOD RAW MATERIAL PURCHASE,mutton,1.0
Paneer,FOOD RAW MATERIAL PURCHASE,paneer,1.0
Paneer And Butter,FOOD RAW MATERIAL PURCHASE,butter and paneer,0.95
Paneer cheruthuruthy bill issue,FOOD RAW MATERIAL PURCHASE,paneer,0.92
Pasta,FOOD RAW MATERIAL PURCHASE,pasta,1.0
Staff Chicken,FOOD RAW MATERIAL PURCHASE,staff chicken,1.0
Staff Chicken 2 weeks,FOOD RAW MATERIAL PURCHASE,staff chicken,0.92
Tissue,FOOD RAW MATERIAL PURCHASE,tissue,1.0
Transportation Charge hisham vegetables,FOOD RAW MATERIAL PURCHASE,vegetables,0.92
"Transportation Charge(maida ,eng veg)",FOOD RAW MATERIAL PURCHASE,maida,0.92
auto charge maida and loading,FOOD RAW MATERIAL PURCHASE,maida,0.92
berry fresh fruit pulp,FOOD RAW MATERIAL PURCHASE,fruit pulp,0.92
bio cover,FOOD RAW MATERIAL PURCHASE,bio cover,1.0
bone less chicken 24/1,FOOD RAW MATERIAL PURCHASE,chicken,0.92
bone less chicken 25/1,FOOD RAW MATERIAL PURCHASE,chicken,0.92
boneless chicken,FOOD RAW MATERIAL PURCHASE,boneless chicken,1.0
boneless chicken 16th & 17th,FOOD RAW MATERIAL PURCHASE,boneless chicken,0.92
boneless chicken 17/12,FOOD RAW MATERIAL PURCHASE,boneless chicken,0.92
boneless chicken 27th and 28th,FOOD RAW MATERIAL PURCHASE,boneless chicken,0.92
boneless chicken 28th and 29th,FOOD RAW MATERIAL PURCHASE,boneless chicken,0.92
boneless chicken15/12,FOOD RAW MATERIAL PURCHASE,boneless chicken,0.92
bonelesschicken,FOOD RAW MATERIAL PURCHASE,chicken,0.92
bonelesschicken  4kg@260,FOOD RAW MATERIAL PURCHASE,chicken,0.92
bonelesschicken 2.1KG@270/-,FOOD RAW MATERIAL PURCHASE,chicken,0.92
bonelesschicken 25th & 27th,FOOD RAW MATERIAL PURCHASE,chicken,0.92
burger buns,FOOD RAW MATERIAL PURCHASE,burger buns,1.0
"chiku, coconut pulp",FOOD RAW MATERIAL PURCHASE,tender coconut pulp,0.7027
choco chips flipkart,FOOD RAW MATERIAL PURCHASE,choco chips,0.92
chocolate chips flipkart,FOOD RAW MATERIAL PURCHASE,choco chips,0.6286
cooking oil,FOOD RAW MATERIAL PURCHASE,cooking oil,1.0
disposible glass,FOOD RAW MATERIAL PURCHASE,disposable glass,0.9375
egg,FOOD RAW MATERIAL PURCHASE,egg,1.0
egg n veg,FOOD RAW MATERIAL PURCHASE,egg,0.92
eng vegetables,FOOD RAW MATERIAL PURCHASE,vegetables,0.92
english vegetables,FOOD RAW MATERIAL PURCHASE,english vegetables,1.0
flipkart ice cream scoop,FOOD RAW MATERIAL PURCHASE,ice cream,0.92
fruit pulp,FOOD RAW MATERIAL PURCHASE,fruit pulp,1.0
grocery,FOOD RAW MATERIAL PURCHASE,grocery,1.0
hisham eng vegetables,FOOD RAW MATERIAL PURCHASE,vegetables,0.92
hybrid tomato,FOOD RAW MATERIAL PURCHASE,hybrid tomato,1.0
ice cream,FOOD RAW MATERIAL PURCHASE,ice cream,1.0
ice cream chocolate 2 box,FOOD RAW MATERIAL PURCHASE,ice cream,0.92
isha eng vegetables,FOOD RAW MATERIAL PURCHASE,vegetables,0.92
isham eng vegetables,FOOD RAW MATERIAL PURCHASE,vegetables,0.92
maida,FOOD RAW MATERIAL PURCHASE,maida,1.0
maida 100kg,FOOD RAW MATERIAL PURCHASE,maida,0.92
maida 50kg and oil,FOOD RAW MATERIAL PURCHASE,maida,0.92
maida n oil,FOOD RAW MATERIAL PURCHASE,maida,0.92
maida prince 30kg,FOOD RAW MATERIAL PURCHASE,maida,0.92
milk,FOOD RAW MATERIAL PURCHASE,milk,1.0
milk and curd,FOOD RAW MATERIAL PURCHASE,milk,0.92
milk and ice cubes,FOOD RAW MATERIAL PURCHASE,ice cube,0.92
milk egg,FOOD RAW MATERIAL PURCHASE,milk,0.92
mustard oil,FOOD RAW MATERIAL PURCHASE,mustard oil,1.0
paneer,FOOD RAW MATERIAL PURCHASE,paneer,1.0
pulp chikoo tender coconut,FOOD RAW MATERIAL PURCHASE,tender coconut pulp,0.9
salted peanuts,FOOD RAW MATERIAL PURCHASE,salted peanuts,1.0
sauce dispencer 1 ltr 2pc,FOOD RAW MATERIAL PURCHASE,sauce dispenser,0.7
ss maida stainer,FOOD RAW MATERIAL PURCHASE,maida,0.92
staff chicken,FOOD RAW MATERIAL PURCHASE,staff chicken,1.0
staff chicken 2 weeks,FOOD RAW MATERIAL PURCHASE,staff chicken,0.92
staff kattil 3pc,FOOD RAW MATERIAL PURCHASE,staff rice,0.6154
staff rice 26kg,FOOD RAW MATERIAL PURCHASE,staff rice,0.92
staff rice/ maida,FOOD RAW MATERIAL PURCHASE,maida,0.92
surabi maida,FOOD RAW MATERIAL PURCHASE,maida,0.92
"surabi maida, staff rice",FOOD RAW MATERIAL PURCHASE,maida,0.92
tender coconut pulp,FOOD RAW MATERIAL PURCHASE,tender coconut pulp,1.0
tender coconut pulp 2,FOOD RAW MATERIAL PURCHASE,tender coconut pulp,0.95
transport eng lish vegetables,FOOD RAW MATERIAL PURCHASE,vegetables,0.92
vegetable,FOOD RAW MATERIAL PURCHASE,vegetables,0.9474
vegetables,FOOD RAW MATERIAL PURCHASE,vegetables,1.0
vegetables 18/11,FOOD RAW MATERIAL PURCHASE,vegetables,0.92
yeast dry,FOOD RAW MATERIAL PURCHASE,dry yeast,0.95
Discover Petrol,GAS & FUEL,petrol,0.92
GAS,GAS & FUEL,hp gas,0.92
Gas,GAS & FUEL,hp gas,0.92
Gas HP,GAS & FUEL,hp gas,0.95
Gas HP 2cylinder,GAS & FUEL,hp gas,0.9
Gas Indian,GAS & FUEL,gas indian,1.0
Gas stove and fittings,GAS & FUEL,gas stove,0.92
Generator Petrol,GAS & FUEL,generator petrol,1.0
HP GAS,GAS & FUEL,hp gas,1.0
HP GAS 2 cylinder,GAS & FUEL,hp gas,0.92
HP GAS 2Cylinder 18/11,GAS & FUEL,hp gas,0.92
Petrol,GAS & FUEL,petrol,1.0
Petrol 2 bikes,GAS & FUEL,petrol,0.92
Petrol Boxer,GAS & FUEL,petrol,0.92
Petrol Discover,GAS & FUEL,petrol,0.92
Petrol Generator,GAS & FUEL,generator petrol,0.95
Petrol Generator and bike,GAS & FUEL,petrol,0.92
Petrol Jayan,GAS & FUEL,petrol,0.92
Petrol Pa pro old and new,GAS & FUEL,petrol,0.92
Petrol Passion Pro,GAS & FUEL,petrol,0.92
Petrol Passion Pro new,GAS & FUEL,petrol,0.92
Petrol Passion Pro old,GAS & FUEL,petrol,0.92
Petrol Pulsar,GAS & FUEL,petrol,0.92
Petrol Shibil,GAS & FUEL,petrol,0.92
Petrol Twister,GAS & FUEL,petrol,0.92
Petrol Twsiter,GAS & FUEL,petrol,0.92
Petrol bottle,GAS & FUEL,petrol,0.92
Pulsar Petrol,GAS & FUEL,petrol,0.92
Twister Petrol,GAS & FUEL,petrol,0.92
diesel to burn plastic waste,GAS & FUEL,diesel,0.92
fuel passion pro new,GAS & FUEL,fuel charges,0.9
gas pipe,GAS & FUEL,gas pipe,1.0
generator technician engine oil and petrol charges,GAS & FUEL,petrol,0.92
hashim bike fuel charges,GAS & FUEL,fuel charges,0.92
hisham petrol,GAS & FUEL,petrol,0.92
hp gas,GAS & FUEL,hp gas,1.0
hp gas 2,GAS & FUEL,hp gas,0.92
hp gas 2 cylinder,GAS & FUEL,hp gas,0.92
new gas stove connecting work,GAS & FUEL,gas stove,0.92
petrol,GAS & FUEL,petrol,1.0
petrol discover,GAS & FUEL,petrol,0.92
petrol generator and bike,GAS & FUEL,petrol,0.92
petrol siyad,GAS & FUEL,petrol,0.92
rauf petrol,GAS & FUEL,petrol,0.92
Generator Rent,GENERATOR EXPENSES,generator rent,1.0
Transportation Charge generator,GENERATOR EXPENSES,generator transportation,0.95
generator Repairing Charges,GENERATOR EXPENSES,generator repair,0.92
generator plug 2 pc,GENERATOR EXPENSES,generator plug,0.92
generator plug flipkart,GENERATOR EXPENSES,generator plug,0.92
generator plug from pkd,GENERATOR EXPENSES,generator plug,0.92
generator purchase balance amount,GENERATOR EXPENSES,generator purchase balance,0.95
generator repair balance,GENERATOR EXPENSES,generator repair,0.92
generator technician,GENERATOR EXPENSES,generator technician charges,0.95
Documentation Work,"LICENSE, TAX & GOVERNMENT FEES",documentation work,1.0
FSSAI,"LICENSE, TAX & GOVERNMENT FEES",fssai renewal,0.92
FSSI Certificate Renewal,"LICENSE, TAX & GOVERNMENT FEES",fssai certificate,0.7805
Gst,"LICENSE, TAX & GOVERNMENT FEES",gst,1.0
KHRA membership,"LICENSE, TAX & GOVERNMENT FEES",khra membership,1.0
KVVES,"LICENSE, TAX & GOVERNMENT FEES",kvves,1.0
License Document Works,"LICENSE, TAX & GOVERNMENT FEES",license renewal,0.5946
License Renewal,"LICENSE, TAX & GOVERNMENT FEES",license renewal,1.0
Petpooja Renewal,"LICENSE, TAX & GOVERNMENT FEES",fssai renewal,0.6207
Solar- Fabrication work,"LICENSE, TAX & GOVERNMENT FEES",documentation work,0.6
Stamp paper and Notery,"LICENSE, TAX & GOVERNMENT FEES",stamp paper,0.92
frame for FSSAI certificate and loocos ad,"LICENSE, TAX & GOVERNMENT FEES",fssai certificate,0.92
"haritha karmasena,licence service","LICENSE, TAX & GOVERNMENT FEES",haritha karmasena,0.92
municipal health officer,"LICENSE, TAX & GOVERNMENT FEES",municipal health officer,1.0
municipal professional tax,"LICENSE, TAX & GOVERNMENT FEES",professional tax,0.92
municipality license charges,"LICENSE, TAX & GOVERNMENT FEES",municipality license,0.95
professional tax,"LICENSE, TAX & GOVERNMENT FEES",professional tax,1.0
shop licence,"LICENSE, TAX & GOVERNMENT FEES",shop license,0.9167
water testing FSSAI LICENCE RENEWAL,"LICENSE, TAX & GOVERNMENT FEES",fssai renewal,0.9
Local Purchase,LOCAL PURCHASE (MISCELLANEOUS STORE ITEMS),local purchase,1.0
Local Purchase 13/6,LOCAL PURCHASE (MISCELLANEOUS STORE ITEMS),local purchase,0.92
Local Purchase 14/6,LOCAL PURCHASE (MISCELLANEOUS STORE ITEMS),local purchase,0.92
Local Purchase 15th,LOCAL PURCHASE (MISCELLANEOUS STORE ITEMS),local purchase,0.92
Local Purchase Pooja items,LOCAL PURCHASE (MISCELLANEOUS STORE ITEMS),local purchase pooja items,1.0
Local Purchase12/6/25,LOCAL PURCHASE (MISCELLANEOUS STORE ITEMS),local purchase,0.92
Local purchase,LOCAL PURCHASE (MISCELLANEOUS STORE ITEMS),local purchase,1.0
Local purchase 18/11,LOCAL PURCHASE (MISCELLANEOUS STORE ITEMS),local purchase,0.92
local purchase,LOCAL PURCHASE (MISCELLANEOUS STORE ITEMS),local purchase,1.0
local purchase 11/6/25,LOCAL PURCHASE (MISCELLANEOUS STORE ITEMS),local purchase,0.92
local purchase 15/12,LOCAL PURCHASE (MISCELLANEOUS STORE ITEMS),local purchase,0.92
local purchase 17th 18th 19th,LOCAL PURCHASE (MISCELLANEOUS STORE ITEMS),local purchase,0.92
local purchase 19th 20th 21st,LOCAL PURCHASE (MISCELLANEOUS STORE ITEMS),local purchase,0.92
local purchase 2/2/26,LOCAL PURCHASE (MISCELLANEOUS STORE ITEMS),local purchase,0.92
local purchase 23/12,LOCAL PURCHASE (MISCELLANEOUS STORE ITEMS),local purchase,0.92
local purchase 3/2/26,LOCAL PURCHASE (MISCELLANEOUS STORE ITEMS),local purchase,0.92
local purchase 5-12-25,LOCAL PURCHASE (MISCELLANEOUS STORE ITEMS),local purchase,0.92
A C Water Service,MAINTENANCE – SHOP & EQUIPMENT,ac service,0.7407
A/C service,MAINTENANCE – SHOP & EQUIPMENT,ac service,0.9524
A/C service n gas charging,MAINTENANCE – SHOP & EQUIPMENT,ac gas charging,0.7317
A/C switch changing work,MAINTENANCE – SHOP & EQUIPMENT,switch repair,0.5405
Ac Repair,MAINTENANCE – SHOP & EQUIPMENT,ac repair,1.0
CCTV Advance,MAINTENANCE – SHOP & EQUIPMENT,cctv maintenance,0.7143
CCTV Camera install and service,MAINTENANCE – SHOP & EQUIPMENT,cctv installation,0.5833
CCTV Maintenance,MAINTENANCE – SHOP & EQUIPMENT,cctv maintenance,1.0
CCTV Maintenance work amount reimbursed to Arjun,MAINTENANCE – SHOP & EQUIPMENT,cctv maintenance,0.92
Chair Welding charges,MAINTENANCE – SHOP & EQUIPMENT,chair welding,0.95
Door Closer,MAINTENANCE – SHOP & EQUIPMENT,door closer,1.0
Door Installation Charges,MAINTENANCE – SHOP & EQUIPMENT,door installation,0.95
Drinking Water Testing Charges,MAINTENANCE – SHOP & EQUIPMENT,water lab testing,0.6
Electrical Maintanance,MAINTENANCE – SHOP & EQUIPMENT,electrical maintenance,0.9545
LED Bulb,MAINTENANCE – SHOP & EQUIPMENT,led bulb,1.0
Make Line Repair,MAINTENANCE – SHOP & EQUIPMENT,makeline chiller repair,0.7692
Makeline chiller repair,MAINTENANCE – SHOP & EQUIPMENT,makeline chiller repair,1.0
Mixi Jar Repair,MAINTENANCE – SHOP & EQUIPMENT,mixer jar repair,0.9032
Oven Service,MAINTENANCE – SHOP & EQUIPMENT,oven service,1.0
Paint,MAINTENANCE – SHOP & EQUIPMENT,shutter paint,0.92
Paint for Table and Chair,MAINTENANCE – SHOP & EQUIPMENT,table paint,0.9
Project work - Maintenance,MAINTENANCE – SHOP & EQUIPMENT,cctv maintenance,0.7
RO Machine repair n service,MAINTENANCE – SHOP & EQUIPMENT,ro machine repair,0.92
Shop Sign Board Cleanimng Charges,MAINTENANCE – SHOP & EQUIPMENT,sign board electric work,0.5614
TV repair & service,MAINTENANCE – SHOP & EQUIPMENT,oven service,0.6897
WATER TANK CLEANING,MAINTENANCE – SHOP & EQUIPMENT,water tank cleaning,1.0
ajay advance for wooden pizza holder,MAINTENANCE – SHOP & EQUIPMENT,wooden pizza server,0.6
cash drawer repair,MAINTENANCE – SHOP & EQUIPMENT,chiller repair,0.6875
cctv power supply,MAINTENANCE – SHOP & EQUIPMENT,cctv power supply,1.0
chiller condenser motor,MAINTENANCE – SHOP & EQUIPMENT,chiller repair,0.5405
chiller repair,MAINTENANCE – SHOP & EQUIPMENT,chiller repair,1.0
chiller technician,MAINTENANCE – SHOP & EQUIPMENT,deep freezer technician,0.6341
dough machine machanic,MAINTENANCE – SHOP & EQUIPMENT,dough machine repair,0.7619
dough machine repair,MAINTENANCE – SHOP & EQUIPMENT,dough machine repair,1.0
dough machine repair n transport,MAINTENANCE – SHOP & EQUIPMENT,dough machine repair,0.92
electric work kitchen,MAINTENANCE – SHOP & EQUIPMENT,kitchen door work,0.6
electrical work meterial and labour,MAINTENANCE – SHOP & EQUIPMENT,electrical work material labour,0.9091
exhaust fan repair,MAINTENANCE – SHOP & EQUIPMENT,exhaust fan repair,1.0
exhaust fan repair and lathe work,MAINTENANCE – SHOP & EQUIPMENT,fan repair,0.92
fan repair,MAINTENANCE – SHOP & EQUIPMENT,fan repair,1.0
frame fixing,MAINTENANCE – SHOP & EQUIPMENT,frame fixing,1.0
fryer machine,MAINTENANCE – SHOP & EQUIPMENT,fryer repair,0.64
fryer plug & socket changing,MAINTENANCE – SHOP & EQUIPMENT,fryer plug changing,0.9
fryer plug changing,MAINTENANCE – SHOP & EQUIPMENT,fryer plug changing,1.0
fryer repair,MAINTENANCE – SHOP & EQUIPMENT,fryer repair,1.0
kitchen door work,MAINTENANCE – SHOP & EQUIPMENT,kitchen door work,1.0
kitchen door work(manoj),MAINTENANCE – SHOP & EQUIPMENT,kitchen door work,0.92
kitchen electric work,MAINTENANCE – SHOP & EQUIPMENT,kitchen door work,0.7368
kitchen zink water tap work,MAINTENANCE – SHOP & EQUIPMENT,kitchen door work,0.6364
led bulb  2pc,MAINTENANCE – SHOP & EQUIPMENT,led bulb,0.92
make line welding work,MAINTENANCE – SHOP & EQUIPMENT,chair welding,0.5714
mixer jar repair,MAINTENANCE – SHOP & EQUIPMENT,mixer jar repair,1.0
mixer repair,MAINTENANCE – SHOP & EQUIPMENT,mixer repair,1.0
new mixer jar,MAINTENANCE – SHOP & EQUIPMENT,mixer repair,0.64
nixer grinder repair,MAINTENANCE – SHOP & EQUIPMENT,mixer jar repair,0.7222
old mixer jar repair,MAINTENANCE – SHOP & EQUIPMENT,mixer jar repair,0.92
pa pro repair,MAINTENANCE – SHOP & EQUIPMENT,ac repair,0.7273
panel LED light 6 pc with labour charges,MAINTENANCE – SHOP & EQUIPMENT,panel led light,0.92
shutter paint,MAINTENANCE – SHOP & EQUIPMENT,shutter paint,1.0
sign board electric work,MAINTENANCE – SHOP & EQUIPMENT,sign board electric work,1.0
spray paint,MAINTENANCE – SHOP & EQUIPMENT,shutter paint,0.6667
switch repairing,MAINTENANCE – SHOP & EQUIPMENT,switch repair,0.92
tube light fitting,MAINTENANCE – SHOP & EQUIPMENT,tube light fitting,1.0
wall fan repair,MAINTENANCE – SHOP & EQUIPMENT,fan repair,0.92
water 20 ltr,MAINTENANCE – SHOP & EQUIPMENT,water lab testing,0.5517
water can,MAINTENANCE – SHOP & EQUIPMENT,water lab testing,0.6154
water lab testing,MAINTENANCE – SHOP & EQUIPMENT,water lab testing,1.0
"water tank cap, plumber, cleaning expense",MAINTENANCE – SHOP & EQUIPMENT,water tank cleaning,0.9
water testing lab charges,MAINTENANCE – SHOP & EQUIPMENT,water lab testing,0.95
weighing machine flipkart,MAINTENANCE – SHOP & EQUIPMENT,weighing machine repair,0.7917
weighing machine repair,MAINTENANCE – SHOP & EQUIPMENT,weighing machine repair,1.0
wooden pizza server,MAINTENANCE – SHOP & EQUIPMENT,wooden pizza server,1.0
Aqua supervision,MISCELLANEOUS / OTHER,aqua supervision,1.0
Donation,MISCELLANEOUS / OTHER,donation,1.0
JCB,MISCELLANEOUS / OTHER,jcb charges,0.95
Royalty,MISCELLANEOUS / OTHER,royalty,1.0
google sound POD fee,MISCELLANEOUS / OTHER,google sound pod fee,1.0
ladder rent,MISCELLANEOUS / OTHER,ladder rent,1.0
loocos common bill,MISCELLANEOUS / OTHER,common bill,0.92
loocos contribution for road to premise concrete work,MISCELLANEOUS / OTHER,contribution for road work,0.9
miscellaneous expense,MISCELLANEOUS / OTHER,miscellaneous expense,1.0
CPU service,OFFICE & ADMINISTRATION,cpu service,1.0
Mobile cover screen guard,OFFICE & ADMINISTRATION,mobile cover,0.92
Mobile purchase,OFFICE & ADMINISTRATION,mobile purchase,1.0
RCA Sterio cable,OFFICE & ADMINISTRATION,printer usb cable,0.6061
Thermal Printer,OFFICE & ADMINISTRATION,thermal printer,1.0
UPS,OFFICE & ADMINISTRATION,ups,1.0
Voucher Book,OFFICE & ADMINISTRATION,voucher book,1.0
Voucher Book 3,OFFICE & ADMINISTRATION,voucher book,0.9231
Voucher Book 3 & file folder,OFFICE & ADMINISTRATION,voucher book,0.92
exercise book 2,OFFICE & ADMINISTRATION,exercise book,0.9286
passion pro old repair,OFFICE & ADMINISTRATION,sound box repair,0.6316
passion pro repair,OFFICE & ADMINISTRATION,sound box repair,0.7059
pen drive,OFFICE & ADMINISTRATION,pen drive,1.0
printer usb cable,OFFICE & ADMINISTRATION,printer usb cable,1.0
sound box repair,OFFICE & ADMINISTRATION,sound box repair,1.0
stationery,OFFICE & ADMINISTRATION,stationery,1.0
stock register,OFFICE & ADMINISTRATION,stock register,1.0
2000pc menu distribution,PACKAGING & DISPOSABLES,menu distribution,0.92
BUTTER PAPER,PACKAGING & DISPOSABLES,butter paper,1.0
Butter Paper,PACKAGING & DISPOSABLES,butter paper,1.0
KOT ROLLS,PACKAGING & DISPOSABLES,kot rolls,1.0
Lucky Draw Coupon,PACKAGING & DISPOSABLES,lucky draw coupon,1.0
Mudra Paper for Bank,PACKAGING & DISPOSABLES,paper bag,0.5517
Paper Bag,PACKAGING & DISPOSABLES,paper bag,1.0
"Paper Bag( LG ,MED, REG)",PACKAGING & DISPOSABLES,paper bag,0.92
Paper Roll,PACKAGING & DISPOSABLES,paper roll,1.0
Transportation Charge eng veg paper bags,PACKAGING & DISPOSABLES,paper bag,0.92
Transportation Charge paper bags,PACKAGING & DISPOSABLES,paper bag,0.92
Wooden Plates,PACKAGING & DISPOSABLES,wooden plates,1.0
amazone delivery,PACKAGING & DISPOSABLES,delivery bag,0.5714
cling film,PACKAGING & DISPOSABLES,cling film,1.0
delivery bag transport,PACKAGING & DISPOSABLES,delivery bag,0.92
hose pipe 1 roll,PACKAGING & DISPOSABLES,paper roll,0.6154
menu card distribution news paper,PACKAGING & DISPOSABLES,menu distribution,0.9
menu printing MUSTAFA,PACKAGING & DISPOSABLES,menu printing,0.92
paper glass straw,PACKAGING & DISPOSABLES,paper glass,0.92
printing (QR Code),PACKAGING & DISPOSABLES,menu printing,0.5517
safa menu printing,PACKAGING & DISPOSABLES,menu printing,0.92
wodden fork 4 pkt,PACKAGING & DISPOSABLES,wooden fork,0.7143
Adjustment,PARTNER & CAPITAL TRANSACTIONS,adjustment,1.0
Amount mismatch to verify,PARTNER & CAPITAL TRANSACTIONS,amount mismatch to verify,1.0
Arjun Staff Advance,PARTNER & CAPITAL TRANSACTIONS,manoj advance,0.625
Bank Deposit,PARTNER & CAPITAL TRANSACTIONS,bank deposit,1.0
Bike Advance,PARTNER & CAPITAL TRANSACTIONS,bike advance,1.0
Cash Tray,PARTNER & CAPITAL TRANSACTIONS,cash shortage,0.6364
Cash missing,PARTNER & CAPITAL TRANSACTIONS,cash missing,1.0
Credited To Bank,PARTNER & CAPITAL TRANSACTIONS,credited to bank,1.0
Deposited To Bank,PARTNER & CAPITAL TRANSACTIONS,deposited to bank,1.0
Inverter Advance Development,PARTNER & CAPITAL TRANSACTIONS,inverter advance development,1.0
Manoj Advance,PARTNER & CAPITAL TRANSACTIONS,manoj advance,1.0
Manoj Partner Share,PARTNER & CAPITAL TRANSACTIONS,partner share,0.92
Missing Amount,PARTNER & CAPITAL TRANSACTIONS,missing amount,1.0
No Change,PARTNER & CAPITAL TRANSACTIONS,no change,1.0
No change,PARTNER & CAPITAL TRANSACTIONS,no change,1.0
Opening Balance,PARTNER & CAPITAL TRANSACTIONS,opening balance,1.0
Opening Bank Balance,PARTNER & CAPITAL TRANSACTIONS,opening bank balance,1.0
Partner share Manoj,PARTNER & CAPITAL TRANSACTIONS,partner share,0.92
Partners Share,PARTNER & CAPITAL TRANSACTIONS,partners share,1.0
Sukumaran Share,PARTNER & CAPITAL TRANSACTIONS,sukumaran share,1.0
cash short,PARTNER & CAPITAL TRANSACTIONS,cash short,1.0
cash shortage,PARTNER & CAPITAL TRANSACTIONS,cash shortage,1.0
Electrical bill,RENT & UTILITIES,electrical bill,1.0
Generator Rent 3days,RENT & UTILITIES,rent,0.92
Internet Connection,RENT & UTILITIES,internet connection,1.0
Internet LAN Cable,RENT & UTILITIES,lan cable,0.92
Jio Mobile Recharge,RENT & UTILITIES,jio mobile recharge,1.0
Maintnence (ELectrical),RENT & UTILITIES,electrical bill,0.5556
Mobile Recharge,RENT & UTILITIES,mobile recharge,1.0
Neft Transaction Charges,RENT & UTILITIES,neft transaction charges,1.0
Pos Machine Charges,RENT & UTILITIES,pos machine charges,1.0
RO machine changing of filters,RENT & UTILITIES,pos machine charges,0.6531
RO machine filter charge and service,RENT & UTILITIES,pos machine charges,0.6182
Recharge,RENT & UTILITIES,mobile recharge,0.92
Rent,RENT & UTILITIES,rent,1.0
Room Rent,RENT & UTILITIES,room rent,1.0
Sms Charges,RENT & UTILITIES,sms charges,1.0
Staff Room Rent,RENT & UTILITIES,staff room rent,1.0
airtel mobile recharge,RENT & UTILITIES,mobile recharge,0.92
common electricity bill,RENT & UTILITIES,common electricity bill,1.0
gafoor electrical,RENT & UTILITIES,electrical bill,0.625
loocos common current bill,RENT & UTILITIES,rent,0.92
rent,RENT & UTILITIES,rent,1.0
shop Rent,RENT & UTILITIES,shop rent,1.0
staff room current bill,RENT & UTILITIES,rent,0.92
staff room elect.bill,RENT & UTILITIES,staff room electric bill,0.9333
staff room electric work,RENT & UTILITIES,staff room electric bill,0.8333
ARjun,SALARIES (MONTHLY PAYMENTS),arjun salary,0.92
Abhijeeth,SALARIES (MONTHLY PAYMENTS),abhijeeth salary,0.92
Abhijeeth Salary,SALARIES (MONTHLY PAYMENTS),abhijeeth salary,1.0
Ajay salary,SALARIES (MONTHLY PAYMENTS),ajay salary,1.0
Akshay Salary,SALARIES (MONTHLY PAYMENTS),akshay salary,1.0
Anas Salary,SALARIES (MONTHLY PAYMENTS),anas salary,1.0
Anas Salary july 24,SALARIES (MONTHLY PAYMENTS),salary,0.92
Anas Slary,SALARIES (MONTHLY PAYMENTS),anas salary,0.9524
Anis Salary,SALARIES (MONTHLY PAYMENTS),anis salary,1.0
Ansari salary,SALARIES (MONTHLY PAYMENTS),ansari salary,1.0
Anshid salary,SALARIES (MONTHLY PAYMENTS),salary,0.92
Arjun Cook Salary,SALARIES (MONTHLY PAYMENTS),arjun cook salary,1.0
Arjun Staff Advance Salary,SALARIES (MONTHLY PAYMENTS),salary,0.92
Arjun Staff Salary,SALARIES (MONTHLY PAYMENTS),salary,0.92
Ashif Salary,SALARIES (MONTHLY PAYMENTS),salary,0.92
Ashik Advance Salary,SALARIES (MONTHLY PAYMENTS),salary,0.92
Athif Advance Salary,SALARIES (MONTHLY PAYMENTS),salary,0.92
Athif Salary,SALARIES (MONTHLY PAYMENTS),salary,0.92
FOR SALARY,SALARIES (MONTHLY PAYMENTS),salary,0.95
Faris Salary,SALARIES (MONTHLY PAYMENTS),salary,0.92
Fasil Advance Salary,SALARIES (MONTHLY PAYMENTS),salary,0.92
Fasil Salary,SALARIES (MONTHLY PAYMENTS),fasil salary,1.0
Habib Salary,SALARIES (MONTHLY PAYMENTS),habib salary,1.0
Haridasan Salary,SALARIES (MONTHLY PAYMENTS),haridasan salary,1.0
Haridasan advance Salary,SALARIES (MONTHLY PAYMENTS),salary,0.92
Hashim Salary,SALARIES (MONTHLY PAYMENTS),hashim salary,1.0
Hashim Salary adv,SALARIES (MONTHLY PAYMENTS),salary,0.92
Hashim Salary advance,SALARIES (MONTHLY PAYMENTS),salary,0.92
Hashim Salary for july 24,SALARIES (MONTHLY PAYMENTS),salary,0.92
Hisham salary,SALARIES (MONTHLY PAYMENTS),salary,0.92
Hisham salary advance,SALARIES (MONTHLY PAYMENTS),salary,0.92
Hissan Salary,SALARIES (MONTHLY PAYMENTS),hissan salary,1.0
Jayan Salary,SALARIES (MONTHLY PAYMENTS),salary,0.92
Jithu Salary,SALARIES (MONTHLY PAYMENTS),jithu salary,1.0
Kaif salary,SALARIES (MONTHLY PAYMENTS),kaif salary,1.0
Mahendra,SALARIES (MONTHLY PAYMENTS),mahendra salary,0.92
Mahendra Cook Salary,SALARIES (MONTHLY PAYMENTS),mahendra cook salary,1.0
Mahendra Salary,SALARIES (MONTHLY PAYMENTS),mahendra salary,1.0
Mahendra Salary adv,SALARIES (MONTHLY PAYMENTS),salary,0.92
Marshad Salary,SALARIES (MONTHLY PAYMENTS),marshad salary,1.0
Marshad salary,SALARIES (MONTHLY PAYMENTS),marshad salary,1.0
Mehboob Salary,SALARIES (MONTHLY PAYMENTS),mehboob salary,1.0
Muhsin salary,SALARIES (MONTHLY PAYMENTS),salary,0.92
Mushin salary,SALARIES (MONTHLY PAYMENTS),salary,0.92
Najah Salary,SALARIES (MONTHLY PAYMENTS),salary,0.92
Nihal salary,SALARIES (MONTHLY PAYMENTS),nihal salary,1.0
Nishal Salary,SALARIES (MONTHLY PAYMENTS),nishal salary,1.0
Ranjith Salary,SALARIES (MONTHLY PAYMENTS),ranjith salary,1.0
Rauf Salary,SALARIES (MONTHLY PAYMENTS),rauf salary,1.0
Rauf Salary adv,SALARIES (MONTHLY PAYMENTS),salary,0.92
Sadik Salary,SALARIES (MONTHLY PAYMENTS),sadik salary,1.0
Sajad Salary,SALARIES (MONTHLY PAYMENTS),sajad salary,1.0
Salary,SALARIES (MONTHLY PAYMENTS),salary,1.0
Salu salary,SALARIES (MONTHLY PAYMENTS),salu salary,1.0
Sanah salary,SALARIES (MONTHLY PAYMENTS),salary,0.92
Sanoj Salary,SALARIES (MONTHLY PAYMENTS),sanoj salary,1.0
Santhosh Advance Salary,SALARIES (MONTHLY PAYMENTS),salary,0.92
Santhosh Salary,SALARIES (MONTHLY PAYMENTS),santhosh salary,1.0
Shabir Salary,SALARIES (MONTHLY PAYMENTS),shabir salary,1.0
Shaheel salary settlement,SALARIES (MONTHLY PAYMENTS),salary,0.92
Shamil Salary Advance,SALARIES (MONTHLY PAYMENTS),salary,0.92
Shamil Salary settlment,SALARIES (MONTHLY PAYMENTS),salary,0.92
Shathru Advance Salary,SALARIES (MONTHLY PAYMENTS),salary,0.92
Shathru Medical,SALARIES (MONTHLY PAYMENTS),shathru salary,0.6897
Shathru Salary,SALARIES (MONTHLY PAYMENTS),shathru salary,1.0
Shathru Salary advance,SALARIES (MONTHLY PAYMENTS),salary,0.92
Shibil Salary,SALARIES (MONTHLY PAYMENTS),salary,0.92
Shibil Salary advance,SALARIES (MONTHLY PAYMENTS),salary,0.92
Shihab Salary,SALARIES (MONTHLY PAYMENTS),salary,0.92
Shuaib Salary,SALARIES (MONTHLY PAYMENTS),shuaib salary,1.0
Shyam Advance Salary,SALARIES (MONTHLY PAYMENTS),salary,0.92
Shyam Salary,SALARIES (MONTHLY PAYMENTS),shyam salary,1.0
Sifan Vegitable,SALARIES (MONTHLY PAYMENTS),sifan salary,0.5926
Siyad Salary,SALARIES (MONTHLY PAYMENTS),siyad salary,1.0
Siyad Salary advance,SALARIES (MONTHLY PAYMENTS),salary,0.92
Sonu Advance Salary,SALARIES (MONTHLY PAYMENTS),salary,0.92
Sonu Salary,SALARIES (MONTHLY PAYMENTS),salary,0.92
Sukumaran Advance Salary,SALARIES (MONTHLY PAYMENTS),salary,0.92
Sukumaran Salary,SALARIES (MONTHLY PAYMENTS),sukumaran salary,1.0
Sukumaran Salary For May,SALARIES (MONTHLY PAYMENTS),salary,0.92
Swalih salary,SALARIES (MONTHLY PAYMENTS),swalih salary,1.0
Syam Adavance Salary,SALARIES (MONTHLY PAYMENTS),salary,0.92
Syam Salary,SALARIES (MONTHLY PAYMENTS),shyam salary,0.9565
Vipin Salary,SALARIES (MONTHLY PAYMENTS),vipin salary,1.0
Yasir Salary,SALARIES (MONTHLY PAYMENTS),yasir salary,1.0
ajay salary,SALARIES (MONTHLY PAYMENTS),ajay salary,1.0
akshayjith salary,SALARIES (MONTHLY PAYMENTS),salary,0.92
anas salary,SALARIES (MONTHLY PAYMENTS),anas salary,1.0
anas salary advance,SALARIES (MONTHLY PAYMENTS),salary,0.92
ansil salary,SALARIES (MONTHLY PAYMENTS),salary,0.92
arun salary,SALARIES (MONTHLY PAYMENTS),arjun salary,0.9565
arun salary advance,SALARIES (MONTHLY PAYMENTS),salary,0.92
arun salary for july 24,SALARIES (MONTHLY PAYMENTS),salary,0.92
arun salary settlement,SALARIES (MONTHLY PAYMENTS),salary,0.92
asdhif salary,SALARIES (MONTHLY PAYMENTS),salary,0.92
ashif salary adance,SALARIES (MONTHLY PAYMENTS),salary,0.92
ashik salary,SALARIES (MONTHLY PAYMENTS),salary,0.92
ashik salary advance,SALARIES (MONTHLY PAYMENTS),salary,0.92
ashik salary settlement,SALARIES (MONTHLY PAYMENTS),salary,0.92
ashiq Salary,SALARIES (MONTHLY PAYMENTS),salary,0.92
asif salary,SALARIES (MONTHLY PAYMENTS),salary,0.92
hashi aug salary,SALARIES (MONTHLY PAYMENTS),salary,0.92
hisham salary,SALARIES (MONTHLY PAYMENTS),salary,0.92
hisham salary(13th & 14th),SALARIES (MONTHLY PAYMENTS),salary,0.92
indrajith salary,SALARIES (MONTHLY PAYMENTS),indrajith salary,1.0
jishnu 2 days salary,SALARIES (MONTHLY PAYMENTS),salary,0.92
jishnu salary,SALARIES (MONTHLY PAYMENTS),salary,0.92
mahendra cleaning work,SALARIES (MONTHLY PAYMENTS),mahendra salary,0.6486
mahendra salary advance,SALARIES (MONTHLY PAYMENTS),salary,0.92
manoj salary,SALARIES (MONTHLY PAYMENTS),salary,0.92
manoj salary advance,SALARIES (MONTHLY PAYMENTS),salary,0.92
marshad salary,SALARIES (MONTHLY PAYMENTS),marshad salary,1.0
nafeeh salary,SALARIES (MONTHLY PAYMENTS),salary,0.92
nahendra salary adance,SALARIES (MONTHLY PAYMENTS),salary,0.92
pashupathi salary advance,SALARIES (MONTHLY PAYMENTS),salary,0.92
pashupathy salary,SALARIES (MONTHLY PAYMENTS),salary,0.92
pashupathy salary adv,SALARIES (MONTHLY PAYMENTS),salary,0.92
pashupathy salary advance,SALARIES (MONTHLY PAYMENTS),salary,0.92
pashupathy salary for july 24,SALARIES (MONTHLY PAYMENTS),salary,0.92
passhupathy salary,SALARIES (MONTHLY PAYMENTS),salary,0.92
radhakrishnan salary,SALARIES (MONTHLY PAYMENTS),salary,0.92
radhakrishnan salary advance,SALARIES (MONTHLY PAYMENTS),salary,0.92
radhakrishnan salary july 24,SALARIES (MONTHLY PAYMENTS),salary,0.92
rauf May 24 salary settlement,SALARIES (MONTHLY PAYMENTS),salary,0.92
rauf salary,SALARIES (MONTHLY PAYMENTS),rauf salary,1.0
rauf salary April,SALARIES (MONTHLY PAYMENTS),salary,0.92
rauf salary advance,SALARIES (MONTHLY PAYMENTS),salary,0.92
salary adance ANAS,SALARIES (MONTHLY PAYMENTS),salary,0.92
salary advance satru,SALARIES (MONTHLY PAYMENTS),salary,0.92
salim salary,SALARIES (MONTHLY PAYMENTS),salary,0.92
sanah salary,SALARIES (MONTHLY PAYMENTS),salary,0.92
sanah salary advance,SALARIES (MONTHLY PAYMENTS),salary,0.92
sankar salary,SALARIES (MONTHLY PAYMENTS),sankar salary,1.0
sankar salary advance,SALARIES (MONTHLY PAYMENTS),salary,0.92
shabeer salary 2 days,SALARIES (MONTHLY PAYMENTS),salary,0.92
shafeer salary,SALARIES (MONTHLY PAYMENTS),salary,0.92
shaheel salary,SALARIES (MONTHLY PAYMENTS),shaheel salary,1.0
shaheel salary  july 24,SALARIES (MONTHLY PAYMENTS),salary,0.92
shaheel salary advance,SALARIES (MONTHLY PAYMENTS),salary,0.92
shatru salary,SALARIES (MONTHLY PAYMENTS),shathru salary,0.963
shatru salary APRIL 24,SALARIES (MONTHLY PAYMENTS),salary,0.92
shatru salary advance,SALARIES (MONTHLY PAYMENTS),salary,0.92
shatru salary dec 24,SALARIES (MONTHLY PAYMENTS),salary,0.92
shatru salary for july 24,SALARIES (MONTHLY PAYMENTS),salary,0.92
shefeer salary,SALARIES (MONTHLY PAYMENTS),salary,0.92
shibil Advace Salary,SALARIES (MONTHLY PAYMENTS),salary,0.92
shibil salary advance,SALARIES (MONTHLY PAYMENTS),salary,0.92
shohaib salary,SALARIES (MONTHLY PAYMENTS),shohaib salary,1.0
shyam salary advance,SALARIES (MONTHLY PAYMENTS),salary,0.92
siyad sal ad,SALARIES (MONTHLY PAYMENTS),siyad salary,0.8333
towards salary shathru and nahendra,SALARIES (MONTHLY PAYMENTS),salary,0.92
Haridasan Final Settlement,SALARY ADVANCES & SETTLEMENTS,final settlement,0.92
amount taken for salary,SALARY ADVANCES & SETTLEMENTS,amount taken for salary,1.0
pashupathi sal advance,SALARY ADVANCES & SETTLEMENTS,salary advance,0.6111
shatru sal advance,SALARY ADVANCES & SETTLEMENTS,salary advance,0.6875
2 kitchen staff medical lab testing charges,STAFF WELFARE & BENEFITS,medical lab testing,0.92
Gafoor party fund,STAFF WELFARE & BENEFITS,staff party,0.5714
Health card Form,STAFF WELFARE & BENEFITS,health card form,1.0
Kitchen staff uniform stitching,STAFF WELFARE & BENEFITS,staff uniform,0.92
"Looco,s ottapalam T Shirts",STAFF WELFARE & BENEFITS,uniform t shirts,0.6
New T-Shirt,STAFF WELFARE & BENEFITS,uniform t shirts,0.6667
Onam Bonus,STAFF WELFARE & BENEFITS,onam bonus,1.0
Staff Bonus,STAFF WELFARE & BENEFITS,staff bonus,1.0
Staff Food,STAFF WELFARE & BENEFITS,staff food,1.0
Staff Party,STAFF WELFARE & BENEFITS,staff party,1.0
Staff Photo,STAFF WELFARE & BENEFITS,staff food,0.7619
Stitching Charges,STAFF WELFARE & BENEFITS,uniform stitching charges,0.92
Uniform T shirts,STAFF WELFARE & BENEFITS,uniform t shirts,1.0
Uniform shirts,STAFF WELFARE & BENEFITS,uniform shirts,1.0
health Card & Testing,STAFF WELFARE & BENEFITS,health card,0.92
health card expenses 3 staff,STAFF WELFARE & BENEFITS,health card,0.92
kitchen staff bonus,STAFF WELFARE & BENEFITS,kitchen staff bonus,1.0
kitchen staff health checkup,STAFF WELFARE & BENEFITS,kitchen staff health checkup,1.0
kitchen staff medical checkup 2staff,STAFF WELFARE & BENEFITS,kitchen staff health checkup,0.7812
kitchen staff party,STAFF WELFARE & BENEFITS,kitchen staff party,1.0
kitchen staff party (Manoj),STAFF WELFARE & BENEFITS,staff party,0.92
kitchen staff typhoid vaccination and health card expenses,STAFF WELFARE & BENEFITS,health card,0.92
kitchen staff uniform 4 pc,STAFF WELFARE & BENEFITS,staff uniform,0.92
medical card for shatru & radhakrishnan,STAFF WELFARE & BENEFITS,medical card charges,0.9
rakesh kitchen staff from otp adv,STAFF WELFARE & BENEFITS,kitchen staff party,0.6154
shatru medical expenses,STAFF WELFARE & BENEFITS,medical expenses,0.92
shibil accident expenses,STAFF WELFARE & BENEFITS,medical expenses,0.55
staff food expense,STAFF WELFARE & BENEFITS,staff food,0.92
staff night food expenses,STAFF WELFARE & BENEFITS,staff night food,0.92
staff uniform,STAFF WELFARE & BENEFITS,staff uniform,1.0
uniform charges,STAFF WELFARE & BENEFITS,uniform shirts,0.9
Bus Transportation,TRANSPORTATION & AUTO CHARGES,bus transportation,1.0
Notice Transportation,TRANSPORTATION & AUTO CHARGES,transportation charge,0.9
Table transpoting charges,TRANSPORTATION & AUTO CHARGES,table transporting charges,0.9804
Transportation Charge,TRANSPORTATION & AUTO CHARGES,transportation charge,1.0
Transportation Charge (OTP),TRANSPORTATION & AUTO CHARGES,transportation charge,0.92
Transportation Charge (OTP)kheema masala,TRANSPORTATION & AUTO CHARGES,transportation charge,0.92
Transportation Charge GOODS FROM OTP,TRANSPORTATION & AUTO CHARGES,transportation charge,0.92
Transportation Charge PASSION PRO,TRANSPORTATION & AUTO CHARGES,transportation charge,0.92
Transportation Charge eng veg,TRANSPORTATION & AUTO CHARGES,transportation charge,0.92
Transportation Charge isha veg,TRANSPORTATION & AUTO CHARGES,transportation charge,0.92
Transportation charge ( Freezer),TRANSPORTATION & AUTO CHARGES,transportation charge,0.92
Transportation charges Sathru,TRANSPORTATION & AUTO CHARGES,transportation charge,0.92
Twister Maintanance (parts & Transportation),TRANSPORTATION & AUTO CHARGES,transportation charge,0.9
auto charge,TRANSPORTATION & AUTO CHARGES,auto charge,1.0
auto charge cpy-pgt-cpy generator,TRANSPORTATION & AUTO CHARGES,auto charge,0.92
auto charge goods from otp,TRANSPORTATION & AUTO CHARGES,auto charge,0.92
auto charge koonathil goods,TRANSPORTATION & AUTO CHARGES,auto charge,0.92
auto fare cpy- otp-cpy,TRANSPORTATION & AUTO CHARGES,auto charge,0.9
auto fare generator palakkad,TRANSPORTATION & AUTO CHARGES,auto charge,0.9
chef bus charge ottappalam,TRANSPORTATION & AUTO CHARGES,chef bus fare,0.6154
dough machine transportation,TRANSPORTATION & AUTO CHARGES,transportation charge,0.9
goods transport OTP and dough machine,TRANSPORTATION & AUTO CHARGES,goods transport,0.92
oil drum and transport,TRANSPORTATION & AUTO CHARGES,goods transport,0.6486
rikshaw fare  goods from OTP,TRANSPORTATION & AUTO CHARGES,rikshaw fare,0.92
rikshaw fare cpy- pkd- cpy,TRANSPORTATION & AUTO CHARGES,rikshaw fare,0.92
staff bus fare,TRANSPORTATION & AUTO CHARGES,staff bus fare,1.0
20 ltr water,UNMAPPED,,0.45
20 ltr water with deposit,UNMAPPED,,0.4865
7up 750ml pet 1case,UNMAPPED,,0.45
8 channel fiber SMPS,UNMAPPED,,0.4375
A3 print,UNMAPPED,,0.45
ABAD fishries,UNMAPPED,,0.45
Arjun refund vishu,UNMAPPED,,0.4667
Berryfresh,UNMAPPED,,0.4375
Bill Cancellation,UNMAPPED,,0.45
Burgar tawa,UNMAPPED,,0.45
CA Charges,UNMAPPED,,0.45
Drinking Water (20 ltr),UNMAPPED,,0.45
Essar Associates,UNMAPPED,,0.45
Greengrass,UNMAPPED,,0.45
Icecream,UNMAPPED,,0.45
Icecream Box,UNMAPPED,,0.45
Ishanys Accounting Charges,UNMAPPED,,0.45
Koonathil Traders,UNMAPPED,,0.45
Lakhyam Foods Masala,UNMAPPED,,0.45
Lakshyam Foods,UNMAPPED,,0.45
Lakshyam Foods - Masala,UNMAPPED,,0.45
"Looco,s ottapalam notice",UNMAPPED,,0.45
"Looco,s pattambi",UNMAPPED,,0.45
Maintnence Plumbing,UNMAPPED,,0.45
Mask,UNMAPPED,,0.45
Medicine,UNMAPPED,,0.45
Music system cable,UNMAPPED,,0.4571
Narayana Traders,UNMAPPED,,0.45
New File,UNMAPPED,,0.45
Pa pro KL 51 D 2637 insurance,UNMAPPED,,0.5
Paint primer,UNMAPPED,,0.45
Photo copy,UNMAPPED,,0.45
Plates and tray,UNMAPPED,,0.45
Sathrujen,UNMAPPED,,0.45
Screw driver,UNMAPPED,,0.45
Shabeer,UNMAPPED,,0.45
TDSmeter Flipkart,UNMAPPED,,0.45
Taha Enterprises,UNMAPPED,,0.45
United Trading Academy,UNMAPPED,,0.45
Vegitable,UNMAPPED,,0.45
Vegitable  Hisham,UNMAPPED,,0.45
Vegitables Pattambi,UNMAPPED,,0.45
accelarator cable pa pro,UNMAPPED,,0.4848
athul Govind,UNMAPPED,,0.45
bed 3 pc staffroom,UNMAPPED,,0.45
bright electricals,UNMAPPED,,0.45
cap 5,UNMAPPED,,0.4286
curtian work amount reimbursed to Arjun,UNMAPPED,,0.45
dicover polution,UNMAPPED,,0.45
egitables,UNMAPPED,,0.45
electric wire 10mtr,UNMAPPED,,0.5116
electrician,UNMAPPED,,0.45
electrician pepsi fridge plug work,UNMAPPED,,0.5
extension board and tester,UNMAPPED,,0.48
fork n spoon,UNMAPPED,,0.45
high stool welding charges,UNMAPPED,,0.5128
hisham,UNMAPPED,,0.4444
hungritos french fry 3 box,UNMAPPED,,0.4737
isolator E Breaker,UNMAPPED,,0.45
key board,UNMAPPED,,0.45
lader fund,UNMAPPED,,0.45
lock and key 2pc,UNMAPPED,,0.4828
mocktail ice breaker spoon,UNMAPPED,,0.45
mosquito bat,UNMAPPED,,0.45
news paper agent 2500pc flyer distribution,UNMAPPED,,0.5085
next traders(mojito),UNMAPPED,,0.45
painting meterials/LED fittings/whatsapp marketing,UNMAPPED,,0.45
pepsi 250ml pet,UNMAPPED,,0.45
pepsi essar associates,UNMAPPED,,0.4348
pizza pan transport PTB and MKD,UNMAPPED,,0.4889
project work - Green wall,UNMAPPED,,0.4815
puthanalkal temple festival,UNMAPPED,,0.45
raw papaya,UNMAPPED,,0.45
restaurant table work,UNMAPPED,,0.4615
shihab,UNMAPPED,,0.45
shop licence application submitting expenses,UNMAPPED,,0.45
sign board revet fixing charges,UNMAPPED,,0.5091
technician deepfreezer,UNMAPPED,,0.48
tester,UNMAPPED,,0.45
tomato hibrid,UNMAPPED,,0.4615
transport charge 3pc staff kattil,UNMAPPED,,0.5
transport charge eng veg,UNMAPPED,,0.4737
vanilla icecream,UNMAPPED,,0.45
vegetable 3day,UNMAPPED,,0.45
vegitable chy,UNMAPPED,,0.45
vyapari vyavasayi ekopana samithi,UNMAPPED,,0.4082
wall hooks 6pc flipkart,UNMAPPED,,0.45
wash basin water tap,UNMAPPED,,0.45
wash basin water tap 2 feet connector pipe out side,UNMAPPED,,0.45
wash basin water tap outside,UNMAPPED,,0.45
water 20 ltr with deposit,UNMAPPED,,0.4865
wiping towel 4 pc flipkart,UNMAPPED,,0.45
