Vendor_Name,Item_Name,UOM,Unit_Price,Date
Essar Associates,Aqua Fina 1.0 L,Case,168.0,2022-09-15
Koonathil Traders,Summeru Neggets Premium 1KG,Nos,278.0,2022-09-16
Koonathil Traders,Eastern Coriander 1KG,Nos,235.01,2022-09-16
Koonathil Traders,GO Colby Cheese Block 2kg,Nos,1220.0,2022-09-16
Koonathil Traders,AMUL Mozzarella Diced 1Kg,Nos,429.0,2022-09-16
Loocos Pizza CPY,Corn Meal - MAKKA RAVA,Nos,90.0,2022-09-30
Loocos Pizza CPY,Strawberry,Pkt,502.0,2022-09-30
Loocos Pizza CPY,Baby Corn Whole,Tin,112.0,2022-09-30
Loocos Pizza CPY,Garlic Paste,Kg,50.0,2022-09-30
Loocos Pizza CPY,DVC Passion Fruit 750ML,Grams,0.58,2022-09-30
Loocos Pizza CPY,Herb Mix Masla,Nos,414.0,2022-09-30
Loocos Pizza CPY,Straw,Nos,0.35,2022-09-30
Loocos Pizza CPY,Plastic Cover 16X20,Nos,2.8,2022-09-30
Loocos Pizza CPY,Turmeric Powder,Grams,0.22,2022-09-30
Loocos Pizza CPY,BBQ Wings,Pkt,446.88,2022-09-30
Koonathil Traders,French Fries 9mm-Amul,Pkt,295.0,2022-10-05
Koonathil Traders,French Fries 6mm-Amul,Nos,295.0,2022-10-07
Koonathil Traders,Lime Pickle-500GRM-Rahath,Nos,55.0,2022-10-07
Koonathil Traders,Noor Jahan Rice 25kg,Nos,910.0,2022-10-17
Koonathil Traders,"Mix Veg, pickle-250g-tholur",Nos,39.99,2022-10-17
Koonathil Traders,GO-Monterey Jack Cheese-2kg,Nos,1220.01,2022-10-17
Koonathil Traders,Zippy  B.Fast Sausage ,Nos,345.01,2022-10-17
Koonathil Traders,Zippy Chicken Salami,Nos,354.0,2022-10-17
Local Purchase,Eveready Battery Small,Nos,18.0,2022-10-01
Local Purchase-Petrol,Petrol,Ltr,106.97,2022-10-01
City Mart Supermarket,Milk-Elanad-500ml,Nos,25.0,2022-10-02
Local Purchase,Jar Caplar,Nos,80.0,2022-10-03
City Mart Supermarket,Salt Powder,Nos,13.0,2022-10-03
KTP Vegitables,Okra-Veg,Kg,40.0,2022-10-03
Local Purchase,Pooja Items,Pkt,294.0,2022-10-04
Local Purchase-Petrol,petrol,Ltr,106.97,2022-10-05
Isha Fresh Vegitables (Hisham),parsely,Kg,200.0,2022-10-06
Isha Fresh Vegitables (Hisham),Ice Berg,Kg,160.0,2022-10-06
MBS Traders,colour,Tin,60.0,2022-10-14
City Mart Supermarket,Turmeric Powder-eastern,Pkt,22.0,2022-10-20
Royal Hypermarket-Ottapalam,Parsely-Veg,Pkt,38.0,2022-10-20
KTP Vegitables,Chembu-veg,Kg,54.0,2022-10-20
City Mart Supermarket,LED Bulb-Sturlite-10watt,Nos,110.0,2022-10-21
KTP Vegitables,onion,Kg,30.0,2022-10-21
Local Purchase,Rain Coat,Nos,650.0,2022-10-23
Local Purchase,Pooja Items,Nos,93.75,2022-10-24
Local Purchase,Cotton-cloth,Nos,70.0,2022-10-26
Local Purchase,Chicken-Staff,Kg,122.93,2022-10-26
Local Purchase,Duster,Nos,75.0,2022-10-26
KTP Vegitables,Tomato,Kg,25.0,2022-10-27
Local Purchase,Brush-Small,Nos,50.0,2022-10-30
Local Purchase,Dusting-cloth,Nos,40.0,2022-10-30
Loocos Pizza CPY,chilli flakes,Pkt,44.0,2022-10-31
Loocos Pizza CPY,DVC BLUE OCCEAN FLV SYRUP 750ML,Grams,0.58,2022-10-31
Loocos Pizza CPY,Pineapple slice-Tajir Habit-500g,Pkt,105.0,2022-10-31
Loocos Pizza CPY,Eastern Coriander 1KG,Kg,235.01,2022-10-31
Loocos Pizza CPY,Noor Jahan Rice 25kg,Kg,35.0,2022-10-31
Loocos Pizza CPY,Milk-Elanad-500ml,Ltr,50.0,2022-10-31
Loocos Pizza CPY,Cashew nut,Grams,0.8,2022-10-31
Loocos Pizza CPY,Curd-Elanad-500ml,Ltr,60.0,2022-10-31
Narayana Traders,Maida(Porotta 50kg),Nos,2010.0,2022-11-02
Lakhsyam Foods,Pizza Sauce Premix,Kg,283.5,2022-11-07
Lakhsyam Foods,Tripod,Pkt,737.5,2022-11-07
Koonathil Traders,Frozen Sweet Corn,Nos,103.0,2022-11-26
Loocos Pizza CPY,Chicken Masala-Eastern,Kg,450.0,2022-11-30
Loocos Pizza CPY,Flexi Cream Gold,Nos,195.0,2022-11-30
Loocos Pizza CPY,French Fries 6mm-ITC,Nos,350.0,2022-11-30
Loocos Pizza CPY,Ice-cube,Pkt,30.0,2022-11-30
Loocos Pizza CPY,Neo Red Paprika 3Kg,Kg,140.0,2022-11-30
Loocos Pizza CPY,Oregano Sprinkler 500g,Grams,0.58,2022-11-30
Loocos Pizza CPY,Palm Oil,Pkt,102.0,2022-11-30
Loocos Pizza CPY,Salt,Kg,12.0,2022-11-30
Loocos Pizza CPY,Schezwan sauce,Kg,340.0,2022-11-30
Loocos Pizza CPY,Tissue,Nos,11.0,2022-11-30
Loocos Pizza CPY,Veeba Barbequesauce 1KG,Kg,148.21,2022-11-30
Loocos Pizza CPY,Veeba T. Ketchup 1.2KG,Kg,81.67,2022-11-30
Local Purchase,Staff Attendence Register,Nos,24.0,2022-11-01
City Mart Supermarket,Atta-Tasty-pkt-1kg,Nos,53.0,2022-11-05
MBS Traders,Turmeric Powder,Pkt,20.0,2022-11-05
Local Purchase,Rice-Ponni,Kg,34.0,2022-11-11
Local Purchase,Chicken-Masala-quality,Pkt,28.0,2022-11-11
Local Purchase,Chicken Masala-Eastern,Pkt,42.0,2022-11-14
Local Purchase,Tea Kannan Devan,Pkt,30.0,2022-11-14
Local Purchase,Floor Cleaning Liquid Soad,Nos,230.0,2022-11-14
City Mart Supermarket,diya wicks,Pkt,30.0,2022-11-15
Local Purchase,Stapler Pin,Nos,10.0,2022-11-15
Local Purchase,Mop Cotton,Nos,55.0,2022-11-17
City Mart Supermarket,UrumbPodi-Fenval,Nos,35.0,2022-11-18
Local Purchase,bucket-Plastic,Nos,185.0,2022-11-18
Local Purchase,Mug-Steel,Nos,42.0,2022-11-18
Mansoor Traders Pattambi,Wooden Spoon-140mm,Pkt,78.0,2022-11-26
Local Purchase,W/L Mouse Glid Pro,Nos,750.0,2022-11-27
Local Purchase,M Seal,Pkt,20.0,2022-11-30
Local Purchase,Rat Trap,Nos,100.0,2022-11-30
Local Purchase,Gas Tube,Nos,320.0,2022-11-30
Essar Associates,Tropicana Mixed Fruit Delight,Nos,17.67,2022-12-08
Koonathil Traders,French Fries 6mm-ITC,Pkt,360.0,2022-12-13
Five Star Traders,AVT Premium Tea,Pkt,30.0,2022-12-01
Local Purchase,Mutton,Kg,600.0,2022-12-03
MBS Traders,plastic Colour Cover,Pkt,160.0,2022-12-09
Five Star Traders,Chicken Masala-Quality,Pkt,38.0,2022-12-09
KTP Vegitables,ginger,Kg,50.0,2022-12-10
Royal Hypermarket-Ottapalam,Broccoli-royal,Kg,190.01,2022-12-11
Local Purchase,Ant repellent powder,Pkt,30.0,2022-12-12
Five Star Traders,Rice-ponni,Kg,37.0,2022-12-13
Five Star Traders,Rice-ponni-Madurai,Kg,38.0,2022-12-13
KTP Vegitables,pappaya-veg,Kg,30.0,2022-12-13
Local Purchase,Spray-Gun,Nos,20.0,2022-12-14
Local Purchase,Mustard Oil,Pkt,100.0,2022-12-15
Local Purchase,cover colour,Pkt,90.0,2022-12-15
Local Purchase,Exo Dishwash cake big,Nos,9.0,2022-12-15
Local Purchase,Dishwash-Liquid,Nos,250.0,2022-12-17
Local Purchase,Toilet cleaner-Acid,Nos,250.0,2022-12-17
Local Purchase,Ponni Rice-Bag,Nos,884.0,2022-12-17
Local Purchase,funel,Nos,12.0,2022-12-17
City Mart Supermarket,Nallenna-500ml-Pavan,Nos,130.0,2022-12-17
Local Purchase,Wall Hook,Nos,15.0,2022-12-18
Isha Fresh Vegitables (Hisham),Baby Corn Whole-Fresh,Kg,480.0,2022-12-18
Isha Fresh Vegitables (Hisham),Baby Corn Whole-Fresh,Kg,420.0,2022-12-18
Local Purchase,decoration-Star-1,Nos,45.0,2022-12-18
Local Purchase,decoration-Star-2,Nos,70.0,2022-12-18
Local Purchase,LED Star,Nos,448.0,2022-12-18
Five Star Traders,Lemon Pickle-500grm-pkt,Pkt,44.0,2022-12-27
Local Purchase,Aluminium Uruli,Nos,375.0,2022-12-28
Five Star Traders,Rava,Kg,44.0,2022-12-28
KTP Vegitables,Ladyfinger			,Kg,40.0,2022-12-28
Local Purchase,Apron,Nos,95.0,2022-12-29
Local Purchase,decoration-New Year mala,Nos,70.0,2022-12-29
Local Purchase,decoration-Mala,Nos,25.0,2022-12-30
Five Star Traders,Exo spnge,Nos,12.0,2022-12-30
Five Star Traders,M Thuvara,Kg,120.0,2022-12-31
Local Purchase,PVC Bend,Nos,30.0,2022-12-31
Local Purchase,Electric Wire,Nos,110.0,2022-12-31
Loocos Pizza CPY,chicken masala,Nos,26.0,2022-12-31
Loocos Pizza CPY,Chilli Flakes-Eastern,Kg,440.0,2022-12-31
Loocos Pizza CPY,French Fries 6mm-Hungritos,Nos,360.0,2022-12-31
Loocos Pizza CPY,Ponni Rice-Bag,Kg,34.0,2022-12-31
Loocos Pizza CPY,Sarwar Black Olive SLices 3.1KG,Nos,630.0,2022-12-31
KTP Vegitables,Snakeguard-Veg,Kg,32.5,2023-01-03
Local Purchase,Bulb 584,Nos,110.0,2023-01-05
MBS Traders,Micro 16x20-Small pkt,Pkt,80.0,2023-01-08
Local Purchase,Mustard-Oil,Nos,95.0,2023-01-09
Local Purchase,Soap Powder Small Pkt,Pkt,10.0,2023-01-10
Local Purchase,Mop with Stick,Nos,125.0,2023-01-10
Local Purchase,Seal Ink,Nos,30.0,2023-01-11
Five Star Traders,Bush Colour,Nos,55.0,2023-01-11
Loocos Pizza CPY,Sting 250ml pet,Nos,17.5,2023-01-31
Loocos Pizza CPY,Chicken Masala,Nos,26.0,2023-01-31
Loocos Pizza CPY,Chilli Powder,Kg,330.0,2023-01-31
Loocos Pizza CPY,French Fries 6mm-ITC,Kg,144.0,2023-01-31
City Mart Supermarket,Agarbathi-Small,Nos,10.0,2023-01-13
Local Purchase,Drum for Maida,Nos,745.0,2023-01-16
Local Purchase,Knife Sharpener,Nos,145.0,2023-01-16
KTP Vegitables,bottle gourd,Kg,30.0,2023-01-27
Local Purchase,Brush-Wash-Basin,Nos,50.0,2023-01-31
Local Purchase,Fryer Basket,Nos,900.0,2023-01-31
Loocos Pizza CPY,salt powder,Pkt,10.0,2023-01-31
Loocos Pizza CPY,Chicken Kheema  Masala,Kg,651.0,2023-02-28
Loocos Pizza CPY,Chicken Kheema,Kg,259.0,2023-02-28
Loocos Pizza CPY,Chicken Masala,Grams,0.26,2023-02-28
Loocos Pizza CPY,DVC MOJITO MINT 750ML,Grams,0.58,2023-02-28
Loocos Pizza CPY,Dried Yeast,Kg,0.34,2023-02-28
Essar Associates,Mirinda 750ml pet,Case,825.11,2023-02-23
Local Purchase,cockroach killer chalk,Nos,15.0,2023-02-02
Local Purchase,Agarbathi-Small,Pkt,9.0,2023-02-04
Local Purchase,Note Book,Nos,40.0,2023-02-09
Local Purchase,plaster-Medical,Nos,2.0,2023-02-11
Local Purchase,stamp pad,Nos,35.0,2023-02-13
Local Purchase,Rubber Seal,Nos,150.0,2023-02-13
Local Purchase-Petrol,Petrol-BPCL,Ltr,106.82,2023-02-14
City Mart Supermarket,Exo sponge,Nos,35.0,2023-02-19
City Mart Supermarket,Egg,Nos,6.0,2023-02-20
Isha Fresh Vegitables (Hisham),Parsely- Isga Vegitable,Kg,200.0,2023-02-20
Local Purchase-Petrol,Petrol-IOCL,Ltr,106.77,2023-02-24
Local Purchase,KOT Printing Rolls,Pkt,3120.0,2023-02-26
Local Purchase-Petrol,Petrol-HPCL,Ltr,106.78,2023-02-28
KTP Vegitables,yam-veg,Kg,48.33,2023-02-28
Koonathil Traders,French Fries 9mm-Funwave,Pkt,364.0,2023-03-04
Koonathil Traders,French Fries 6mm-Funwave,Pkt,364.0,2023-03-22
Essar Associates,7up 250ml Can,Case,720.0,2023-03-30
Koonathil Traders,G.Crown Mushroom Slice 800g,Pkt,98.0,2023-03-31
Local Purchase,pen,Nos,5.0,2023-03-03
City Mart Supermarket,Mop stick,Nos,22.0,2023-03-07
City Mart Supermarket,Mutton Masala,Pkt,45.0,2023-03-08
Five Star Traders,Vilekkenna,Nos,62.0,2023-03-09
Local Purchase,Towel,Nos,20.0,2023-03-09
Local Purchase,Brush,Nos,60.0,2023-03-09
Local Purchase,Shake Glass,Pkt,680.0,2023-03-10
Royal Hypermarket-Ottapalam,Candyman Fantastick,Pkt,99.0,2023-03-10
Local Purchase,Soda Spoon,Nos,30.0,2023-03-11
Local Purchase,Note Book small,Nos,25.0,2023-03-13
Local Purchase,Whitner,Nos,25.0,2023-03-13
KTP Vegitables,Cucumber-veg,Kg,33.33,2023-03-12
Five Star Traders,steel Scrube,Nos,15.0,2023-03-18
KTP Vegitables,Beans-veg,Kg,60.0,2023-03-22
Local Purchase,Red Apple,Kg,160.0,2023-03-23
City Mart Supermarket,Milk-Milma,Pkt,26.0,2023-03-23
KTP Vegitables,Coriander Leaves-Veg,Kg,70.0,2023-03-24
KTP Vegitables,kovakka-veg,Kg,40.0,2023-03-26
Local Purchase,Battery Small,Nos,12.0,2023-03-30
Loocos Pizza CPY,BBQ Wings,Kg,446.88,2023-03-31
Loocos Pizza CPY,Chicken-Masala-Melam,Grams,0.29,2023-03-31
Loocos Pizza CPY,Jumbo Cover-Blue,Pkt,75.0,2023-03-31
Loocos Pizza CPY,Puramate Pasta-Penne Rigatte 500g,Grams,0.14,2023-03-31
Loocos Pizza CPY,Sumeru Nuggets Premium 1Kg,Nos,297.92,2023-03-31
Loocos Pizza CPY,Veeba Makhani Gravy 1KG,Nos,210.56,2023-03-31
Essar Associates,Slice Mango 250ml pet,Case,530.1,2023-04-21
Narayana Traders,Maida(Porotta 50kg),Pkt,2050.0,2023-04-28
City Mart Supermarket,Washing Powder 500G,Pkt,31.0,2023-04-04
Local Purchase,Mustard-Oil,Pkt,105.0,2023-04-07
Local Purchase,Milk-Elanad-500ml,Pkt,28.0,2023-04-07
Local Purchase,Baby Corn Whole-Fresh,Pkt,76.0,2023-04-13
Local Purchase,Insulation Tape,Nos,12.0,2023-04-13
Local Purchase,Wooden Spoon-110mm,Pkt,109.0,2023-04-18
MBS Traders,Micro 26x30,Nos,150.0,2023-04-18
Local Purchase,Exo Steel Wool,Nos,15.0,2023-04-19
Local Purchase,Tandoori Chicken Masala-Bakers,Pkt,72.0,2023-04-19
City Mart Supermarket,lighter,Nos,10.0,2023-04-19
MBS Traders,Ponni Rice,Kg,37.0,2023-04-20
Local Purchase,Baby Corn Whole-Fresh-Isha Vegitables,Kg,380.0,2023-04-21
AK Chicken Adakkaputhur,chicken kheema-Adakkaputhur,Kg,216.0,2023-04-26
Local Purchase,Milk-Sheethal-450ml,Pkt,26.0,2023-04-28
KTP Vegitables,Vegitables,Nos,1.0,2023-04-28
Loocos Pizza CPY,Black Pepper,Kg,540.0,2023-04-30
Loocos Pizza CPY,Bornless Chicken- Adakkaputhur,Kg,272.94,2023-04-30
Loocos Pizza CPY,Chicken Masala,Pkt,27.0,2023-04-30
Loocos Pizza CPY,Double Cream-Rich-1kg,Pkt,196.0,2023-04-30
Loocos Pizza CPY,Mustard Oil,Ltr,200.0,2023-04-30
Loocos Pizza CPY,Sumeru Nuggets Premium 1Kg,Kg,297.92,2023-04-30
Loocos Pizza CPY,Reitzel-Jalapeno Slice-2.9kg,Nos,298.0,2023-04-30
Loocos Pizza CPY,plastic cover 5kg,Pkt,160.0,2023-04-30
Loocos Pizza CPY,Wooden Spoon-110mm,Nos,1.09,2023-05-31
Loocos Pizza CPY,Chicken Masala-Quality,Grams,0.38,2023-05-31
Loocos Pizza CPY,Malas Chocolate Sauce 5 ltr,Pkt,1060.01,2023-05-31
Loocos Pizza CPY,Rice-Nawab-26kg,Pkt,962.0,2023-05-31
Loocos Pizza CPY,plastic cover-HM- 5kg,Pkt,170.0,2023-05-31
Local Purchase,Local Purchase-atta-,kg,41.0,2023-05-02
Local Purchase,Srinivasan-Chocolate Ice Cream -,pkt,770.0,2023-05-02
Local Purchase,Bike Maintenance-Tyre And Tube change-,Nos,1000.0,2023-05-03
Local Purchase,Local Purchase-Floor Spring EBCO-,Nos,3500.0,2023-05-03
Local Purchase,Sherif Cherpulasery-whole chicken-staff,kg,125.71,2023-05-03
Local Purchase,Citymart Supermarket-egg-,Nos,5.5,2023-05-03
Local Purchase,Citymart Supermarket-Milk 450ml-,pkt,26.0,2023-05-03
Local Purchase,Phoenix Ice Cubes-Ice Cubes-,pkt,30.0,2023-05-03
Local Purchase,Airtel-recharge-,month,239.0,2023-05-04
Local Purchase,five Star Traders-Agarbatti-,pkt,30.0,2023-05-04
Local Purchase,Local Purchase-double Tape-,Nos,18.0,2023-05-04
Local Purchase,Local Purchase-Duster-,Nos,15.0,2023-05-04
Local Purchase,Local Purchase-milk 525 ml-,pkt,26.0,2023-05-05
Local Purchase,K.M. Hypermarket-chola rava-,kg,80.0,2023-05-05
Local Purchase,A.N.A Agencies-Drum Bolt -,Nos,20.0,2023-05-06
Local Purchase,A.N.A Agencies-Spilt Pin-,Nos,2.0,2023-05-06
Local Purchase,AK Chicken Adakkaputhur-kheema-,kg,210.0,2023-05-06
Local Purchase,Local Purchase-plastic scrubber-,Nos,15.0,2023-05-06
Local Purchase,five Star Traders-cashewnut-,kg,750.0,2023-05-06
Local Purchase,five Star Traders-black papper-,kg,540.0,2023-05-06
Local Purchase,Fathima Super Market-Milk Milma-,pkt,28.0,2023-05-07
Local Purchase,Fathima Super Market-Egg-,Nos,5.43,2023-05-07
Local Purchase,Mansoor Traders-Wooden Spoon 160mm-,pkt,79.0,2023-05-07
Local Purchase,Citymart Supermarket-lighter-,Nos,10.0,2023-05-08
Local Purchase,Local Purchase-voucher book-,Nos,56.0,2023-05-08
Local Purchase,five Star Traders-Jeerakham-,kg,160.0,2023-05-08
Local Purchase,MBS Traders-paper straw Big-,pkt,45.0,2023-05-08
Local Purchase,MBS Traders-Cling Film-,Nos,130.0,2023-05-08
Local Purchase,Maintenance-Chair Welding charges-,Nos,150.0,2023-05-09
Local Purchase,Transportation-Auto fare from Otp-,Nos,550.0,2023-05-09
Local Purchase,Transportation-gouda cheese-,trip,30.0,2023-05-09
Local Purchase,five Star Traders-masoor dal red-,kg,85.0,2023-05-09
Local Purchase,five Star Traders-Mustard oil-,ltr,190.0,2023-05-09
Local Purchase,Local Purchase-milk 500 ml-,pkt,26.0,2023-05-10
Local Purchase,Transportation-Origano-,Nos,30.0,2023-05-11
Local Purchase,Nandanam-Rain Coat-,Nos,120.0,2023-05-11
Local Purchase,berry Fresh-Chikku Pulp-,Nos,270.0,2023-05-11
Local Purchase,berry Fresh-Tender Coconut Pulp-,Nos,350.0,2023-05-11
Local Purchase,Transportation-transportation-vegitables,Nos,30.0,2023-05-12
Local Purchase,Local Purchase-Nawab ponni rice-,bag,962.0,2023-05-12
Local Purchase,Fathima Super Market-MILK MIlma-,pkt,28.0,2023-05-12
Local Purchase,Transportation-,Nos,30.0,2023-05-13
Local Purchase,MBS Traders-plastic cover 1kg-,pkt,160.0,2023-05-13
Local Purchase,MBS Traders-Micro 27x30-,pkt,180.0,2023-05-13
Local Purchase,MBS Traders-Tandoori Chicken Masala-,pkt,70.0,2023-05-13
Local Purchase,five Star Traders-exo dish wash soap-,Nos,4.8,2023-05-13
Local Purchase,five Star Traders-Tea loose-,kg,180.0,2023-05-13
Local Purchase,five Star Traders-Chicken Masala-,pkt,35.0,2023-05-13
Local Purchase,five Star Traders-sugar-,kg,39.0,2023-05-13
Local Purchase,five Star Traders-Turmeric powder-,kg,130.0,2023-05-13
Local Purchase,five Star Traders-chilli powder-,kg,228.0,2023-05-13
Local Purchase,five Star Traders-Coriander Powder-,kg,140.0,2023-05-13
Local Purchase,Fathima Super Market-butter paper-,Nos,5.0,2023-05-14
Local Purchase,Fathima Super Market-pen-,Nos,4.0,2023-05-14
Local Purchase,Local Purchase-soap powder-,pkt,36.0,2023-05-15
Local Purchase,Local Purchase-Bolt-,Nos,8.0,2023-05-15
Local Purchase,Local Purchase-Hanging Holder Metal-,Nos,160.0,2023-05-15
Local Purchase,Srinivasan-Vanilla Ice Cream-,pkt,544.0,2023-05-16
Local Purchase,Transportation-Chicken Sausage-,Nos,30.0,2023-05-17
Local Purchase,Local Purchase-Chickenb Sausage-,Nos,520.0,2023-05-17
Local Purchase,Royal HyperMarket-Corn Meal-,kg,90.0,2023-05-17
Local Purchase,Local Purchase-Mixer Repair-coupler,Nos,50.0,2023-05-17
Local Purchase,Local Purchase-apple-,kg,130.43,2023-05-18
Local Purchase,Mansoor Traders-Mini Burger Box-,bdl,220.0,2023-05-18
Local Purchase,Mansoor Traders-Wooden Spoon 140mm-,pkt,68.0,2023-05-18
Local Purchase,Local Purchase-egg-,pkt,6.0,2023-05-18
Local Purchase,Transportation-vegitables-,Nos,30.0,2023-05-19
Local Purchase,Local Purchase-Curd Milma-,pkt,30.0,2023-05-19
Local Purchase,MBS Traders-paper straw-,pkt,35.0,2023-05-19
Local Purchase,Local Purchase-Note Book-,Nos,37.0,2023-05-19
Local Purchase,Local Purchase-Pen-,Nos,5.0,2023-05-19
Local Purchase,jio-mobile recharge-,Nos,209.0,2023-05-20
Local Purchase,Local Purchase-Milk milma-,pkt,28.0,2023-05-20
Local Purchase,Local Purchase-Chicken Masala-,pkt,38.0,2023-05-21
Local Purchase,Local Purchase-Garam Masala-,pkt,46.0,2023-05-21
Local Purchase,Fathima Super Market-Milk milma-,pkt,28.0,2023-05-21
Local Purchase,HPCL-Gas-,Nos,1900.0,2023-05-22
Local Purchase,Indian Oil-Generator-,ltr,108.79,2023-05-22
Local Purchase,Indian Oil-pulser-,ltr,108.76,2023-05-22
Local Purchase,Safa Books -Note Book-,Nos,16.0,2023-05-22
Local Purchase,Safa Books -stapler -,pkt,10.0,2023-05-22
Local Purchase,Fathima Super Market-milk milma-,pkt,28.0,2023-05-22
Local Purchase,MBS Traders-Micro 20x26-,pkt,140.0,2023-05-22
Local Purchase,Isha Fresh Vegitables-Red Yellow Capcicum-,kg,229.66,2023-05-22
Local Purchase,Isha Fresh Vegitables-Broccoli-,kg,260.0,2023-05-22
Local Purchase,Isha Fresh Vegitables-Basil leaf-,kg,680.0,2023-05-22
Local Purchase,Isha Fresh Vegitables-Parcely-,kg,240.0,2023-05-22
Local Purchase,Surya Auto Agencies-Engine Oil-,btl,100.0,2023-05-22
Local Purchase,babu palakkad-butter-,kg,380.0,2023-05-23
Local Purchase,MBS Traders-Tissue Big size-,pkt,18.0,2023-05-23
Local Purchase,MBS Traders-jumbo cover-,pkt,70.0,2023-05-23
Local Purchase,MBS Traders-Catering Cap-,pkt,80.0,2023-05-23
Local Purchase,five Star Traders-plastic scrubber-,Nos,10.0,2023-05-23
Local Purchase,five Star Traders-Cherry-,kg,200.0,2023-05-23
Local Purchase,five Star Traders-soap powder-,pkt,30.0,2023-05-23
Local Purchase,Fathima Super Market-egg-,Nos,6.0,2023-05-24
Local Purchase,MBS Traders-Micro-,pkt,140.0,2023-05-24
Local Purchase,MBS Traders-paper plate-,pkt,75.0,2023-05-24
Local Purchase,Sherif Cherpulasery-whole chicken-,kg,135.0,2023-05-24
Local Purchase,Local Purchase-Spray Gun-,Nos,30.0,2023-05-24
Local Purchase,Bike Maintenance-Puncture repair-Discover,Nos,100.0,2023-05-25
Local Purchase,Local Purchase-Horlicks Small packet-,pkt,5.0,2023-05-25
Local Purchase,Satheesh-Waste Collection-,trip,100.0,2023-05-26
Local Purchase,Mansoor Traders-Sugar Balls-,pkt,40.0,2023-05-26
Local Purchase,Mansoor Traders-chocolate Syrup-,pkt,95.0,2023-05-26
Local Purchase,MBS Traders-tissue Big size-,pkt,18.0,2023-05-27
Local Purchase,MBS Traders-paper Straw-,pkt,35.0,2023-05-27
Local Purchase,five Star Traders-milk maid-,tin,63.0,2023-05-27
Local Purchase,five Star Traders-Chilly whole-,kg,260.0,2023-05-27
Local Purchase,five Star Traders-cherry-,kg,180.0,2023-05-27
Local Purchase,five Star Traders-atta-,kg,39.0,2023-05-27
Local Purchase,Local Purchase-milk milma-,pkt,28.0,2023-05-28
Local Purchase,Local Purchase-knife-,Nos,115.0,2023-05-28
Local Purchase,Local Purchase-bike spare parts-,Nos,20.0,2023-05-28
Local Purchase,Transportation-transportation-,Nos,30.0,2023-05-29
Local Purchase,babu palakkad-paneer-,kg,290.0,2023-05-29
Local Purchase,babu palakkad-Butter-,kg,380.0,2023-05-29
Local Purchase,HPCL-gas-,Nos,1900.0,2023-05-30
Local Purchase,MBS Traders-paper glass-,pkt,70.0,2023-05-30
Local Purchase,MBS Traders-micro 16x20-,pkt,140.0,2023-05-30
Local Purchase,MBS Traders-butter paper-,Nos,3.5,2023-05-30
Local Purchase,five Star Traders-salt powder-,pkt,10.0,2023-05-30
Local Purchase,five Star Traders-cashew nut-,kg,750.0,2023-05-30
Local Purchase,five Star Traders-Badam-,kg,760.0,2023-05-30
Local Purchase,five Star Traders-palm oil-,pkt,88.0,2023-05-30
Local Purchase,Local Purchase-milk-,pkt,26.0,2023-05-30
Local Purchase,Local Purchase-egg-,Nos,6.0,2023-05-30
Local Purchase,Local Purchase-rice-,bag,962.0,2023-05-30
Local Purchase,KTP Vegitables-vegitables-,Nos,200.0,2023-05-31
Local Purchase,Phoenix Ice Cubes-ice cubes-,pkt,30.0,2023-05-31
Local Purchase,Local Purchase-Egg-,Nos,6.0,2023-05-31
Local Purchase,Local Purchase-Milk Milma-,pkt,28.0,2023-05-31
Lakshyam Foods,Browny,kg,403.0,2023-05-10
Lakshyam Foods,Paneer Tikka Butter Masala ,kg,386.4,2023-05-10
Taha Enterprises,Instant Dried Yeast,pkt,169.99,2023-05-09
Taha Enterprises,Potato Wedges,pkt,470.0,2023-05-09
Taha Enterprises,Thousand island,pkt,190.0,2023-05-09
Koonathil Traders,Honey,Btl,327.6,2023-05-12
Essar Associates,Pepsi Can,Case,720.0,2023-05-11
Essar Associates,7up can,Case,720.0,2023-05-11
Renjith looco's,Paper Bag Large,Nos,10.5,2023-05-09
Renjith looco's,Paper Bag Medium,Nos,9.5,2023-05-09
Renjith looco's,Paper Bag Regular,Nos,8.5,2023-05-09
Taha Enterprises,Tasty Fixel Oregano Mix 0.8gm,pkt,132.3,2023-05-16
Koonathil Traders,Processed cheese block,pkt,550.0,2023-05-19
Koonathil Traders,Mushroom Slice,Tin,98.0,2023-05-19
Koonathil Traders,Jalapeno Slices,Tin,298.0,2023-05-19
Koonathil Traders,Black Olives Slice,Tin,626.08,2023-05-19
Koonathil Traders,Red Paprika Slice,Tin,217.28,2023-05-19
Koonathil Traders,Pasta-Penne Rigatte,pkt,68.01,2023-05-19
Koonathil Traders,Passion Fruit,Btl,488.52,2023-05-19
Koonathil Traders,Oregano Sachet 0.8gm,pkt,220.0,2023-05-19
Koonathil Traders,Ketchup ,Btl,105.0,2023-05-19
Essar Associates,Slice Mango,Nos,34.38,2023-05-19
Lakshyam Foods,Mexican Mix,kg,,2023-05-23
Taha Enterprises,Pasta & Pizza Sauce,pkt,183.52,2023-05-25
Essar Associates,7up pet,Nos,34.38,2023-05-25
Essar Associates,Mirinda,Nos,17.5,2023-05-25
koonathil Traders,Chicken Salami,pkt,312.48,2023-05-27
koonathil Traders,Pineapple slice,tin,110.25,2023-05-27
Narayana Traders,Maida,Bag,2030.0,2023-05-31
Local Purchase,Local Purchase-cherry,kg,200.0,2023-06-01
Local Purchase,Safa Books -pen,Nos,4.0,2023-06-02
Local Purchase,five Star Traders-Nool,bdl,2.0,2023-06-02
Local Purchase,Local Purchase-MILK,pkt,28.0,2023-06-02
Local Purchase,Local Purchase-Washer,Nos,6.0,2023-06-02
Local Purchase,Satheesh-Waste Collection,trip,100.0,2023-06-03
Local Purchase,MBS Traders-Egg,Nos,6.0,2023-06-03
Local Purchase,MBS Traders-cherry,kg,300.0,2023-06-03
Local Purchase,MBS Traders-paper straw Big,pkt,45.0,2023-06-03
Local Purchase,Sherif Cherpulasery-Chicken Kheema,kg,150.0,2023-06-06
Local Purchase,five Star Traders-Tea loose,kg,180.0,2023-06-06
Local Purchase,Local Purchase-milk,pkt,28.0,2023-06-06
Local Purchase,MBS Traders-Butter Sheets,Nos,3.5,2023-06-06
Local Purchase,Fathima Super Market-soap powder,pkt,54.0,2023-06-07
Local Purchase,Fathima Super Market-Curd Milma,pkt,35.0,2023-06-07
Local Purchase,Local Purchase-Sticker,pkt,20.0,2023-06-07
Local Purchase,HPCL-Gas,cylinder,1810.0,2023-06-09
Local Purchase,Fathima Super Market-egg,Nos,6.5,2023-06-12
Local Purchase,Fathima Super Market-Milk Milma,pkt,28.0,2023-06-12
Local Purchase,five Star Traders-Mustard oil,pkt,100.0,2023-06-12
Local Purchase,MBS Traders-Cling Film,roll,120.0,2023-06-14
Local Purchase,five Star Traders-black grapes,kg,450.0,2023-06-16
Local Purchase,Local Purchase-plactic scrubber,Nos,10.0,2023-06-16
Local Purchase,Safa Books -voucher book,Nos,56.0,2023-06-17
Local Purchase,Safa Books -PEN,Nos,4.0,2023-06-17
Local Purchase,Local Purchase-Steel Container,Nos,403.0,2023-06-19
Local Purchase,Local Purchase-Steel Container,Nos,485.0,2023-06-19
Local Purchase,Local Purchase-Steel Container,Nos,413.0,2023-06-19
Local Purchase,Local Purchase-Steel Container,Nos,253.0,2023-06-19
Local Purchase,MBS Traders-jumbo cover,pkt,70.0,2023-06-19
Local Purchase,MBS Traders-plastic cover,pkt,160.0,2023-06-19
Local Purchase,MBS Traders-paper glass,pkt,70.0,2023-06-20
Local Purchase,MBS Traders-exo dishwash cake,Nos,5.0,2023-06-20
Local Purchase,MBS Traders-butter paper,Nos,3.5,2023-06-22
Local Purchase,MBS Traders-egg,Nos,6.57,2023-06-22
Local Purchase,babu palakkad-BUTTER,kg,380.0,2023-06-24
Local Purchase,HPCL-gas,Nos,1810.0,2023-06-25
Local Purchase,five Star Traders-Horlicks Small packet,pkt,5.0,2023-06-25
Local Purchase,five Star Traders-Mustard oil,btl,102.0,2023-06-25
Local Purchase,five Star Traders-milk maid,tin,123.0,2023-06-25
Local Purchase,five Star Traders-honey 250grm,btl,117.0,2023-06-25
Local Purchase,MBS Traders-micro 16x20,pkt,140.0,2023-06-26
Local Purchase,MBS Traders-Micro 20x26,pkt,140.0,2023-06-26
Local Purchase,MBS Traders-paper straw small,pkt,35.0,2023-06-26
Local Purchase,MBS Traders-Hersheys Chocolate syrup,btl,95.0,2023-06-26
Local Purchase,V Mart-Glass,Nos,158.33,2023-06-26
Local Purchase,Local Purchase-nawab rice,bag,962.0,2023-06-26
Local Purchase,Local Purchase-paper plate,pkt,120.0,2023-06-30
Local Purchase,Local Purchase-paper glass,pkt,65.0,2023-06-30
Local Purchase,Local Purchase-Cello Tape ,Nos,20.0,2023-06-30
Local Purchase,Local Purchase-tissue Big size,pkt,18.0,2023-06-30
Local Purchase,Local Purchase-butter paper,Nos,3.0,2023-06-30
Essar Associates,Dew Can-250ml,Case,720.0,2023-06-01
Koonathil Traders,Chicken Salami-1kg,pkt,312.48,2023-06-02
Koonathil Traders,Pasta-Gomiti Rigatte-500gm,Pkt,68.01,2023-06-02
Koonathil Traders,Mini Burger Box-Nos,100Nos,271.4,2023-06-02
Koonathil Traders,Pomace Olive oil-1ltr,Btl,334.95,2023-06-02
koonathil Traders,Piri Piri Marinade-1kg,kg,445.0,2023-06-02
Lakshyam Foods,GBC Box-50Nos,Nos,8.25,2023-06-07
Lakshyam Foods,kheema Masala-250gr,kg,650.0,2023-06-07
Lakshyam Foods,Large Box-50Nos,Nos,14.85,2023-06-07
Lakshyam Foods,Medium Box-50Nos,Nos,11.5,2023-06-07
Lakshyam Foods,Bread Primix-1kg,kg,240.0,2023-06-07
Lakshyam Foods,Regular Box-50Nos,Nos,9.0,2023-06-07
Renjith looco's,Paper Bag Large-Nos,Nos,10.5,2023-06-04
Renjith looco's,Paper Bag Medium-Nos,Nos,9.5,2023-06-04
Renjith looco's,Paper Bag Regular-Nos,Nos,8.5,2023-06-04
Taha Enterprises,Thousand island-1kg,pkt,190.0,2023-06-07
Taha Enterprises,Godrej chicken Nuggets -1kg,pkt,320.0,2023-06-07
Essar Associates,Dew-500ml,Nos,21.67,2023-06-09
Essar Associates,Mirinda-250ml,Case,525.0,2023-06-09
Essar Associates,Mirinda-750ml,Nos,34.38,2023-06-09
Koonathil Traders,Butter Scotch Sauce-750ml,Btl,138.0,2023-06-10
Essar Associates,Pepsi Can-250ml,Case,720.0,2023-06-15
Essar Associates,Pepsi pet-1250ml,Case,695.04,2023-06-15
Essar Associates,Slice Mango-250ml,Case,17.67,2023-06-15
Essar Associates,Lehar Soda-750ml,Case,395.04,2023-06-15
Narayana Traders,Maida-50kg,Bag,2030.0,2023-06-16
Taha Enterprises,Eggless Mayonise -1kg,pkt,140.0,2023-06-20
Taha Enterprises,Gouda Cheese-1kg,pkt,210.74,2023-06-20
Taha Enterprises,Instant Dried Yeast-500gm,pkt,169.99,2023-06-20
Taha Enterprises,Makhani Sauce-1kg,pkt,210.74,2023-06-20
Taha Enterprises,Pasta & Pizza Sauce-1kg,pkt,183.52,2023-06-20
Taha Enterprises,Ketchup Sachet (8g)-100,pkt,79.99,2023-06-20
Taha Enterprises,Tandoori Spread-1kg,pkt,215.59,2023-06-20
Taha Enterprises,Tasty Fixel Chilly Flakes 0.8gm-250s,pkt,132.3,2023-06-20
Koonathil Traders,Mozzarella Diced Cheese-1kg,pkt,471.99,2023-06-23
Koonathil Traders,Chicken Sausage-1kg,pkt,319.2,2023-06-23
Koonathil Traders,Frozen Sweet corn-1kg,pkt,99.0,2023-06-23
Koonathil Traders,French Fries 6mm-2.5kg,pkt,348.99,2023-06-23
Koonathil Traders,Mushroom Slice-800gm,Tin,98.0,2023-06-23
Koonathil Traders,Jalapeno Slices-2.9 kg,Tin,298.0,2023-06-23
Koonathil Traders,Red Paprika Slice-2.5kg,Tin,434.56,2023-06-23
Koonathil Traders,Pasta-Penne Rigatte-500gm,pkt,68.01,2023-06-23
Koonathil Traders,Fresh Garden Mint-750ml,Btl,488.52,2023-06-23
Koonathil Traders,Green Apple-750ml,Btl,488.52,2023-06-23
Koonathil Traders,Passion Fruit-750ml,Btl,488.52,2023-06-23
Koonathil Traders,Blue Occean Flv Syrup-750ml,Btl,488.52,2023-06-23
Koonathil Traders,Baby Corn Whole-450gm,Tin,65.0,2023-06-23
Koonathil Traders,Ketchup -1.2kg,Btl,105.0,2023-06-23
Koonathil Traders,Flexi Cream Gold-1kg,pkt,194.7,2023-06-23
Koonathil Traders,Black Olives Slice-3 kg,Tin,626.08,2023-06-23
Lakshyam Foods,BBQ Mix-1kg,kg,465.0,2023-06-30
Lakshyam Foods,Browny-1kg,kg,385.0,2023-06-30
Lakshyam Foods,French Fries Box-,Nos,5.35,2023-06-30
Lakshyam Foods,Herb Mix-1kg,kg,425.0,2023-06-30
Lakshyam Foods,Mexican Mix-1kg,kg,415.0,2023-06-30
Lakshyam Foods,Paneer Tikka Butter Masala -1kg,kg,375.0,2023-06-30
Lakshyam Foods,Pasta Container-100Nos,Nos,8.95,2023-06-30
Lakshyam Foods,Pepperoni-1kg,kg,895.0,2023-06-30
Lakshyam Foods,Pizza Primix-1kg,kg,240.0,2023-06-30
Lakshyam Foods,Salad Bowl (Small )250ml-Nos,Nos,5.25,2023-06-30
Lakshyam Foods,Tandoori Tikka Marinade-500grm,pkt,1150.0,2023-06-30
Essar Associates,7up pet-750ml,Case,825.11,2023-06-22
Essar Associates,7up pet-1250ml,Case,695.04,2023-06-22
Essar Associates,Dew-500ml,Case,21.67,2023-06-22
Koonathil Traders,Processed cheese block-1kg,pkt,550.0,2023-06-30
Koonathil Traders,Potato Wedges-2.5kg,pkt,432.0,2023-06-30
Koonathil Traders,Oregano Sprinkler-500gm,pkt,304.5,2023-06-30
Koonathil Traders,Oregano Sachet 0.8gm-300s,pkt,220.0,2023-06-30
Koonathil Traders,Honey-1ltr,Btl,327.6,2023-06-30
Koonathil Traders,Orange Cheddar cheese-2kg,pkt,1195.04,2023-06-30
Essar Associates,Pepsi pet-250ml,Case,525.0,2023-06-29
Essar Associates,Pepsi pet-750ml,Case,825.11,2023-06-29
Essar Associates,7up can-250ml,Case,720.0,2023-06-29
Essar Associates,7up pet-250ml,Case,525.0,2023-06-29
Essar Associates,7up pet-750ml,Nos,34.38,2023-06-29
Essar Associates,Dew-250ml,Case,465.0,2023-06-29
Essar Associates,Dew-750ml,Nos,34.38,2023-06-29
Essar Associates,Slice Mango-200ml,Case,530.1,2023-06-29
Essar Associates,Slice Mango-600ml,Nos,34.38,2023-06-29
Essar Associates,Aqua Fina-1ltr,Case,167.99,2023-06-29
Loocos Pizza CPY,DVC Green Apple 750 ML,Ltr,651.36,2023-06-30
Loocos Pizza CPY,Lion Honey 1kg,Kg,483.0,2023-06-30
Loocos Pizza CPY,Salt Powder,Kg,10.0,2023-06-30
Loocos Pizza CPY,Neo-Black Sliced Olives-3kg,Nos,626.08,2023-06-30
Loocos Pizza CPY,Micro 13x16,Pkt,140.0,2023-06-30
Loocos Pizza CPY,Micro 16x20,Pkt,140.0,2023-06-30
Loocos Pizza CPY,Micro 20x26,Pkt,140.0,2023-06-30
Loocos Pizza CPY,Micro 27x30,Pkt,180.0,2023-06-30
Loocos Pizza CPY,Veeba Barbequesauce 1KG,Nos,166.0,2023-06-30
Loocos Pizza CPY,plastic cover 5kg,Kg,160.0,2023-06-30
Loocos Pizza CPY,Hersheys Syrup-200grm,Pkt,94.0,2023-06-30
Loocos Pizza CPY,Vermicelli Mix,Pkt,60.0,2023-06-30
Loocos Pizza CPY,Milk Maid 400ml,Tin,123.0,2023-06-30
Loocos Pizza CPY,Micro 10x13,Pkt,140.0,2023-06-30
Loocos Pizza CPY,Wooden Fork-160mm,Nos,1.05,2023-07-31
Loocos Pizza CPY,Black Grapes,Kg,450.0,2023-07-31
Loocos Pizza CPY,Bornless Chicken- pattambi,Kg,244.0,2023-07-31
Loocos Pizza CPY,Cashew nut,Kg,750.0,2023-07-31
Loocos Pizza CPY,Dried Yeast,Grams,0.34,2023-07-31
Loocos Pizza CPY,Micro 13x16,Nos,3.5,2023-07-31
Loocos Pizza CPY,Micro 16x20,Nos,3.5,2023-07-31
Loocos Pizza CPY,Micro 20x26,Nos,4.67,2023-07-31
Loocos Pizza CPY,Micro 27x30,Nos,7.5,2023-07-31
Loocos Pizza CPY,milk-Milma-525ml,Pkt,28.0,2023-07-31
Loocos Pizza CPY,Rice-Nawab-26kg,Kg,37.0,2023-07-31
Loocos Pizza CPY,Paper Straw,Nos,0.35,2023-07-31
Loocos Pizza CPY,Puramate Pasta-Gomiti Rigate 500g,Grams,0.14,2023-07-31
Loocos Pizza CPY,Salt Powder,Pkt,10.0,2023-07-31
Loocos Pizza CPY,Strawberry sause 750,Grams,0.21,2023-07-31
Loocos Pizza CPY,Vineger,Ltr,42.0,2023-07-31
Loocos Pizza CPY,salami,Pkt,279.0,2023-07-31
Loocos Pizza CPY,plastic Cover-1kg,Kg,160.0,2023-07-31
Loocos Pizza CPY,plastic cover-HM- 5kg,Kg,170.0,2023-07-31
Loocos Pizza CPY,badam,Kg,800.0,2023-07-31
Loocos Pizza CPY,Bio-Bag-10x14-140,Kg,230.0,2023-07-31
Loocos Pizza CPY,Bio-Bag-13x16-90,Kg,230.0,2023-07-31
Loocos Pizza CPY,Micro 10x13,Kg,140.0,2023-07-31
Loocos Pizza CPY,Milk Maid 400ml,Ltr,307.5,2023-07-31
Loocos Pizza CPY,Schezwan Mix,Pkt,350.0,2023-07-31
Local Purchase,MBS Traders-tissue Big size,pkt,5.0,2023-07-01
Local Purchase,MBS Traders-tooth pick,pkt,1.0,2023-07-01
Local Purchase,MBS Traders-agarbatti,pkt,1.0,2023-07-01
Local Purchase,HPCL-GAS,Nos,1.0,2023-07-02
Local Purchase,Srinivasan-Butter Scotch Ice Cream,pkt,1.0,2023-07-03
Local Purchase,mbS Traders-exo dishwash cake,Nos,10.0,2023-07-04
Local Purchase,Royal HyperMarket-Hersheys Cocoa powder,pkt,1.0,2023-07-04
Local Purchase,five Star Traders-whole chilli,kg,0.1,2023-07-04
Local Purchase,five Star Traders-soap powder,kg,0.5,2023-07-04
Local Purchase,Local Purchase-Poly Dust,pkt,1.0,2023-07-05
Local Purchase,Local Purchase-Scrubber,Nos,1.0,2023-07-05
Local Purchase,berry Fresh-Chikku Pulp,Nos,2.0,2023-07-06
Local Purchase,berry Fresh-Tender Coconut Pulp,Nos,2.0,2023-07-06
Local Purchase,Centreal Bazar-Parsley Herbs,btl,1.0,2023-07-06
Local Purchase,mbS Traders-Cherry,kg,0.1,2023-07-08
Local Purchase,mbS Traders-egg,Nos,10.0,2023-07-08
Local Purchase,Local Purchase-Milk 450ml,pkt,4.0,2023-07-09
Local Purchase,Local Purchase-apple,kg,0.4,2023-07-11
Local Purchase,Local Purchase-Garam Masala,pkt,1.0,2023-07-12
Local Purchase,Sherif Cherpulasery-whole chicken,kg,2.7,2023-07-12
Local Purchase,mbS Traders-butter paper,Nos,30.0,2023-07-13
Local Purchase,five Star Traders-salt powder,pkt,2.0,2023-07-14
Local Purchase,five Star Traders-tea loose,kg,0.25,2023-07-14
Local Purchase,five Star Traders-kadala,kg,0.5,2023-07-14
Local Purchase,five Star Traders-Coriander Powder,kg,0.25,2023-07-14
Local Purchase,five Star Traders-Turmeric powder,kg,0.25,2023-07-14
Local Purchase,Local Purchase-Stick,Nos,20.0,2023-07-15
Local Purchase,Safa Books -Whitner,Nos,1.0,2023-07-15
Local Purchase,Safa Books -Pen,Nos,2.0,2023-07-15
Local Purchase,Mansoor Traders-Wooden Fork,pkt,2.0,2023-07-15
Local Purchase,Mansoor Traders-Wooden Spoon,pkt,2.0,2023-07-15
Local Purchase,Isha Fresh Vegitalbles-Eng Veg,Nos,1.0,2023-07-16
Local Purchase,Srinivasan-Vanilla Ice Cream,pkt,2.0,2023-07-16
Local Purchase,Local Purchase-Bio Bag,pkt,6.0,2023-07-16
Local Purchase,mbS Traders-Catering Cap,Nos,1.0,2023-07-17
Local Purchase,mbS Traders-Micro 20x26,pkt,1.0,2023-07-18
Local Purchase,PTM stores-nawab rice,bag,1.0,2023-07-18
Local Purchase,PTM stores-whole chilli,kg,0.1,2023-07-18
Local Purchase,Essar Associates-Soft Drink Bill,Nos,1.0,2023-07-20
Local Purchase,Local Purchase-plastic scrubber,Nos,2.0,2023-07-20
Local Purchase,five Star Traders-plastic cover 1kg,pkt,1.0,2023-07-20
Local Purchase,Local Purchase-Price sticker,pkt,2.0,2023-07-21
Local Purchase,five Star Traders-black papper,kg,0.25,2023-07-22
Local Purchase,five Star Traders-sugar,kg,3.0,2023-07-22
Local Purchase,five Star Traders-Cherry,kg,0.1,2023-07-22
Local Purchase,five Star Traders-exo dishwash cake,Nos,10.0,2023-07-22
Local Purchase,mbS Traders-micro 13x16,pkt,1.0,2023-07-22
Local Purchase,mbS Traders-paper straw small,pkt,1.0,2023-07-22
Local Purchase,Faizal Pattambi-Bornless Chicken,Nos,1.0,2023-07-23
Local Purchase,Local Purchase-soap powder,pkt,1.0,2023-07-23
Local Purchase,mbS Traders-jumbo cover,pkt,1.0,2023-07-24
Local Purchase,five Star Traders-jeerakam,kg,0.1,2023-07-24
Local Purchase,five Star Traders-Chicken Masala,pkt,1.0,2023-07-24
Local Purchase,five Star Traders-Soya chunk,kg,0.5,2023-07-24
Local Purchase,five Star Traders-Tandoori Chicken Masala,pkt,1.0,2023-07-24
Local Purchase,babu palakkad-paneer,kg,2.0,2023-07-25
Local Purchase,babu palakkad-butter,kg,1.0,2023-07-25
Local Purchase,Local Purchase-stick,Nos,10.0,2023-07-25
Local Purchase,HPCL-GAS,cylinder,1.0,2023-07-26
Local Purchase,Local Purchase-agarbatti,pkt,1.0,2023-07-26
Local Purchase,Local Purchase-micro,pkt,1.0,2023-07-26
Local Purchase,Local Purchase-milk Milma Toned,pkt,6.0,2023-07-27
Local Purchase,HPCL-gas,cylinder,1.0,2023-07-28
Local Purchase,five Star Traders-palm oil,pkt,10.0,2023-07-29
Local Purchase,five Star Traders-badam,kg,0.1,2023-07-29
Local Purchase,five Star Traders-masoor dal red,kg,1.0,2023-07-29
Local Purchase,Local Purchase-Milk milma,pkt,4.0,2023-07-29
Local Purchase,Phoenix Ice Cubes-ice cubes,pkt,1.0,2023-07-29
Local Purchase,mbS Traders-paper plate,pkt,1.0,2023-07-29
Local Purchase,mbS Traders-micro 16x20,pkt,1.0,2023-07-29
Local Purchase,mbS Traders-paper glass,pkt,1.0,2023-07-29
Local Purchase,Srinivasan-Strawberry Ice cream,pkt,1.0,2023-07-30
Local Purchase,Srinivasan-Chocolate Ice Cream ,pkt,1.0,2023-07-30
Local Purchase,Salva Food Agencies-Pasta Pizza Sauce,pkt,12.0,2023-07-30
Local Purchase,Local Purchase-lemon,kg,0.25,2023-07-30
Local Purchase,Local Purchase-egg,Nos,8.0,2023-07-30
Local Purchase,Transportation-vegitables,Nos,1.0,2023-07-31
Local Purchase,Local Purchase-milk milma,pkt,6.0,2023-07-31
Local Purchase,Local Purchase-Curd Milma,pkt,2.0,2023-07-31
Local Purchase,mbS Traders-Egg,Nos,8.0,2023-07-31
Local Purchase,mbS Traders-soap powder,pkt,1.0,2023-07-31
Narayana Traders,Elite-Maida-50Kg,Bag,2030.0,2023-07-05
Essar Associates,Pepsi-Mirinda-750Ml,Nos,294.69,2023-07-06
Essar Associates,Pepsi-Slice Mango-250Ml,Case,15.78,2023-07-06
Taha Enterprises,Prime-Instant Dried Yeast-500Gm,Pkt,151.78,2023-07-10
Taha Enterprises,Veeba-Pasta & Pizza Sauce-1Kg,pkt,163.86,2023-07-10
Taha Enterprises,Veeba-Schezwansauce-1Kg,Pkt,161.88,2023-07-10
Taha Enterprises,Veeba-Thousand Island-1Kg,pkt,166.25,2023-07-10
Taha Enterprises,Veeba-Tandoori Spread-1Kg,pkt,192.49,2023-07-10
Taha Enterprises,Meatza-Godrej Chicken Nuggets -1Kg,pkt,285.71,2023-07-10
Lakshyam Foods,Looco'S-Bbq Mix-1Kg,kg,465.0,2023-07-11
Lakshyam Foods,Looco'S-Gbc Box-50Nos,Nos,8.25,2023-07-11
Lakshyam Foods,Looco'S-Large Box-50Nos,Nos,14.85,2023-07-11
Lakshyam Foods,Looco'S-Medium Box-50Nos,Nos,11.5,2023-07-11
Lakshyam Foods,Looco'S-Moktails Glass-50Nos,Nos,8.96,2023-07-11
Lakshyam Foods,Looco'S-Regular Box-50Nos,Nos,9.0,2023-07-11
Koonathil Traders,Entree-Jalapeno Slices-2.9 Kg,Tin,266.07,2023-07-14
Koonathil Traders,Dvc-Green Apple-750Ml,Btl,414.0,2023-07-14
Koonathil Traders,Dvc-Passion Fruit-750Ml,Btl,414.0,2023-07-14
Koonathil Traders,Dvc-Blue Occean Flv Syrup-750Ml,Btl,414.0,2023-07-14
Koonathil Traders,Golden Crown-Baby Corn Whole-450Gm,Tin,65.0,2023-07-14
Koonathil Traders,Tajir Habit-Pineapple Slice-500Gm,tin,105.0,2023-07-14
Koonathil Traders,Chefs Art-Piri Piri Marinade-1Kg,kg,417.4,2023-07-14
Koonathil Traders,Milky Mist-Mozzarella Diced Cheese-2Kg,pkt,855.37,2023-07-15
Essar Associates,Pepsi-Dew-750Ml,Nos,294.69,2023-07-13
Koonathil Traders,Vks Chef'S Art-Oregano Sprinkler-500Gm,pkt,290.0,2023-07-21
Koonathil Traders,Vks Chef'S Art-Chilly Flakes 0.8Gm-300S,pkt,209.52,2023-07-21
Koonathil Traders,Dvc-Bubblegum-750Ml,Btl,414.0,2023-07-21
Koonathil Traders,Dvc-Cucumber-750Ml,Btl,414.0,2023-07-21
Koonathil Traders,Dvc-Mango Beverage Blend-750Ml,Btl,648.0,2023-07-21
Koonathil Traders,Dvc-Mixed Berry Beverage Blend-750Ml,Btl,648.0,2023-07-21
Koonathil Traders,Dvc-Peach Garden Syrup-750Ml,Btl,414.0,2023-07-21
Koonathil Traders,Dvc-Watermelon Syrup-750Ml,Btl,414.0,2023-07-21
Taha Enterprises,Veeba-Eggless Mayonise -1Kg,pkt,122.5,2023-07-21
Taha Enterprises,Veeba-Gouda Cheese-1Kg,pkt,188.16,2023-07-22
Taha Enterprises,Veeba-Ketchup Sachet (8G)-100,pkt,71.42,2023-07-22
Taha Enterprises,Veeba-Tasty Fixel Chilly Flakes 0.8Gm-250S,pkt,126.0,2023-07-22
Essar Associates,Pepsi-7Up Pet-250Ml,Case,525.0,2023-07-21
Essar Associates,Pepsi-Slice Mango-600Ml,Nos,30.7,2023-07-21
Essar Associates,Pepsi-Aqua Fina-1Ltr,Case,168.0,2023-07-21
Essar Associates,Pepsi-Pepsi Pet-250Ml,Case,525.0,2023-07-27
Essar Associates,Pepsi-Pepsi Pet-750Ml,Case,825.12,2023-07-27
Essar Associates,Pepsi-Pepsi Pet-1250Ml,Case,695.04,2023-07-27
Essar Associates,Pepsi-7Up Pet-750Ml,Case,825.12,2023-07-27
Essar Associates,Pepsi-7Up Pet-1250Ml,Case,695.04,2023-07-27
Essar Associates,Pepsi-Dew-500Ml,Nos,21.67,2023-07-27
Essar Associates,Pepsi-Mirinda-250Ml,Nos,12.5,2023-07-27
Essar Associates,Pepsi-Lehar Soda-750Ml,Case,395.04,2023-07-27
Lakshyam Foods,Looco'S-Browny-1Kg,kg,385.0,2023-07-31
Lakshyam Foods,Looco'S-French Fries Box-25Nos,Nos,5.35,2023-07-31
Lakshyam Foods,Looco'S-Herb Mix-1Kg,kg,425.0,2023-07-31
Lakshyam Foods,Looco'S-Mexican Mix-1Kg,kg,415.0,2023-07-31
Lakshyam Foods,Looco'S-Paneer Tikka Butter Masala -1Kg,kg,375.0,2023-07-31
Lakshyam Foods,Looco'S-Pepperoni-1Kg,kg,941.92,2023-07-31
Lakshyam Foods,Looco'S-Pizza Primix-1Kg,kg,240.0,2023-07-31
Lakshyam Foods,Looco'S-Pizza Sauce Primix-1Kg,kg,325.0,2023-07-31
Lakshyam Foods,Looco'S-Tandoori Mix-1Kg,kg,395.0,2023-07-31
Lakshyam Foods,Looco'S-Tripod-500Nos,Nos,1.35,2023-07-31
Lakshyam Foods,Looco'S-Schezwan Mix-1Kg,kg,350.0,2023-07-31
Koonathil Traders,Amul-Mozzarella Diced Cheese-1Kg,pkt,421.42,2023-07-28
Koonathil Traders,Milky Mist-Processed Cheese Block-1Kg,pkt,491.07,2023-07-28
Koonathil Traders,Zippy-Chicken Salami-1Kg,pkt,279.0,2023-07-28
Koonathil Traders,Zippy-Chicken Sausage-1Kg,pkt,285.0,2023-07-28
Koonathil Traders,Crest-Frozen Sweet Corn-1Kg,pkt,99.0,2023-07-28
Koonathil Traders,Funwave-French Fries 6Mm-2.5Kg,pkt,311.6,2023-07-28
Koonathil Traders,Golden Crown-Mushroom Slice-800Gm,Tin,99.0,2023-07-28
Koonathil Traders,Tajir Habit-Jalapeno Slices-2.9 Kg,Tin,285.0,2023-07-28
Koonathil Traders,Sirocco-Black Olives Slice-3 Kg,Tin,507.14,2023-07-28
Koonathil Traders,Neo-Red Paprika Slice-2.5Kg,Tin,388.0,2023-07-28
Koonathil Traders,Puramate-Pasta-Penne Rigatte-500Gm,pkt,60.72,2023-07-28
Koonathil Traders,Puramate-Pasta-Gomiti Rigatte-500Gm,Pkt,60.72,2023-07-28
Koonathil Traders,Dvc-Fresh Garden Mint-750Ml,Btl,414.0,2023-07-28
Koonathil Traders,Dvc-Strawberry-750Ml,Btl,414.0,2023-07-28
Koonathil Traders,Jivo-Pomace Olive Oil-1Ltr,Btl,371.43,2023-07-28
Koonathil Traders,Vks Chef'S Art-Oregano Sachet 0.8Gm-300S,pkt,209.52,2023-07-28
Koonathil Traders,Veeba-Ketchup -1.2Kg,Btl,93.75,2023-07-28
Koonathil Traders,Flexi-Flexi Cream Gold-1Kg,pkt,165.0,2023-07-28
Koonathil Traders,Apis-Honey-1Ltr,Btl,312.0,2023-07-28
Koonathil Traders,Knorr-Aromat Seasoning Powder-500Grm,pkt,153.57,2023-07-28
Koonathil Traders,Tajir Habit-Baby Corn Whole-800Gm,Tin,99.0,2023-07-28
Salva Food Agencies,Veena-Pasta Pizza Sauce-1Kg,pkt,164.0,2023-07-29
Renjith looco's,Looco'S-Paper Bag Medium-Nos,Nos,9.5,2023-07-31
Renjith looco's,Looco'S-Paper Bag Regular-Nos,Nos,8.5,2023-07-31
Loocos Pizza CPY,Veeba Pasta & Pizza Sauce 1KG,Kg,190.0,2023-08-31
Loocos Pizza CPY,Veeba Tandoori Spread-1kg,Kg,217.0,2023-08-31
Loocos Pizza CPY,French Fries 6mm-Funwave,Kg,143.6,2023-08-31
Loocos Pizza CPY,DVC Peach Garden Syrup Syrup 750 ml,Kg,488.52,2023-08-31
Loocos Pizza CPY,DVC Strawberry Syrup Syrup 750 ml,Kg,488.52,2023-08-31
Loocos Pizza CPY,APIS Honey 1kg,Kg,327.6,2023-08-31
Loocos Pizza CPY,Hersheys Cocoa-70grm,Pkt,99.0,2023-08-31
Loocos Pizza CPY,KT Coriander 1kg,Kg,215.0,2023-08-31
Loocos Pizza CPY,Salt-sprinkle-powder,Pkt,12.0,2023-08-31
Loocos Pizza CPY,Frozen Sweet Corn,Pkt,125.0,2023-08-31
Loocos Pizza CPY,Berry Fresh Banana Pulp,Tin,270.0,2023-08-31
Loocos Pizza CPY,Schezwan Mix,Kg,350.0,2023-08-31
Loocos Pizza CPY,Dew 500ml Pet,Nos,21.67,2023-08-31
Loocos Pizza CPY,Paper Glass,Nos,0.9,2023-08-31
Loocos Pizza CPY,Papper carry bag large,Nos,11.5,2023-08-31
Loocos Pizza CPY,Tissue Big,Pkt,20.0,2023-08-31
Loocos Pizza CPY,French Fries 6mm,Pkt,350.0,2023-08-31
Loocos Pizza CPY,Gas-LPG-IOCL,Nos,1800.0,2023-08-31
Essar Associates,7up 250ml can,Case,720.0,2023-09-01
Taha Enterprices,Veeba Eggless Mayonise Chef 1KG,Nos,140.0,2023-09-05
Koonathil Traders,Puramate Pasta-Gomiti Rigate 500g,Nos,68.0,2023-09-08
Essar Associates,7UP 750ml Pet,Case,825.11,2023-09-18
Essar Associates,Mirinda 250ml pet,Case,525.0,2023-09-21
Koonathil Traders,JIVO Pomace Olive Oil ,Nos,335.01,2023-09-22
salva food agencies,DEL POPCORN,Pkt,295.68,2023-09-30
Essar Associates,Dew,Case,465.0,2023-08-03
Essar Associates,Dew Can,Case,720.0,2023-08-03
Koonathil Traders,Chilly Flakes,pkt,143.85,2023-08-04
Koonathil Traders,Basil,pkt,183.0045,2023-08-04
Taha Enterprises,Eggless Mayonise ,pkt,137.2,2023-08-07
Taha Enterprises,Garlic Chilli Spread,pkt,161.698432,2023-08-07
Taha Enterprises,Makhani Sauce,pkt,210.7392,2023-08-07
Taha Enterprises,Ketchup Sachet (8g),pkt,79.9904,2023-08-07
Taha Enterprises,Tandoori Spread,pkt,215.590592,2023-08-07
Taha Enterprises,Tasty Fixel Chilly Flakes 0.8gm,pkt,132.3,2023-08-07
Taha Enterprises,Godrej chicken Nuggets ,pkt,319.9952,2023-08-07
Taha Enterprises,Kadai Gravy,pkt,194.033728,2023-08-07
Essar Associates,Aqua Fina,Case,167.99,2023-08-10
Taha Enterprises,Gouda Cheese,pkt,210.7392,2023-08-14
Taha Enterprises,Chili Cheese Poppers,pkt,459.9952,2023-08-14
Lakshyam Foods,BBQ Mix,kg,465.0,2023-08-17
Lakshyam Foods,French Fries Box,Nos,5.35,2023-08-17
Lakshyam Foods,GBC Box,Nos,8.79,2023-08-17
Lakshyam Foods,Herb Mix,kg,425.0,2023-08-17
Lakshyam Foods,kheema Masala,kg,650.0,2023-08-17
Lakshyam Foods,Large Box,Nos,14.85,2023-08-17
Lakshyam Foods,Medium Box,Nos,11.5,2023-08-17
Lakshyam Foods,moktails Glass,Nos,8.96,2023-08-17
Lakshyam Foods,Pasta Container,Nos,8.95,2023-08-17
Lakshyam Foods,Pepperoni,kg,895.0,2023-08-17
Lakshyam Foods,Pizza Primix,kg,240.0,2023-08-17
Lakshyam Foods,Pizza Sauce Primix,kg,325.0,2023-08-17
Lakshyam Foods,Bread Primix,kg,240.0,2023-08-17
Lakshyam Foods,Regular Box,Nos,9.0,2023-08-17
Lakshyam Foods,Salad Bowl (Big )500ml,Nos,6.55,2023-08-17
Lakshyam Foods,Salad Bowl (Small )250ml,Nos,5.25,2023-08-17
Lakshyam Foods,Tandoori Mix,kg,395.0,2023-08-17
Essar Associates,Pepsi pet,Case,525.0,2023-08-17
Essar Associates,Pepsi pet,Case,695.04,2023-08-17
Essar Associates,7up pet,Case,825.11,2023-08-17
Essar Associates,Dew,Nos,21.66916667,2023-08-17
Essar Associates,Dew,Nos,34.38083333,2023-08-17
Essar Associates,Slice Mango,Case,530.096,2023-08-17
Koonathil Traders,Mozzarella Diced Cheese,pkt,471.9904,2023-08-17
Koonathil Traders,Frozen Sweet corn,pkt,99.0,2023-08-17
Koonathil Traders,French Fries 6mm,pkt,348.992,2023-08-17
Koonathil Traders,Mushroom Slice,pkt,98.0,2023-08-17
Koonathil Traders,Pasta-Penne Rigatte,tin,68.0064,2023-08-17
Koonathil Traders,Pasta-Gomiti Rigatte,100Nos,68.0064,2023-08-17
Koonathil Traders,Pineapple slice,Btl,110.25,2023-08-17
Koonathil Traders,Mini Burger Box,Btl,271.4,2023-08-17
Koonathil Traders,Fresh Garden Mint,Btl,488.52,2023-08-17
Koonathil Traders,Strawberry,Btl,488.52,2023-08-17
Koonathil Traders,Green Apple,Btl,488.52,2023-08-17
Koonathil Traders,Passion Fruit,pkt,488.52,2023-08-17
Koonathil Traders,Blue Occean Flv Syrup,pkt,488.52,2023-08-17
Koonathil Traders,Oregano Sachet 0.8gm,Tin,219.996,2023-08-17
Koonathil Traders,Oregano Sprinkler,Nos,324.8,2023-08-17
Koonathil Traders,Black Olives Slice,Nos,567.9968,2023-08-17
Lakshyam Foods,FRENCH FRIES BOX,Nos,5.35,2023-08-17
Lakshyam Foods,GARLIC BREAD BOx,Nos,8.79,2023-08-17
Lakshyam Foods,LARGE PIZZA BOX,Nos,14.85,2023-08-17
Lakshyam Foods,MEDIUM PIZZA BOX,Nos,11.5,2023-08-17
Lakshyam Foods,REGULAR PIZZA BOX,Nos,9.0,2023-08-17
Lakshyam Foods,MOCKTAIL GLASS,Nos,8.96,2023-08-17
Lakshyam Foods,PASTHA CONTAINER,KG,8.95,2023-08-17
Lakshyam Foods,SALAD BOWL 500ML,KG,6.55,2023-08-17
Lakshyam Foods,BBQ MIX,KG,465.0,2023-08-17
Lakshyam Foods,HERB MIX,KG,425.0,2023-08-17
Lakshyam Foods,CHICKEN KHEEMA MASALA,KG,650.0,2023-08-17
Lakshyam Foods,LAMB PEPPERONI,KG,895.0,2023-08-17
Lakshyam Foods,PIZZA PREMIX,KG,240.0,2023-08-17
Lakshyam Foods,PIZZA SAUCE PREMIX,KG,325.0,2023-08-17
Lakshyam Foods,BREAD PREMIX,Nos,240.0,2023-08-17
Lakshyam Foods,TANDOORI MIX,Nos,395.0,2023-08-17
Lakshyam Foods,SALAD BOWL 250ML,Case,5.25,2023-08-17
TAHA ENTERPRISES,Pasta and Pizza Sause,Case,183.5,2023-08-22
Essar Associates,Dew 250 PET,Case,465.0,2023-08-24
Essar Associates,Pepsi 250 PET,Case,525.0,2023-08-24
Essar Associates,Pepsi 750 PET,Case,825.115,2023-08-24
Essar Associates,Dew 750 PET,Case,825.1,2023-08-24
Essar Associates,Mirinda 750 PET,Case,825.1,2023-08-24
Essar Associates,7UP 750 PET,Nos,825.115,2023-08-24
Essar Associates,7UP 250 PET,Pkt,525.0,2023-08-24
Essar Associates,Slice Mango 600 PET,Pkt,34.38,2023-08-24
Midtown Enterprises,Go Mozzerella Cheese,Nos,940.8333333,2023-08-24
Koonathil Traders,Amul Diced Mozzerella Cheese,Nos,472.0,2023-08-31
Transportation,Transportation-vegitables,kg,1.0,2023-08-01
babu palakkad,babu palakkad-paneer,Rs,290.0,2023-08-01
babu palakkad,babu palakkad-butter,ltr,380.0,2023-08-01
Royal HyperMarket,Royal HyperMarket-Corn Meal,Nos,90.0,2023-08-01
Royal HyperMarket,Royal HyperMarket-Hersheys Cocoa powder,Nos,99.0,2023-08-01
Royal HyperMarket,Royal HyperMarket-Hersheys Chocolate syrup,Nos,99.0,2023-08-01
Local Purchase,Local Purchase-Note Book,pkt,35.0,2023-08-01
Local Purchase,Local Purchase-Pen,Nos,4.0,2023-08-01
cake lakes,cake lakes-Sugar Ball,pkt,80.0,2023-08-01
five Star Traders,five Star Traders-kadala,Nos,70.0,2023-08-01
five Star Traders,five Star Traders-salt powder,cylinder,10.0,2023-08-01
five Star Traders,five Star Traders-cashew nut,kg,750.0,2023-08-01
five Star Traders,five Star Traders-Chilly Powder,Nos,220.0,2023-08-01
five Star Traders,five Star Traders-Coriander Powder,Nos,130.0,2023-08-01
five Star Traders,five Star Traders-atta,kg,39.0,2023-08-01
five Star Traders,five Star Traders-Mustard oil,kg,180.0,2023-08-01
five Star Traders,five Star Traders-Tandoori Chicken Masala,Rs,74.0,2023-08-01
five Star Traders,five Star Traders-jeerakam,pkt,700.0,2023-08-01
Local Purchase,Local Purchase-Steel Fork,pkt,38.0,2023-08-02
Local Purchase,Local Purchase-Steel Spoon Big,Nos,25.0,2023-08-02
Local Purchase,Local Purchase-Steel Spoon Small,pkt,20.0,2023-08-02
Local Purchase,Local Purchase-Egg,ltr,6.0,2023-08-02
Local Purchase,Local Purchase-agarbatti,Rs,40.0,2023-08-02
HPCL,HPCL-gas,pkt,1730.0,2023-08-03
Local Purchase,Local Purchase-LED Bulb 9w,kg,75.0,2023-08-03
Sherif Cherpulasery,Sherif Cherpulasery-Whole chicken,Nos,116.0,2023-08-04
Local Purchase,Local Purchase-Maida,Nos,41.2,2023-08-04
labour Charges,labour Charges-Union Charges,pkt,1.0,2023-08-04
Local Purchase,Local Purchase-Egg,Rs,6.0,2023-08-04
Local Purchase,Local Purchase-Chicken Masala,Rs,28.0,2023-08-04
Local Purchase,Local Purchase-whole chilli,Nos,280.0,2023-08-04
Local Purchase,Local Purchase-palm oil,Nos,88.5,2023-08-04
mbS Traders,mbS Traders-Cling Film,Nos,120.0,2023-08-04
mbS Traders,mbS Traders-paper straw small,Nos,35.0,2023-08-04
Nayara Energy,Nayara Energy-petrol,kg,108.9400094,2023-08-05
A.N.A Agencies,A.N.A Agencies-screw,pkt,2.0,2023-08-05
mbS Traders,mbS Traders-micro 10x14,pkt,140.0,2023-08-05
mbS Traders,mbS Traders-Micro 20x26,Rs,140.0,2023-08-05
mbS Traders,mbS Traders-micro 27x30,pkt,150.0,2023-08-05
mbS Traders,mbS Traders-paper glass,Nos,70.0,2023-08-05
mbS Traders,mbS Traders-Cherry,Rs,300.0,2023-08-05
Local Purchase,Local Purchase-Baloon Handle,ltr,1.379310345,2023-08-05
Local Purchase,Local Purchase-milk Milma,pkt,28.0,2023-08-05
Airtel,Airtel-mobile recharge,Nos,1.0,2023-08-06
Local Purchase,Local Purchase-Green Plants,Nos,308.0,2023-08-06
Diamond Hotel ware and Cutlerys,"Diamond Hotel ware and Cutlerys-Glare Rock Dinner Plate 10.75""",pkt,254.88,2023-08-06
Diamond Hotel ware and Cutlerys,"Diamond Hotel ware and Cutlerys-Glare Hammered 8"" Rec Platter",kg,223.02,2023-08-06
Diamond Hotel ware and Cutlerys,"Diamond Hotel ware and Cutlerys-Glare Rock Serving Bowl 6.5""",cylinder,208.86,2023-08-06
Diamond Hotel ware and Cutlerys,"Diamond Hotel ware and Cutlerys-Glare Remekin Bowl 2.5"" Black",Rs,31.86,2023-08-06
Diamond Hotel ware and Cutlerys,Diamond Hotel ware and Cutlerys-AW 067 Wooden Rect Pizza Bat,Rs,452.42,2023-08-06
Local Purchase,Local Purchase-atta,Nos,39.0,2023-08-06
Local Purchase,Local Purchase-Mint,pkt,200.0,2023-08-06
Local Purchase,Local Purchase-milk Milma,kg,28.0,2023-08-06
Local Purchase,Local Purchase-Curd Milma,kg,35.0,2023-08-06
Local Purchase,Local Purchase-Egg,pkt,6.0,2023-08-06
Local Purchase,Local Purchase-Egg,Nos,6.0,2023-08-07
Rent,Rent-Staff Room Remt,cylinder,1.0,2023-08-08
Nayara Energy,Nayara Energy-petrol,Nos,108.9400094,2023-08-08
Indian Oil,Indian Oil-petrol,pkt,108.7902524,2023-08-08
Local Purchase,Local Purchase-Soya chunk,pkt,30.0,2023-08-08
Local Purchase,Local Purchase-Milk Milma,Nos,28.0,2023-08-08
Local Purchase,Local Purchase-Baloon,ltr,2.5,2023-08-08
Local Purchase,Local Purchase-Baloon Handle,Rs,2.0,2023-08-08
Phoenix Ice Cubes,Phoenix Ice Cubes-ice cubes,Rs,40.0,2023-08-08
babu palakkad,babu palakkad-Butter,Rs,380.0,2023-08-08
HPCL,HPCL-Gas,Nos,1730.0,2023-08-09
KTP Vegitables,KTP Vegitables-vegitables,pkt,1.0,2023-08-09
I square,I square-V3 Pin Cable,kg,120.0,2023-08-09
five Star Traders,five Star Traders-palm oil,kg,88.0,2023-08-09
five Star Traders,five Star Traders-Soya chunk,Rs,108.0,2023-08-09
Local Purchase,Local Purchase-milk Milma Toned,kg,26.0,2023-08-09
Local Purchase,Local Purchase-voucher,Rs,56.0,2023-08-09
Local Purchase,Local Purchase-pen,kg,10.0,2023-08-09
HPCL,HPCL-Gas,kg,1730.0,2023-08-10
Local Purchase,Local Purchase-Egg,kg,6.0,2023-08-10
mbS Traders,mbS Traders-tissue Big size,Nos,18.0,2023-08-10
mbS Traders,mbS Traders-exo dishwash cake,Rs,5.0,2023-08-10
mbS Traders,mbS Traders-agarbatti,pkt,50.0,2023-08-10
mbS Traders,mbS Traders-Vilakenna,Nos,110.0,2023-08-10
Satheesh,Satheesh-Waste Collection,pkt,1.0,2023-08-11
Local Purchase,Local Purchase-voucher,Nos,56.0,2023-08-11
Local Purchase,Local Purchase-milk milma,ltr,28.0,2023-08-11
Local Purchase,Local Purchase-egg,ltr,6.0,2023-08-11
Local Purchase,Local Purchase-masoor dal red,kg,80.0,2023-08-11
Local Purchase,Local Purchase-cashew nut,kg,750.0,2023-08-11
Maintenance,Maintenance-Make line Repair,kg,1.0,2023-08-12
Sherif Cherpulasery,Sherif Cherpulasery-Whole chicken,kg,132.9411765,2023-08-12
Local Purchase,Local Purchase-Maida,pkt,41.2,2023-08-12
labour Charges,labour Charges-Union Charges,Nos,1.0,2023-08-12
five Star Traders,five Star Traders-sugar,Rs,40.0,2023-08-12
five Star Traders,five Star Traders-tea loose,cylinder,180.0,2023-08-12
five Star Traders,five Star Traders-atta,Rs,39.0,2023-08-12
Local Purchase,Local Purchase-milk milma,Nos,28.0,2023-08-12
Satheesh,Satheesh-Waste Collection,Nos,1.0,2023-08-13
Local Purchase,Local Purchase-milk milma,kg,28.0,2023-08-13
Local Purchase,Local Purchase-egg,kg,6.0,2023-08-13
Local Purchase,Local Purchase-lighter,Nos,10.0,2023-08-13
KTP Vegitables,KTP Vegitables-vegitables,ltr,1.0,2023-08-14
Maintenance,Maintenance-Bike tube replace,pkt,350.0,2023-08-14
Indian Oil,Indian Oil-petrol,kg,108.7902524,2023-08-14
HPCL,HPCL-Petrol,pkt,108.8000056,2023-08-14
five Star Traders,five Star Traders-Chilly Powder,kg,220.0,2023-08-14
five Star Traders,five Star Traders-Coriander Powder,pkt,140.0,2023-08-14
five Star Traders,five Star Traders-soap powder,pkt,60.0,2023-08-14
five Star Traders,five Star Traders-Turmeric powder,pkt,140.0,2023-08-14
PTM stores,PTM stores-nawab rice,pkt,37.0,2023-08-14
Local Purchase,Local Purchase-Milk Milma,pkt,28.0,2023-08-14
KTP Vegitables,KTP Vegitables-vegitables,Nos,1.0,2023-08-15
Local Purchase,Local Purchase-egg,pkt,6.0,2023-08-15
Local Purchase,Local Purchase-milk Milma,Nos,28.0,2023-08-15
Local Purchase,Local Purchase-cockroach chalk,Nos,15.0,2023-08-15
babu palakkad,babu palakkad-paneer,pkt,290.0,2023-08-15
babu palakkad,babu palakkad-Butter,Nos,380.0,2023-08-15
Local Purchase,Local Purchase-SR200 Grip Plus,kg,80.0,2023-08-15
KTP Vegitables,KTP Vegitables-vegitables,kg,1.0,2023-08-16
HPCL,HPCL-Petrol,Rs,108.8000056,2023-08-16
five Star Traders,five Star Traders-palm oil,Rs,87.5,2023-08-16
five Star Traders,five Star Traders-black papper,Rs,640.0,2023-08-16
five Star Traders,five Star Traders-horlicks,pkt,5.0,2023-08-16
Sherif Cherpulasery,Sherif Cherpulasery-Whole chicken,bag,146.1538462,2023-08-16
mbS Traders,mbS Traders-jumbo cover,Rs,75.0,2023-08-16
mbS Traders,mbS Traders-tissue Big size,pkt,18.0,2023-08-16
mbS Traders,mbS Traders-micro 16x20,Nos,140.0,2023-08-16
mbS Traders,mbS Traders-paper straw small,Rs,35.0,2023-08-16
Local Purchase,Local Purchase-Curd Milma,Rs,35.0,2023-08-16
Transportation,Transportation-Auto fare,Rs,1.0,2023-08-17
Satheesh,Satheesh-Waste Collection,Rs,1.0,2023-08-17
Srinivasan,Srinivasan-Vanilla Ice Cream,Rs,544.0,2023-08-17
Local Purchase,Local Purchase-Baloon,Rs,2.5,2023-08-17
Local Purchase,Local Purchase-Stick,Rs,2.0,2023-08-17
Local Purchase,Local Purchase-Milk Milma,Rs,28.0,2023-08-17
Local Purchase,Local Purchase-atta,Rs,39.0,2023-08-17
Local Purchase,Local Purchase-kadala,Rs,70.0,2023-08-17
Transportation,Transportation-vegitables,Rs,1.0,2023-08-18
HPCL,HPCL-Gas,Rs,1.0,2023-08-18
KTP Vegitables,KTP Vegitables-vegitables,Rs,1.0,2023-08-18
Local Purchase,Local Purchase-paper plate,Rs,120.0,2023-08-18
Local Purchase,Local Purchase-Maida,Rs,2060.0,2023-08-18
labour Charges,labour Charges-maida,Rs,1.0,2023-08-18
Local Purchase,Local Purchase-Milk milma,Rs,28.0,2023-08-18
Local Purchase,Local Purchase-egg,Rs,6.0,2023-08-18
Local Purchase,Local Purchase-Chicken Boneless,Rs,1.0,2023-08-26
Local Purchase,Local Purchase-vegitables,Rs,1.0,2023-08-25
Local Purchase,Local Purchase-Paneer,Rs,1.0,2023-08-23
Local Purchase,Local Purchase-Chicken,Rs,1.0,2023-08-25
Local Purchase,Local Purchase-Staff Chicken,Rs,1.0,2023-08-27
Local Purchase,Local Purchase-Gas HP,Rs,1.0,2023-08-28
Local Purchase,Local Purchase-Ice-Cube,Rs,1.0,2023-08-28
Local Purchase,Local Purchase-Local Purchase,Rs,1.0,2023-08-30
Local Purchase,Local Purchase-Paneer And Butter,Rs,1.0,2023-08-30
Local Purchase,Local Purchase-vegetable,Rs,1.0,2023-08-31
Local Purchase,Local Purchase-surabi maida,Rs,1.0,2023-08-31
MBS Traders,Palm Oil - Refined Oil,Ltr,98.0,2023-09-04
Local Purchase,Curd-Sheethal-400g,Pkt,28.0,2023-09-07
MBS Traders,Jumbo Cover-Blue,Nos,90.0,2023-09-08
Local Purchase,Soap Powder-500g,Pkt,35.0,2023-09-08
Local Purchase,Chicken-Masala-Melam,Pkt,29.0,2023-09-10
Local Purchase,Curd-Elanad-500ml,Nos,35.0,2023-09-13
Local Purchase,Atta-Tasty-pkt-1kg,Kg,53.0,2023-09-16
KTP Vegitables,brinjal-veg,Kg,30.0,2023-09-18
KTP Vegitables,Cheera-veg,Kg,30.0,2023-09-30
Loocos Pizza CPY,super Meal,Kg,40.0,2023-09-30
Loocos Pizza CPY,Salt-sprinkle-powder,Kg,12.0,2023-09-30
Loocos Pizza CPY,TAJIR JALAPENO SLICES 2.5 KG,Nos,285.0,2023-09-30
Loocos Pizza CPY,DVC Mango Beverage Blend Syrup 750 ml,Kg,637.2,2023-09-30
Loocos Pizza CPY,Ice cube,Kg,10.0,2023-09-30
Loocos Pizza CPY,Berry Fresh Banana Pulp,Kg,180.0,2023-09-30
Loocos Pizza CPY,French Fries 6mm-Funwave 2.5 KG,Kg,139.6,2023-09-30
Loocos Pizza CPY,MilkyMist-Mozzarella Cheese-shredded-2kg,Nos,855.36,2023-09-30
Loocos Pizza CPY,Schezwan sauce,Nos,340.0,2023-09-30
Loocos Pizza CPY,Wooden Spoon-160mm,Nos,1.25,2023-09-30
Loocos Pizza CPY,Slice Mango 200ml pet,Case,530.0,2023-09-30
Local Purchase,KABULI CHANA,Kg,188.0,2023-10-01
Local Purchase,decoration-Baloon,Nos,2.0,2023-10-01
Local Purchase,VEG,Grams,0.08,2023-10-01
KTP Vegitables,Carrot-Veg,Kg,44.0,2023-10-03
MBS Traders,LAMP OIL,Nos,99.0,2023-10-02
MBS Traders,Plastic Cover 20X26,Pkt,140.0,2023-10-03
KTP Vegitables,cabbage-veg,Kg,17.14,2023-10-03
KTP Vegitables,Bitter Guard-Veg,Kg,40.0,2023-10-09
Local Purchase,Whole Chilly,Kg,260.0,2023-10-09
Local Purchase,Cherry,Kg,300.0,2023-10-09
Isha Fresh Vegitables (Hisham),Red Yellow Capcicum,Kg,260.0,2023-10-05
Isha Fresh Vegitables (Hisham),Brocoli-isha Vegitable,Kg,310.0,2023-10-05
Isha Fresh Vegitables (Hisham),Parsely- Isha Vegitable,Kg,230.0,2023-10-05
Koonathil Traders,Neo-Black Sliced Olives-3kg,Tin,507.0,2023-10-07
Koonathil Traders,Baby Corn Tasty 450G,Nos,65.0,2023-10-07
Local Purchase,Cauli Flower-veg,Kg,34.55,2023-10-11
KTP Vegitables,Mint-Veg,Kg,70.0,2023-10-13
Isha Fresh Vegitables (Hisham),Red yellow capsicum-isha Vegitable,Kg,240.0,2023-10-13
Isha Fresh Vegitables (Hisham),Basil-fresh-Isha Vegitables,Kg,680.0,2023-10-13
Local Purchase,Exo Dishwash cake,Nos,10.0,2023-10-06
KTP Vegitables,payyar-veg,Kg,30.0,2023-10-13
Local Purchase,cashew,Kg,750.0,2023-10-14
Local Purchase,horlicks,Pkt,9.6,2023-10-14
Local Purchase,Wiper-Arafa,Nos,110.0,2023-10-14
KTP Vegitables,Capcicum-Veg,Kg,68.0,2023-10-14
KTP Vegitables,Potato-Veg,Kg,32.0,2023-10-14
Local Purchase,Milk,Pkt,25.0,2023-10-16
Local Purchase,Berry Fresh Chicku Pulp,Tin,270.0,2023-10-18
Essar Associates,Dew 250ml Pet,Case,525.0,2023-10-19
Essar Associates,7UP 1250ml Pet,Case,730.0,2023-10-19
Essar Associates,Pepsi 250ml Can,Case,720.0,2023-10-19
Isha Fresh Vegitables (Hisham),isha veg,Nos,79.2,2023-10-20
Local Purchase,Mint-Veg,Grams,0.1,2023-10-24
Essar Associates,Pepsi 1250ml Pet,Case,730.08,2023-10-26
Essar Associates,Pepsi 750ml Pet,Case,825.11,2023-10-26
Essar Associates,Pepsi 250ml Pet,Case,525.0,2023-10-26
Essar Associates,7up750mlpet,Case,825.0,2023-10-26
Essar Associates,7up 250ml Pet,Case,525.0,2023-10-26
Essar Associates,Dew 750ml Pet,Case,825.11,2023-10-26
Essar Associates,Dew 250ml Can,Case,720.0,2023-10-26
Essar Associates,Lehar Soda,Case,395.04,2023-10-26
Essar Associates,Aqua Fina Mineral Water 1Ltr,Case,167.99,2023-10-26
Local Purchase,catering gloves,Pkt,58.0,2023-10-27
Local Purchase-Petrol,Petrol-Nayara,Ltr,108.7,2023-10-29
ottappalam loocos,Flexi Cream Gold,Ltr,194.7,2023-10-25
Koonathil Traders,MilkyMist-Mozzarella Cheese-shredded-2kg,Kg,427.68,2023-10-31
Loocos Pizza CPY,Papper carry bag small,Nos,8.0,2023-10-31
Loocos Pizza CPY,Papper carry bag medium,Nos,9.0,2023-10-31
Loocos Pizza CPY,Neo Red Paprika 3Kg,Nos,434.56,2023-10-31
Loocos Pizza CPY,Neo Black Sliced Olives,Tin,626.08,2023-10-31
Loocos Pizza CPY,Chilli Flakes-Puramate-400grm,Pkt,143.85,2023-10-31
Loocos Pizza CPY,Puramate Pasta-Penne Rigatte 500g,Kg,136.0,2023-10-31
Loocos Pizza CPY,Puramate Pasta-Gomiti Rigate - macroni - 500g,Grams,0.14,2023-10-31
Loocos Pizza CPY,Oregano Sprinkler 500g,Kg,609.0,2023-10-31
Loocos Pizza CPY,Veeba Pasta & Pizza Sauce 1KG,Nos,163.86,2023-10-31
Loocos Pizza CPY,Baby Corn Whole-450GM-Golden Crown,Nos,65.0,2023-10-31
Loocos Pizza CPY,G.Crown Mushroom Slice 800g,Nos,98.0,2023-10-31
Loocos Pizza CPY,DVC Cucumber Syrup 750 ml,Kg,488.52,2023-10-31
Loocos Pizza CPY,DVC PASSION FRUIT FLV SYRUP 750ML,Ltr,651.36,2023-10-31
Loocos Pizza CPY,DVC BLUE OCCEAN FLV SYRUP 750ML,Ltr,651.36,2023-10-31
Loocos Pizza CPY,DVC Peach GardenSyrup 750 ml,Kg,488.52,2023-10-31
Loocos Pizza CPY,DVC Bubblegum Syrup Syrup 750 ml,Kg,488.52,2023-10-31
Loocos Pizza CPY,DVC Watermelon Syrup 750 ml,Kg,488.52,2023-10-31
Loocos Pizza CPY,JIVO Pomace Olive Oil ,Ltr,335.01,2023-10-31
Loocos Pizza CPY,roasted peanuts,Kg,540.0,2023-10-31
Loocos Pizza CPY,Chilli Flakes-Puramate-400grm,Kg,359.62,2023-10-31
Koonathil Traders,Puramate Pasta-Gomiti Rigate - macroni - 500g,Nos,68.0,2023-11-04
Koonathil Traders,gustora tom ketchup,Pkt,65.0,2023-11-04
Loocos Pizza CPY,French Fries 6mm-Funwave 2.5 KG,Nos,349.0,2023-10-31
Loocos Pizza CPY,Mc Cain Potato Wedges 2.5kg-Taha,Kg,188.0,2023-10-31
Loocos Pizza CPY,Zippy Chicken Salami,Kg,312.48,2023-10-31
Loocos Pizza CPY,BBQ Mix Masala,Kg,442.4,2023-10-31
Loocos Pizza CPY,Paneer Tikka Butter Masala,Kg,386.4,2023-10-31
Loocos Pizza CPY,Butter Scotch Ice-cream,Kg,351.36,2023-10-31
Loocos Pizza CPY,AMUL Mozzarella Cheese Block 1Kg,Kg,330.0,2023-10-31
Loocos Pizza CPY,Mexican Masala,Kg,436.8,2023-10-31
Local Purchase,Washing Powder 500G,Kg,62.0,2023-11-05
Local Purchase,Ice cube,Pkt,80.0,2023-11-09
Local Purchase,spray paint,Tin,150.0,2023-11-09
Koonathil Traders,chilly flakes sachet,Pkt,85.0,2023-11-10
Koonathil Traders,French Fries 9mm-Hungritos,Pkt,339.0,2023-11-10
salva food agencies,Savoury Wedges 2.5 KG,Nos,470.0,2023-11-11
Local Purchase,stationery,Nos,58.0,2023-11-14
Koonathil Traders,amul diced mozzrella,Pkt,489.0,2023-11-18
Local Purchase,mosquito bat,Nos,295.0,2023-11-18
Local Purchase,Curd-Elanad-500ml,Pkt,37.0,2023-11-19
Local Purchase,Padlock,Nos,90.0,2023-11-24
Loocos Pizza CPY,Bio-Bag-16x20-50,Kg,230.0,2023-11-30
Loocos Pizza CPY,Bio-Bag-20x26-35,Kg,230.0,2023-11-30
Local Purchase,Wooden Spoon-160mm,Pkt,125.0,2023-11-30
Local Purchase,Paper Straw big,Pkt,45.0,2023-11-30
Isha Fresh Vegitables (Hisham),isham veg,Nos,123.6,2023-12-02
Loocos Pizza CPY,habit baby corn,Nos,98.0,2023-11-30
Loocos Pizza CPY,Pineapple slice-Tajir Habit-500g,Nos,105.0,2023-11-30
Loocos Pizza CPY,Veeba Gouda Flavoured Dressing,Kg,215.04,2023-11-30
Loocos Pizza CPY,Corn Meal - MAKKA RAVA,Kg,90.0,2023-11-30
Loocos Pizza CPY,Mini Burger Box,Pkt,300.0,2023-11-30
Loocos Pizza CPY,bred premix,Kg,189.0,2023-11-30
Loocos Pizza CPY,Malas Chocolate Sauce 5 ltr,Ltr,212.0,2023-11-30
Loocos Pizza CPY,Basil-fresh,Kg,680.0,2023-11-30
Loocos Pizza CPY,HABIT JALAPENO SLICES 2.9 KG,Nos,248.21,2023-11-30
Loocos Pizza CPY,Black pepper,Kg,1480.0,2023-11-30
Loocos Pizza CPY,Chilli Powder Loose,Kg,200.0,2023-11-30
Loocos Pizza CPY,MilkyMist-Mozzarella Cheese-shredded-2kg,Pkt,958.0,2023-11-30
Loocos Pizza CPY,Frozen Sweet Corn-Pal Fresh,Nos,99.0,2023-11-30
Loocos Pizza CPY,Honey,Ltr,400.0,2023-11-30
Loocos Pizza CPY,AMUL Mozzarella Cheese Block 1Kg,Pkt,330.0,2023-11-30
Local Purchase,led bulb,Nos,125.0,2023-12-09
Koonathil Traders,French Fries 9mm-Funwave,Kg,135.6,2023-12-09
Local Purchase,water 20ltr with botl,Nos,260.0,2023-12-20
Local Purchase,apron,Nos,130.0,2023-12-27
Local Purchase,kitchen towel,Nos,65.0,2023-12-27
Local Purchase,raw papaya,Nos,25.0,2023-12-27
Local Purchase,milk,Pkt,25.0,2023-12-28
Local Purchase,bio covers,Pkt,180.0,2023-12-29
Loocos Pizza CPY,Oregano Sprinkler 500g,Nos,324.8,2023-12-31
Loocos Pizza CPY,Veeba T. Ketchup 1.2KG,Pkt,105.0,2023-12-31
Loocos Pizza CPY,Corn Meal - Chola Rava,Kg,80.0,2023-12-31
Loocos Pizza CPY,Chicken Nuggets-Godrej-1kg,Pkt,328.78,2023-12-31
Loocos Pizza CPY,fish finger,Kg,595.0,2023-12-31
Loocos Pizza CPY,POTATO POPS,Pkt,304.0,2023-12-31
Loocos Pizza CPY,Veeba Tandoori Spread-1kg,Nos,217.0,2023-12-31
Loocos Pizza CPY,Turmeric Powder-loose,Kg,132.0,2023-12-31
Koonathil Traders,Mc Cain Potato Wedges 2.5kg-Taha,Pkt,432.0,2024-01-06
Local Purchase,Tomato-Veg,Kg,30.0,2024-01-07
centreal bazar,Agarbathi,Pkt,50.0,2024-01-12
Local Purchase,Cling Flim,Nos,130.0,2024-01-26
Loocos Pizza CPY,Plastic Cover 12X16,Nos,3.5,2024-01-31
Loocos Pizza CPY,Plastic Cover 16X20,Pkt,130.0,2024-01-31
Loocos Pizza CPY,Plastic Cover 20X26,Nos,3.5,2024-01-31
Loocos Pizza CPY,Veeba Ketchup Sachet,Pkt,82.0,2024-01-31
Loocos Pizza CPY,Plastic Cover 12X16,Pkt,140.0,2024-01-31
Loocos Pizza CPY,French Fries 6mm-Funwave 2.5 KG,Pkt,339.0,2024-01-31
Loocos Pizza CPY,Garlic Chilli Spread,Kg,162.0,2024-01-31
Loocos Pizza CPY,Veeba Makhani Gravy 1KG,Kg,215.04,2024-01-31
Loocos Pizza CPY,kadai gravy,Kg,230.0,2024-01-31
Loocos Pizza CPY,Hersheys Syrup-200grm,Grams,0.47,2024-01-31
Loocos Pizza CPY,Hersheys Cocoa-70grm,Kg,1414.29,2024-01-31
Loocos Pizza CPY,Coriander Powder-loose,Kg,160.0,2024-01-31
Loocos Pizza CPY,Tandoori Chicken Masala-Bakers,Nos,65.0,2024-01-31
Loocos Pizza CPY,Chilly Powder 1kg-Eastern,Kg,330.01,2024-01-31
Loocos Pizza CPY,Turmeric Powder,Kg,140.0,2024-01-31
Loocos Pizza CPY,Sugar-Loose,Kg,42.0,2024-01-31
Loocos Pizza CPY,Masoor-Red,Kg,80.0,2024-01-31
Loocos Pizza CPY,Jeerakham - Loose,Kg,600.0,2024-01-31
Loocos Pizza CPY,GO Colby Cheese Block 2kg,Kg,610.0,2024-01-31
Loocos Pizza CPY,AMUL Mozzarella Diced 1Kg,Kg,489.0,2024-01-31
Loocos Pizza CPY,Strawberry-Ice cream,Pkt,502.0,2024-01-31
Local Purchase,Ice cube/70,Pkt,70.0,2024-02-03
Local Purchase,Chicken-Whole-Staff 310,Kg,155.0,2024-02-14
Local Purchase,Lemon-Veg,Kg,100.0,2024-02-21
Local Purchase,Soya loose,Kg,129.87,2024-02-22
Loocos Pizza CPY,Plastic Cover 26X30,Nos,7.83,2024-02-29
Loocos Pizza CPY,Tandoori mix Masala,Pkt,395.0,2024-02-29
Loocos Pizza CPY,French Fries 6mm-Funwave,Nos,339.0,2024-02-29
Loocos Pizza CPY,CHILLY FLAKES SACHET 0.8GM,Pkt,85.0,2024-02-29
Loocos Pizza CPY,Pineapple slice-Tajir Habit-500g,Tin,110.25,2024-02-29
Loocos Pizza CPY,Butter Scotch Sauce 750ml,Grams,0.18,2024-02-29
Loocos Pizza CPY,Strawberry-Ice cream,Kg,228.18,2024-02-29
Loocos Pizza CPY,Milkymist Cheese BLock 1KG,Pkt,550.0,2024-02-29
Loocos Pizza CPY,Green Peas,Kg,100.0,2024-02-29
Loocos Pizza CPY,Ice cube,Nos,40.0,2024-02-29
IZONE,Paper bags regular,Nos,10.0,2024-03-01
Koonathil Traders,Puramate Pasta-Gomiti Rigate 500g,Pkt,68.0,2024-03-02
Local Purchase,file folder,Nos,24.0,2024-03-18
Local Purchase,sticker,Nos,0.07,2024-03-27
Local Purchase,egg 40,Nos,6.67,2024-03-28
Loocos Pizza CPY,Wooden Spoon-140mm,Nos,0.78,2024-03-31
Loocos Pizza CPY,DVC CHocolate Sauce 2 LTR,Ltr,383.5,2024-03-31
Loocos Pizza CPY,CHICKEN POPCORN,Kg,283.36,2024-03-31
Loocos Pizza CPY,Mc Cain Potato Wedges 2.5kg,Nos,481.6,2024-03-31
Local Purchase,Cherry,Grams,0.3,2024-04-09
Isha Fresh Vegitables (Hisham),eng.veg,Nos,150.4,2024-04-13
Local Purchase,Maida(Porotta 50kg),Kg,41.8,2024-04-18
Koonathil Traders,sano pomace olive oil,Nos,369.0,2024-04-20
Local Purchase,curd milma,Pkt,35.0,2024-05-01
Loocos Pizza CPY,Tandoori Masala,Kg,375.2,2024-04-30
Loocos Pizza CPY,Veeba ThousandIsland Dressing 1KG,Kg,187.99,2024-04-30
Loocos Pizza CPY,DVC Strawberry Syrup 750 ml,Kg,488.52,2024-04-30
Loocos Pizza CPY,Cling Flim,Pkt,120.0,2024-04-30
Loocos Pizza CPY,Tandoori Masala,Pkt,50.0,2024-04-30
Loocos Pizza CPY,Atta Loose,Kg,41.0,2024-04-30
Local Purchase,Ginger-Veg,Kg,160.0,2024-05-06
Local Purchase,lemon,Kg,140.0,2024-05-06
Local Purchase,churanga,Kg,25.71,2024-05-06
Local Purchase,Onion-Veg,Kg,33.0,2024-05-06
Isha Fresh Vegitables (Hisham),Red yellow capsicum,Kg,240.0,2024-05-10
Isha Fresh Vegitables (Hisham),Brocoli,Kg,229.7,2024-05-10
Isha Fresh Vegitables (Hisham),Parsely-Veg,Kg,240.0,2024-05-10
Local Purchase,Hand Wash,Nos,95.0,2024-05-12
Local Purchase,hit spray,Nos,115.0,2024-05-19
Local Purchase,ant powder,Nos,42.0,2024-05-19
Local Purchase,rubber band,Pkt,200.0,2024-05-22
Local Purchase,Cash Voucher Book,Nos,55.0,2024-05-23
Loocos Pizza CPY,Wooden Spoon,Pkt,90.0,2024-05-31
Loocos Pizza CPY,straw,Nos,0.26,2024-05-31
Loocos Pizza CPY,bio plate,Nos,3.4,2024-05-31
Loocos Pizza CPY,Baby Corn Whole-450GM-Golden Crown,Tin,98.0,2024-05-31
Loocos Pizza CPY,Mustard-Oil,Ltr,310.0,2024-05-31
Loocos Pizza CPY,Chicken Nuggets-Godrej-1kg,Kg,320.0,2024-05-31
Loocos Pizza CPY,GO Orange Cheddar Cheese 2kg,Kg,566.5,2024-05-31
Local Purchase,Tea Loose,Kg,330.0,2024-06-19
Local Purchase,hit spray big,Nos,225.0,2024-06-20
Loocos Pizza CPY,Pepsi 250ml Can,Nos,30.0,2024-06-30
Loocos Pizza CPY,plastic cover,Pkt,120.0,2024-06-30
Loocos Pizza CPY,Veeba ThousandIsland Dressing 1KG,Nos,187.99,2024-06-30
Loocos Pizza CPY,Flexi Cream Gold,Pkt,200.6,2024-06-30
Loocos Pizza CPY,Chilli Flakes-Tasty Pixel-Veeba-Sachet-0.8g,Nos,0.53,2024-06-30
Loocos Pizza CPY,DVC CHocolate Sauce 2 LTR,Nos,767.0,2024-06-30
Loocos Pizza CPY,Savoury Wedges 2.5 KG,Kg,185.92,2024-06-30
Loocos Pizza CPY,ice cube/70,Pkt,70.0,2024-06-30
Koonathil Traders,pristene cookig cream,Nos,191.16,2024-07-20
FLIPKART,TDS meter,Nos,206.0,2024-07-29
Local Purchase,packing meterials,Nos,173.75,2024-07-29
Local Purchase,Chicken-Whole-Staff,Kg,135.0,2024-08-01
Loocos Pizza CPY,7up 250ml Can,Nos,30.0,2024-07-31
Loocos Pizza CPY,Mirinda 250ml pet,Nos,17.5,2024-07-31
Loocos Pizza CPY,paper bags large,Nos,13.0,2024-07-31
Loocos Pizza CPY,paper bags medium,Nos,12.0,2024-07-31
Loocos Pizza CPY,tissue,Pkt,18.0,2024-07-31
Loocos Pizza CPY,Pizza Premix,Nos,240.0,2024-07-31
Loocos Pizza CPY,Herb Mix Masla,Pkt,425.0,2024-07-31
Loocos Pizza CPY,SALAMI,Kg,279.0,2024-07-31
Loocos Pizza CPY,butter papper,Nos,3.5,2024-07-31
Local Purchase,bio cover,Pkt,160.0,2024-08-05
Local Purchase,Floor Cleaning Liquid Soad,Ltr,44.0,2024-08-14
Local Purchase,Pineapple-Veg,Kg,83.37,2024-08-15
Local Purchase,Plastic Cover 26X30,Pkt,150.0,2024-08-17
Local Purchase,plastic Cover-1kg,Pkt,160.0,2024-08-20
Local Purchase,kadala brown,Kg,194.0,2024-08-21
Loocos Pizza CPY,Mirinda 750ml pet,Nos,34.38,2024-08-31
Loocos Pizza CPY,slice 350 ml,Nos,21.88,2024-08-31
Loocos Pizza CPY,Tooth Pick,Pkt,20.0,2024-08-31
Loocos Pizza CPY,cello tape,Nos,23.0,2024-08-31
Loocos Pizza CPY,paper bags regular,Nos,11.0,2024-08-31
Loocos Pizza CPY,tomato ketchup,Nos,105.0,2024-08-31
Loocos Pizza CPY,Corn Meal - Chola Rava,Pkt,54.75,2024-08-31
Loocos Pizza CPY,Aromat Seasoning Powder,Grams,0.34,2024-08-31
Loocos Pizza CPY,Palm Oil - Refined Oil,Nos,92.5,2024-08-31
Koonathil Traders,French Fries 6mm-Funwave 2.5 kg,Pkt,305.0,2024-09-07
Local Purchase,maida prince,Kg,44.17,2024-09-07
Koonathil Traders,amul diced mozzrella,Kg,510.0,2024-09-14
bistro frozen,chicken popcorn,Kg,288.0,2024-09-17
Koonathil Traders,red paprica 680gm,Nos,182.56,2024-09-21
Local Purchase,AVT Premium Tea,Kg,300.0,2024-09-22
bistro frozen,veeba pizza pasta sauce,Nos,183.67,2024-09-24
Local Purchase,bottle gourd,Nos,37.0,2024-09-26
Loocos Pizza CPY,Paper Straw Big,Nos,0.45,2024-09-30
Loocos Pizza CPY,Paper Straw Small,Nos,0.35,2024-09-30
Loocos Pizza CPY,chilli garlic spread,Nos,162.0,2024-09-30
Loocos Pizza CPY,Richs versatie cream,Nos,200.6,2024-09-30
Loocos Pizza CPY,Berry Fresh Tender Coconut Pulp,Kg,360.0,2024-09-30
Loocos Pizza CPY,Paneer Tikka Butter Masala,Pkt,375.0,2024-09-30
Local Purchase,mint,Nos,9.0,2024-10-03
Local Purchase,Garlic-Veg,Kg,390.0,2024-10-07
bistro frozen,Grain mild breading,Pkt,225.12,2024-10-08
Local Purchase,payar,Kg,60.0,2024-10-09
Local Purchase,Cucumber-veg,Nos,20.0,2024-10-09
Local Purchase,Pineapple-Veg,Nos,106.0,2024-10-11
Local Purchase,Pad Lock,Nos,122.67,2024-10-16
Local Purchase,slice cheese,Grams,1.68,2024-10-23
Loocos Pizza CPY,habit baby corn,Pkt,98.0,2024-10-31
Loocos Pizza CPY,Palm Oil - Refined Oil,Pkt,125.0,2024-10-31
Loocos Pizza CPY,7UP 1250ml Pet,Nos,60.3,2024-10-31
Loocos Pizza CPY,Pepsi 1250ml Pet,Nos,60.3,2024-10-31
Koonathil Traders,mc cain french fry,Kg,100.07,2024-11-02
Local Purchase,washing powder,Kg,70.0,2024-11-10
RK Agencies,Maida 50 kg,Kg,45.2,2024-11-13
Loocos Pizza CPY,tropicana juice,Nos,24.68,2024-11-30
Loocos Pizza CPY,Berry Fresh Tender Coconut Pulp,Tin,370.0,2024-11-30
BERRY FRESH,Berry Fresh Chicku Pulp,Kg,186.67,2024-12-03
Koonathil Traders,Milkymist Cheese BLock 1KG,Nos,550.0,2024-12-07
Local Purchase,watermelon,Nos,60.0,2024-12-19
Local Purchase,Tissue-Energy-Big,Pkt,18.0,2024-12-19
Local Purchase,hybrid tomato,Kg,47.2,2024-12-22
bistro frozen,milky mist cheese block 500gm,Nos,264.6,2024-12-31
Loocos Pizza CPY,Dew 250ml Can,Nos,30.0,2024-12-31
Local Purchase,red dal,Kg,110.0,2025-01-15
Local Purchase,butter paper,Nos,7.0,2025-01-25
Local Purchase,water melon,Kg,60.0,2025-01-26
bistro frozen,French Fries 6mm-Hungritos,Kg,129.36,2025-01-28
Local Purchase,Catering Cap,Pkt,80.0,2025-01-29
Local Purchase,tomato hibreed,Kg,32.0,2025-01-31
Loocos Pizza CPY,Tandoori Tikka Marinade 500Grm,Kg,1150.0,2025-01-31
Loocos Pizza CPY,chilli garlic spread,Pkt,170.0,2025-01-31
Loocos Pizza CPY,oil,Nos,133.5,2025-01-31
Loocos Pizza CPY,masoor dal,Kg,90.0,2025-01-31
Loocos Pizza CPY,sugar,Kg,42.0,2025-01-31
Loocos Pizza CPY,Salt,Pkt,14.0,2025-01-31
Loocos Pizza CPY,Vanilla Ice-cream,Kg,247.27,2025-01-31
Loocos Pizza CPY,Chocolate Ice-cream,Pkt,770.0,2025-01-31
Loocos Pizza CPY,sumeru chicken pop corn,Pkt,313.0,2025-01-31
Loocos Pizza CPY,Zippy  B.Fast Sausage ,Pkt,282.0,2025-01-31
Loocos Pizza CPY,Paper Straw Big,Pkt,45.0,2025-01-31
Loocos Pizza CPY,Paper Straw Small,Pkt,35.0,2025-01-31
bistro frozen,Veg burger pattis,Kg,200.0,2025-02-04
Essar Associates,nimboz,Nos,17.5,2025-02-15
Local Purchase,dust bin,Nos,228.0,2025-02-25
Loocos Pizza CPY,TAJIR HABIT Pinaple Slice 50g,Nos,105.0,2025-02-28
Koonathil Traders,Frozen Sweet Corn-Pal Fresh,Pkt,75.0,2025-03-01
Loocos Pizza CPY,milk maid,Tin,66.0,2025-02-28
Loocos Pizza CPY,Mixed Herb Loose,Grams,0.96,2025-02-28
Loocos Pizza CPY,Chilli Flakes,Kg,440.0,2025-02-28
Loocos Pizza CPY,Veeba Tandoori Spread-1kg,Pkt,232.0,2025-02-28
Loocos Pizza CPY,nuggets sumeru,Pkt,313.0,2025-02-28
Loocos Pizza CPY,Frozen Sweet Corn,Kg,120.0,2025-02-28
Loocos Pizza CPY,pepsi 600 ml,Nos,34.37,2025-02-28
Loocos Pizza CPY,7up 600ml,Nos,34.38,2025-02-28
Loocos Pizza CPY,slice 350ml,Nos,21.88,2025-02-28
Loocos Pizza CPY,tropicana guava 180ml,Nos,17.67,2025-02-28
Local Purchase,grapes,Kg,80.0,2025-03-23
Essar Associates,Tropicana Guava Delight,Nos,25.51,2025-03-29
Loocos Pizza CPY,Chilli Flakes-Tasty Pixel-Veeba-Sachet-0.8g,Pkt,132.3,2025-03-31
Loocos Pizza CPY,egg,Nos,7.0,2025-03-31
Loocos Pizza CPY,ice cube,Pkt,40.0,2025-03-31
Loocos Pizza CPY,Sumeru Nuggets Premium 1Kg,Pkt,313.0,2025-03-31
Loocos Pizza CPY,maida,Kg,46.6,2025-03-31
Loocos Pizza CPY,Dew 600 ml,Nos,34.37,2025-03-31
Loocos Pizza CPY,Paper Plates,Nos,6.6,2025-03-31
Koonathil Traders,Chicken burger pattis koonathil,Pkt,265.0,2025-04-05
bistro frozen,nuggets sneha,Pkt,257.15,2025-04-08
Lakhsyam Foods,mocktail glass,Nos,8.0,2025-04-08
Local Purchase,milk 30,Nos,30.0,2025-04-13
Local Purchase,chocolate chips,Grams,0.78,2025-04-20
Gayatri Traders OTP,maida yamuna,Kg,43.2,2025-04-23
Local Purchase,Egg-5.5,Nos,5.5,2025-04-25
Local Purchase,Green Chilly-Veg,Kg,80.0,2025-04-27
Local Purchase,bio cover 140,Kg,140.0,2025-04-28
Local Purchase,hit spray big,Tin,315.0,2025-04-28
Local Purchase,veg,Nos,66.0,2025-04-29
Loocos Pizza CPY,Mango Crush Sauce 750ml Malas,Nos,840.16,2025-04-30
Loocos Pizza CPY,mustard oil,Nos,124.0,2025-04-30
Loocos Pizza CPY,Dried Yeast,Pkt,169.99,2025-04-30
Loocos Pizza CPY,BASIL,Kg,680.0,2025-04-30
Loocos Pizza CPY,fish finger,Pkt,594.72,2025-04-30
Koonathil Traders,Milkymist Cheese BLock 1KG,Kg,558.0,2025-05-02
Loocos Pizza CPY,Chocolate Ice-cream,Kg,350.0,2025-04-30
Loocos Pizza CPY,butter,Pkt,380.0,2025-04-30
Loocos Pizza CPY,Frozen Sweet Corn-Pal Fresh,Kg,130.0,2025-04-30
Loocos Pizza CPY,bio cup,Nos,1.0,2025-04-30
Local Purchase,egg 6,Nos,6.0,2025-05-07
Essar Associates,pepsi diet 400ml,Nos,17.5,2025-05-17
Loocos Pizza CPY,Puramate Basil 250g Pouch,Nos,195.0,2025-05-31
Loocos Pizza CPY,Mixed Herb Loose,Nos,302.4,2025-05-31
Loocos Pizza CPY,slice 600ml pet,Nos,36.08,2025-05-31
Loocos Pizza CPY,Paper Glass,Pkt,100.0,2025-05-31
Local Purchase,chicken masala,Pkt,27.0,2025-06-04
Local Purchase,bio cover,Kg,150.0,2025-06-21
Isha Fresh Vegitables (Hisham),eng veg,Nos,266.67,2025-06-30
Loocos Pizza CPY,Tandoori Tikka Marinade 500Grm,Pkt,575.0,2025-06-30
Loocos Pizza CPY,Veeba Pasta & Pizza Sauce 1KG,Pkt,183.68,2025-06-30
Loocos Pizza CPY,Puramate Pasta-Penne Rigatte 500g,Nos,69.55,2025-06-30
Loocos Pizza CPY,OREGANO SACHET 0.8GM,Pkt,220.0,2025-06-30
Loocos Pizza CPY,Strawberry sause 750,Nos,143.0,2025-06-30
Loocos Pizza CPY,DVC Mango Beverage Blend Syrup 750 ml,Nos,764.64,2025-06-30
Loocos Pizza CPY,DVC Mint Flavoured Syrup 750 ml,Nos,507.4,2025-06-30
Loocos Pizza CPY,Puramate Basil 250g Pouch,Grams,0.78,2025-06-30
Local Purchase,garam masala,Pkt,40.0,2025-07-14
Local Purchase,curd local,Nos,30.0,2025-07-22
Loocos Pizza CPY,Chilli Flakes,Pkt,44.0,2025-07-31
Loocos Pizza CPY,Paneer tikka masala,Kg,375.0,2025-07-31
Loocos Pizza CPY,staff rice,Kg,36.5,2025-07-31
Loocos Pizza CPY,Frozen Sweet Corn-Pal Fresh 500gm,Pkt,75.0,2025-07-31
Loocos Pizza CPY,Chicken Sausage,Kg,282.0,2025-07-31
Loocos Pizza CPY,GO-Monterey Jack Cheese-2kg,Kg,581.5,2025-07-31
Loocos Pizza CPY,dynamix shredded cheese,Kg,425.0,2025-07-31
Loocos Pizza CPY,DVC Passion Fruit 750ML,Nos,519.2,2025-07-31
Loocos Pizza CPY,DVC Peach GardenSyrup 750 ml,Nos,530.0,2025-07-31
Loocos Pizza CPY,Butter Scotch Sauce 750ml,Nos,143.0,2025-07-31
Loocos Pizza CPY,DVC Strawberry Syrup 750 ml,Nos,507.4,2025-07-31
Essar Associates,milk kesar badam 180ml,Nos,25.25,2025-08-13
Essar Associates,milk vanilla 180ml,Nos,25.25,2025-08-13
bistro frozen,Mc Cain Potato Wedges 2.5kg,Kg,185.92,2025-08-19
Local Purchase,burger bun 4,Pkt,32.0,2025-08-22
Local Purchase,Vanilla Ice-cream,Pkt,544.0,2025-08-25
Local Purchase,pineapple,Kg,57.14,2025-08-27
Loocos Pizza CPY,GO Orange Cheddar Cheese 2kg,Nos,1133.0,2025-08-31
Loocos Pizza CPY,Grain spicy marinade,Pkt,364.0,2025-08-31
Loocos Pizza CPY,Slice Mango 600ml pet,Nos,20.92,2025-08-31
bistro frozen,chicken pop corn sneha,Pkt,290.0,2025-09-02
Local Purchase,butter,Kg,380.0,2025-09-06
Essar Associates,milk rose,Nos,27.5,2025-09-10
Koonathil Traders,mojito,Nos,520.0,2025-09-12
bistro frozen,black olive slice btl 450gm,Nos,166.88,2025-09-23
bistro frozen,dynamix slice cheese,Nos,6.27,2025-09-23
Local Purchase,cashew,Grams,1.0,2025-09-24
Local Purchase,capsicum,Kg,72.0,2025-09-24
bistro frozen,chilly flakes sachet,Nos,0.52,2025-09-30
bistro frozen,black olive slice Habit,Kg,274.4,2025-09-30
shabana chicken stall,ice cream vanilla,Kg,242.0,2025-09-30
Loocos Pizza CPY,Veeba Gouda Flavoured Dressing,Nos,202.0,2025-09-30
Loocos Pizza CPY,DVC MOJITO MINT 750ML,Nos,507.4,2025-09-30
Loocos Pizza CPY,DVC Strawberry Syrup Syrup 750 ml,Nos,488.52,2025-09-30
Loocos Pizza CPY,DVC Mixed Berry Beverage Blend Syrup 750 ml,Nos,828.0,2025-09-30
Loocos Pizza CPY,DVC Bubblegum Syrup Syrup 750 ml,Nos,507.4,2025-09-30
Loocos Pizza CPY,DVC Peach Garden Syrup Syrup 750 ml,Nos,488.52,2025-09-30
Loocos Pizza CPY,Mittai-Milk-Amul,Tin,64.0,2025-09-30
Loocos Pizza CPY,cheese jalapeno dip,Pkt,184.0,2025-09-30
Loocos Pizza CPY,Piri Piri Marinade 1KG,Pkt,475.52,2025-09-30
Loocos Pizza CPY,Chicken burger pattis,Kg,313.0,2025-09-30
Loocos Pizza CPY,Processed cheese block,Nos,277.2,2025-09-30
Loocos Pizza CPY,SALAMI,Pkt,279.0,2025-09-30
Loocos Pizza CPY,Butter Scotch Ice-cream,Nos,773.0,2025-09-30
Loocos Pizza CPY,wodden spoon,Nos,0.65,2025-09-30
Loocos Pizza CPY,slice mango 600ml,Nos,36.08,2025-09-30
bistro frozen,Mc Cain Potato Wedges 2.5kg,Pkt,435.75,2025-10-07
bistro frozen,Processed cheese block,Pkt,259.88,2025-10-07
bistro frozen,dynamix butter,Kg,516.81,2025-10-07
Local Purchase,voucher book,Nos,58.0,2025-10-15
Koonathil Traders,French Fries 6mm,Kg,120.0,2025-10-17
Essar Associates,slice mango 250ml pet,Nos,16.62,2025-10-22
Local Purchase,curd,Pkt,30.0,2025-10-27
Local Purchase,tomato and fruits,Nos,305.0,2025-10-29
Loocos Pizza CPY,Malas Chocolate Sauce 5 ltr,Nos,1060.0,2025-10-31
Loocos Pizza CPY,DVC Cucumber Syrup 750 ml,Nos,530.0,2025-10-31
Loocos Pizza CPY,slice cheese,Pkt,8.02,2025-10-31
Loocos Pizza CPY,vegetable n fruit,Nos,100.0,2025-10-31
Loocos Pizza CPY,dew can300ml,Nos,34.29,2025-10-31
Loocos Pizza CPY,Wooden Fork-160mm,Pkt,100.0,2025-10-31
Local Purchase,egg-6.50,Nos,6.5,2025-11-04
Gayatri Traders OTP,Maida yamuna,Kg,42.8,2025-11-06
Local Purchase,fruits,Nos,75.0,2025-11-07
Essar Associates,7up zero sugar 400ml,Nos,17.5,2025-11-12
shabana chicken stall,bonless chicken,Kg,290.0,2025-11-12
bistro frozen,Veeba Eggless Mayonise Chef 1KG,Kg,140.63,2025-11-18
bistro frozen,sweet corn,Kg,126.0,2025-11-18
Local Purchase,milk fruits sugar balls,Nos,177.0,2025-11-19
Local Purchase,atta,Kg,54.0,2025-11-24
Local Purchase,watermelon,Kg,37.5,2025-11-27
Local Purchase,tomato,Nos,48.0,2025-11-28
Local Purchase,maida prince 30kg,Kg,45.33,2025-11-29
Loocos Pizza CPY,KOT Printing Rolls,Nos,54.0,2025-11-30
Loocos Pizza CPY,Paper Straw,Pkt,40.0,2025-11-30
Loocos Pizza CPY,Dew 330 ml can,Nos,34.29,2025-11-30
Loocos Pizza CPY,Fruits,Nos,75.0,2025-11-30
Loocos Pizza CPY,chilly flakes 500gm,Pkt,195.0,2025-11-30
Loocos Pizza CPY,DVC BLUE OCCEAN FLV SYRUP 750ML,Nos,519.2,2025-11-30
Loocos Pizza CPY,malas butterscotch crush,Nos,143.0,2025-11-30
Loocos Pizza CPY,Mustard Oil,Nos,168.0,2025-11-30
Loocos Pizza CPY,tandoori tikka powder,Kg,1150.0,2025-11-30
Loocos Pizza CPY,maida 30kg,Kg,45.33,2025-11-30
Loocos Pizza CPY,Veg burger pattis,Nos,9.25,2025-11-30
Loocos Pizza CPY,milky mist butter 500gm,Nos,312.25,2025-11-30
bistro frozen,canvill button mushroom,Tin,156.0,2025-12-02
Koonathil Traders,red paprika habit 670ml,Nos,125.09,2025-12-05
Essar Associates,7up pet 750ml,Nos,34.37,2025-12-06
Local Purchase,milk 26,Nos,26.0,2025-12-15
bistro frozen,sweet corn 1kg,Pkt,130.0,2025-12-16
Local Purchase,Tissue Spl,Pkt,29.0,2025-12-21
Local Purchase,mix herb amazon 1 kg,Pkt,586.0,2025-12-22
Essar Associates,dew 750 ml,Nos,34.37,2025-12-24
Essar Associates,slice 250ml,Nos,16.62,2025-12-24
Local Purchase,Sugar,Kg,45.0,2025-12-25
Local Purchase,water melon,Nos,100.0,2025-12-27
Koonathil Traders,milky mist diced mozerella,Kg,437.5,2026-01-02
Loocos Pizza CPY,Chettinad Mix,Kg,651.0,2025-12-31
Loocos Pizza CPY,chicken popcorn,Pkt,225.0,2025-12-31
Loocos Pizza CPY,POTATO POPS,Kg,201.09,2025-12-31
Loocos Pizza CPY,Zippy  B.Fast Sausage ,Kg,295.44,2025-12-31
Loocos Pizza CPY,wooden fork,Nos,0.85,2025-12-31
Loocos Pizza CPY,7up750mlpet,Nos,34.38,2025-12-31
Loocos Pizza CPY,Dew can 300ml,Nos,34.29,2025-12-31
Loocos Pizza CPY,milk shake assorted,Nos,24.0,2025-12-31
Local Purchase,Egg 7.5,Nos,7.5,2026-01-05
abad fisheries pvt.ltd,sweet corn abad,Kg,95.0,2026-01-07
Local Purchase,fruits and milk,Nos,120.0,2026-01-13
Local Purchase,maida loose,Kg,48.0,2026-01-15
Local Purchase,tomato,Kg,42.0,2026-01-15
Koonathil Traders,Veeba Chilli Flakes Seasoning(8G),Nos,0.73,2026-01-16
bistro frozen,Veeba Makhani Gravy 1KG,Pkt,210.0,2026-01-20
Essar Associates,Slice Mango 250ml pet,Nos,16.62,2026-01-21
Koonathil Traders,DVC PASSION FRUIT FLV SYRUP 750ML,Nos,460.0,2026-01-30
Loocos Pizza CPY,Large Pizza Box,Nos,14.85,2026-01-31
Loocos Pizza CPY,Garlic Bread Box,Nos,7.5,2026-01-31
Loocos Pizza CPY,Chicken Kheema  Masala,Kg,650.0,2026-01-31
Loocos Pizza CPY,hungritos premium,Kg,111.32,2026-01-31
Loocos Pizza CPY,Salad Bowl 500ml,Nos,6.55,2026-01-31
Loocos Pizza CPY,Salad Bowl 250ml,Nos,5.25,2026-01-31
Loocos Pizza CPY,Moktails Glass,Nos,8.0,2026-01-31
Loocos Pizza CPY,Dip Bowl,Nos,2.0,2026-01-31
Loocos Pizza CPY,Pasta Container Black,Nos,8.95,2026-01-31
Loocos Pizza CPY,French Fries Box,Nos,5.35,2026-01-31
Loocos Pizza CPY,BBQ Mix Masala,Pkt,465.0,2026-01-31
Loocos Pizza CPY,Tandoori mix Masala,Kg,415.0,2026-01-31
Loocos Pizza CPY,Mexican Masala,Pkt,415.0,2026-01-31
Loocos Pizza CPY,Herb Mix Masla,Kg,446.0,2026-01-31
Loocos Pizza CPY, dry yeast 500 gm,Pkt,170.0,2026-01-31
Loocos Pizza CPY,chilly garlic spread,Pkt,165.0,2026-01-31
Loocos Pizza CPY,Schezwan sauce,Pkt,175.32,2026-01-31
Loocos Pizza CPY,Veeba Eggless Mayonise Chef 1KG,Pkt,140.6,2026-01-31
Loocos Pizza CPY,cheesy spread dip,Pkt,309.38,2026-01-31
Loocos Pizza CPY,Piri Piri Marinade 1KG,Kg,445.0,2026-01-31
Loocos Pizza CPY,Corn Meal - MAKKA RAVA,Pkt,55.0,2026-01-31
Loocos Pizza CPY,Honey,Kg,244.0,2026-01-31
Loocos Pizza CPY,Baby Corn Whole-800GM-Tajir Habit,Tin,112.0,2026-01-31
Loocos Pizza CPY,Pineapple slice-Tajir Habit-850g,Nos,110.25,2026-01-31
Loocos Pizza CPY,habit olive oil,Nos,369.0,2026-01-31
Loocos Pizza CPY,Mojito Menta Cubano,Nos,460.0,2026-01-31
Loocos Pizza CPY,DVC Watermelon Syrup 750 ml,Nos,519.2,2026-01-31
Loocos Pizza CPY,DVC Green Apple 750 ML,Nos,460.0,2026-01-31
Loocos Pizza CPY,Blue curacao mojito,Nos,430.5,2026-01-31
Loocos Pizza CPY,Rose lichy crush mojito,Nos,346.5,2026-01-31
Loocos Pizza CPY,salted cookies syrup taste craft,Nos,430.5,2026-01-31
Loocos Pizza CPY,cheese cake cassata syrup,Nos,430.5,2026-01-31
Loocos Pizza CPY,coffee mocha syrup taste craft,Nos,430.5,2026-01-31
Loocos Pizza CPY,mango crush taste craft,Nos,246.75,2026-01-31
Loocos Pizza CPY,Veeba T. Ketchup 1.2KG,Nos,105.0,2026-01-31
Loocos Pizza CPY,Veeba ThousandIsland Dressing 1KG,Pkt,183.0,2026-01-31
Loocos Pizza CPY,red paprika habit,Tin,395.0,2026-01-31
Loocos Pizza CPY,Mini Burger Box,Nos,2.8,2026-01-31
Loocos Pizza CPY,Veeba Gouda Flavoured Dressing,Pkt,189.38,2026-01-31
Loocos Pizza CPY,paneer tikka powder,Kg,900.0,2026-01-31
Loocos Pizza CPY,chicken kheema masala,Kg,650.0,2026-01-31
Loocos Pizza CPY,chilly flakes 500 gm,Pkt,195.0,2026-01-31
Loocos Pizza CPY,dry basil,Pkt,140.0,2026-01-31
Loocos Pizza CPY,dynamic cheddar block,Kg,519.38,2026-01-31
Loocos Pizza CPY,Green Peas,Pkt,85.0,2026-01-31
Loocos Pizza CPY,milk 28 milma,Nos,28.0,2026-01-31
Loocos Pizza CPY,Berry Fresh Tender Coconut Pulp 2kg,Tin,370.0,2026-01-31
Loocos Pizza CPY,Berry Fresh Chicku Pulp 2kg,Tin,280.0,2026-01-31
Loocos Pizza CPY,colby cheese 1 kg,Kg,634.48,2026-01-31
Loocos Pizza CPY,Butter Scotch Ice-cream,Pkt,688.0,2026-01-31
Loocos Pizza CPY,Strawberry-Ice cream,Nos,629.0,2026-01-31
bistro frozen,CHICKEN POPCORN,Pkt,225.0,2026-02-03
bistro frozen,sneha chi burgar pattis,Pkt,252.0,2026-02-03
bistro frozen,dynamix butter,Pkt,269.5,2026-02-03
Loocos Pizza CPY,Zippy Chicken Salami,Pkt,309.0,2026-01-31
Loocos Pizza CPY,Chicken Sausage,Pkt,275.0,2026-01-31
Loocos Pizza CPY,sweet corn 1kg,Kg,126.0,2026-01-31
Loocos Pizza CPY,pizza sauce,Kg,120.0,2026-01-31
Loocos Pizza CPY,veg fruit grocery,Nos,376.0,2026-01-31
Loocos Pizza CPY,Butter,Pkt,190.0,2026-01-31
Loocos Pizza CPY,pepsi 1 ltr,Nos,44.34,2026-01-31
Loocos Pizza CPY,pepsi can 330ml,Nos,34.29,2026-01-31
Loocos Pizza CPY,milk shake coffee,Nos,24.0,2026-01-31
Loocos Pizza CPY,Slice Mango 200ml pet,Nos,17.67,2026-01-31
Loocos Pizza CPY,Wooden Spoon,Nos,0.65,2026-01-31
Loocos Pizza CPY,straw,Pkt,40.0,2026-01-31
Loocos Pizza CPY,bio covers,Kg,130.0,2026-01-31
Loocos Pizza CPY,chilly flake sachet,Nos,0.52,2026-01-31
Loocos Pizza CPY,Tissue,Pkt,18.0,2026-01-31
Loocos Pizza CPY,Celotape-3/4inch-,Nos,23.0,2026-01-31
Essar Associates,7UP 750ml Pet,Nos,34.37,2026-02-04
Essar Associates,Dew 750ml Pet,Nos,34.37,2026-02-04
Essar Associates,Tropicana Guava Delight 500ml,Nos,25.08,2026-02-04
Essar Associates,milk choco 180 ml,Nos,24.0,2026-02-04
Local Purchase,bio glass,Pkt,80.0,2026-02-05
Koonathil Traders,G.Crown Mushroom Slice 800g,Tin,103.0,2026-02-06
Koonathil Traders,Aromat Seasoning Powder,Pkt,172.0,2026-02-06
Ranjith Loocos,Butter,Kg,380.0,2026-02-07
Ranjith Loocos,Paneer,Kg,290.0,2026-02-07
Local Purchase,ice cube/80,Pkt,80.0,2026-02-07
bistro frozen,veeba pizza pasta sauce,Pkt,180.95,2026-02-10
bistro frozen,Veeba Ketchup Sachet,Nos,0.8,2026-02-10
Local Purchase,Chocolate Ice-cream 4ltr,Nos,816.0,2026-02-10
Essar Associates,7up can 300ml,Nos,34.29,2026-02-11
Essar Associates,pepsi can300ml,Nos,34.29,2026-02-11
Local Purchase,egg 8,Nos,8.0,2026-02-12
Local Purchase,fruits and vegetables,Nos,194.0,2026-02-13
Local Purchase,staff rice 26kg,Kg,51.0,2026-02-13
Koonathil Traders,HABIT JALAPENO SLICES 2.9 KG,Tin,278.0,2026-02-14
Koonathil Traders,habit baby corn,Tin,108.0,2026-02-14
Koonathil Traders,OREGANO SACHET 0.8GM,Nos,0.69,2026-02-14
Local Purchase,chocolate chips,Nos,270.0,2026-02-14
Local Purchase,drinking water-20ltr,Nos,60.0,2026-02-15
RK Agencies,prince maida 50kg,Kg,44.8,2026-02-16
RK Agencies,oil,Pkt,130.5,2026-02-16
Dhanalaxmi traders,KOT ROLLS,Nos,54.0,2026-02-16
bistro frozen,sneha chi nuggets,Pkt,258.75,2026-02-17
bistro frozen,Veg burger pattis,Pkt,225.0,2026-02-17
bistro frozen,Honey mustard dressing,Pkt,211.87,2026-02-17
bistro frozen,makhni gravy,Pkt,210.0,2026-02-17
Local Purchase,paneer,Kg,290.0,2026-02-17
Local Purchase,staff chicken,Kg,150.0,2026-02-18
Koonathil Traders,burger box 5*5*4,Nos,3.8,2026-02-20
Koonathil Traders,Puramate Pasta-Gomiti Rigate - macroni - 500g,Pkt,67.0,2026-02-20
Koonathil Traders,Oregano Sprinkler 500g,Pkt,307.0,2026-02-20
Koonathil Traders,chill fill french fry,Pkt,300.0,2026-02-20
Essar Associates,7up 1 ltr,Nos,44.34,2026-02-21
Essar Associates,Pepsi 250ml Pet,Nos,17.5,2026-02-21
Essar Associates,Pepsi 750ml Pet,Nos,34.37,2026-02-21
Local Purchase,pineapple,Nos,90.0,2026-02-22
Local Purchase,egg 7,Nos,7.0,2026-02-23
Local Purchase,Vanilla Ice-cream 4ltr,Nos,544.0,2026-02-23
Local Purchase,sky vanilla 4 ltr,Nos,344.0,2026-02-23
Local Purchase,ENGLISH vegetables,Nos,153.29,2026-02-23
BERRY FRESH,Berry Fresh Chicku Pulp,Nos,280.0,2026-02-23
BERRY FRESH,Berry Fresh Tender Coconut Pulp,Nos,370.0,2026-02-23
bistro frozen,potato wedges,Kg,174.3,2026-02-24
bistro frozen,Processed cheese block,Kg,519.75,2026-02-24
bistro frozen,tomato ketchup 1.2 bottle,Nos,103.13,2026-02-24
bistro frozen,CHILLY FLAKES SACHET 0.8GM,Nos,0.52,2026-02-24
bistro frozen,Mayonise premium,Pkt,172.5,2026-02-24
bistro frozen,Chicken burger pattis,Pkt,252.0,2026-02-24
bistro frozen,dynamic diced mozerella,Kg,421.31,2026-02-24
bistro frozen,french fry hungritos 2.5kg,Kg,111.72,2026-02-24
bistro frozen,black olive slice Habit,Tin,864.37,2026-02-24
bistro frozen,slice cheese,Nos,8.22,2026-02-24
Essar Associates,7up 250ml Pet,Nos,17.5,2026-02-25
Essar Associates,Lehar Soda,Nos,14.82,2026-02-25
Essar Associates,Aqua Fina Mineral Water 1Ltr,Nos,12.58,2026-02-25
Essar Associates,Dew 250ml Pet,Nos,17.5,2026-02-25
Essar Associates,milk choco,Nos,24.0,2026-02-25
Essar Associates,milk coffee 180ml,Nos,25.7,2026-02-25
Local Purchase,TOMATO 10KG,Kg,22.0,2026-02-25
Local Purchase,garlic,Kg,200.0,2026-02-25
Local Purchase,milk,Nos,25.0,2026-02-26
Local Purchase,burger buns,Nos,8.0,2026-02-26
Koonathil Traders,mushroom slice Food coast,Tin,95.0,2026-02-27
Koonathil Traders,Richs versatie cream,Pkt,188.0,2026-02-27
Koonathil Traders,sirocco black olive,Tin,771.0,2026-02-27
Koonathil Traders,Puramate Pasta-Penne Rigatte 500g,Pkt,67.0,2026-02-27
Koonathil Traders,Sweet corn koonathil,Kg,130.0,2026-02-27
Lakhsyam Foods,Medium Pizza Box,Nos,10.0,2026-02-27
Lakhsyam Foods,Regular Pizza Box,Nos,8.5,2026-02-27
Lakhsyam Foods,Pizza sauce premix,Kg,325.0,2026-02-27
Lakhsyam Foods,Bread Premix,Kg,252.0,2026-02-27
Lakhsyam Foods,Pizza Premix,Kg,252.0,2026-02-27
Lakhsyam Foods,Brownie,Kg,385.0,2026-02-27
Lakhsyam Foods,chicken pepperoni,Kg,865.0,2026-02-27
Lakhsyam Foods,Lamp Pepperoni,Kg,895.0,2026-02-27
Lakhsyam Foods,bbq mix,Kg,465.0,2026-02-27
Lakhsyam Foods,mexican mix,Kg,435.0,2026-02-27
Lakhsyam Foods,tandoori mayonise,Pkt,260.0,2026-02-27
Lakhsyam Foods,Tripod,Nos,1.35,2026-02-27
Local Purchase-Gas AGency,Gas-LPG-HPCL,Nos,1780.0,2026-02-27
Local Purchase,grocery,Nos,133.33,2026-02-27
KTP Vegitables,vegetables,Nos,45.22,2026-02-27
shabana chicken stall,Boneless Chicken,Kg,300.0,2026-02-28
