YEAR_MONTH,Date,Total_Sale,UPI,Card,Cash,Cash_balance
2026-03,2026-03-01,14667.0,10906.0,1437.0,2324.0,2759.0
2026-03,2026-03-02,5801.0,3897.0,0.0,1904.0,106.0
2026-03,2026-03-03,8727.0,6141.0,0.0,2586.0,96.0
2026-03,2026-03-04,8566.0,6053.0,680.0,1833.0,349.0
2026-03,2026-03-05,11193.0,0.0,0.0,11193.0,11542.0
2026-03,2026-03-06,15428.0,0.0,0.0,15428.0,26970.0
2026-03,2026-03-07,11436.0,0.0,0.0,11436.0,38406.0
2026-02,2026-02-01,17227.0,11365.0,0.0,5862.0,2516.0
2026-02,2026-02-02,10359.0,3854.0,2042.0,4463.0,1386.0
2026-02,2026-02-03,11068.0,8223.0,0.0,2845.0,729.0
2026-02,2026-02-04,8367.0,6190.0,0.0,2177.0,239.0
2026-02,2026-02-05,19732.0,12096.0,0.0,7636.0,2017.0
2026-02,2026-02-06,9548.0,7603.0,0.0,1945.0,1232.0
2026-02,2026-02-07,18172.0,14468.0,0.0,3704.0,1305.0
2026-02,2026-02-08,19133.0,12492.0,524.0,6117.0,2582.0
2026-02,2026-02-09,13701.0,9621.0,399.0,3681.0,2634.0
2026-02,2026-02-10,17724.0,11746.0,0.0,5978.0,1423.0
2026-02,2026-02-11,7332.0,4632.0,0.0,2700.0,497.0
2026-02,2026-02-12,9456.0,5872.0,524.0,3060.0,1647.0
2026-02,2026-02-13,14979.0,8819.0,0.0,6160.0,2631.0
2026-02,2026-02-14,17497.0,7805.0,2572.0,7120.0,2025.0
2026-02,2026-02-15,19992.0,11336.0,1498.0,7158.0,4055.0
2026-02,2026-02-16,16636.0,11573.0,0.0,5063.0,1116.0
2026-02,2026-02-17,10432.0,5991.0,0.0,4441.0,1205.0
2026-02,2026-02-18,13279.0,10556.0,0.0,2723.0,1828.0
2026-02,2026-02-19,7733.0,5475.0,0.0,2258.0,1817.0
2026-02,2026-02-20,13306.0,9171.0,2703.0,1432.0,1936.0
2026-02,2026-02-21,16627.0,11558.0,0.0,5069.0,268.0
2026-02,2026-02-22,16744.0,13809.0,686.0,2249.0,239.0
2026-02,2026-02-23,7890.0,5902.0,0.0,1988.0,390.0
2026-02,2026-02-24,8931.0,6254.0,608.0,2069.0,249.0
2026-02,2026-02-25,8191.0,2589.0,0.0,5602.0,2369.0
2026-02,2026-02-26,8325.0,4597.0,1275.0,2453.0,2616.0
2026-02,2026-02-27,12155.0,9558.0,0.0,2597.0,1146.0
2026-02,2026-02-28,13195.0,8705.0,0.0,4490.0,2091.0
2026-01,2026-01-01,31926.0,20651.0,0.0,11275.0,8863.0
2026-01,2026-01-02,13682.0,11042.0,0.0,2640.0,8478.0
2026-01,2026-01-03,13258.0,11385.0,0.0,1873.0,2502.0
2026-01,2026-01-04,19110.0,15535.0,0.0,3575.0,2951.0
2026-01,2026-01-05,7826.0,5441.0,0.0,2385.0,2211.0
2026-01,2026-01-06,13743.0,7808.0,788.0,5147.0,1683.0
2026-01,2026-01-07,14012.0,12731.0,95.0,1186.0,455.0
2026-01,2026-01-08,8261.0,5483.0,0.0,2778.0,156.0
2026-01,2026-01-09,14151.0,12224.0,1058.0,869.0,425.0
2026-01,2026-01-10,18673.0,15510.0,1033.0,2130.0,2555.0
2026-01,2026-01-11,10014.0,10291.0,0.0,-277.0,559.0
2026-01,2026-01-12,17416.0,9845.0,0.0,7571.0,3129.0
2026-01,2026-01-13,11661.0,7158.0,0.0,4503.0,817.0
2026-01,2026-01-14,11652.0,7404.0,499.0,3749.0,841.0
2026-01,2026-01-15,15932.0,13441.0,0.0,2491.0,523.0
2026-01,2026-01-16,9816.0,5862.0,0.0,3954.0,2496.0
2026-01,2026-01-17,14764.0,10393.0,2540.0,1831.0,83.0
2026-01,2026-01-18,19106.0,10402.0,1645.0,7059.0,2710.0
2026-01,2026-01-19,10222.0,7127.0,1240.0,1855.0,3785.0
2026-01,2026-01-20,13650.0,12819.0,0.0,831.0,1068.0
2026-01,2026-01-21,11695.0,8478.0,0.0,3217.0,1314.0
2026-01,2026-01-22,11097.0,6616.0,0.0,4481.0,1433.0
2026-01,2026-01-23,9826.0,8804.0,0.0,1022.0,158.0
2026-01,2026-01-24,20652.0,14939.0,922.0,4791.0,482.0
2026-01,2026-01-25,24083.0,15099.0,3663.0,5321.0,365.0
2026-01,2026-01-26,13779.0,9392.0,0.0,4387.0,2312.0
2026-01,2026-01-27,7667.0,3751.0,356.0,3560.0,642.0
2026-01,2026-01-28,12046.0,7969.0,1080.0,2997.0,171.0
2026-01,2026-01-29,18490.0,11962.0,2543.0,3985.0,1366.0
2026-01,2026-01-30,10612.0,5525.0,499.0,4588.0,1468.0
2026-01,2026-01-31,13106.0,10017.0,0.0,3089.0,1289.0
2025-12,2025-12-01,7920.0,5034.0,0.0,2886.0,2194.0
2025-12,2025-12-02,12439.0,9676.0,1058.0,1705.0,1174.0
2025-12,2025-12-03,14971.0,11507.0,1457.0,2007.0,1601.0
2025-12,2025-12-04,10448.0,7695.0,0.0,2753.0,417.0
2025-12,2025-12-05,12941.0,10474.0,1050.0,1417.0,834.0
2025-12,2025-12-06,12970.0,7335.0,0.0,5635.0,179.0
2025-12,2025-12-07,6669.0,5271.0,0.0,1398.0,582.0
2025-12,2025-12-08,15210.0,10904.0,600.0,3706.0,584.0
2025-12,2025-12-09,9642.0,6000.0,0.0,3642.0,770.0
2025-12,2025-12-10,16047.0,11473.0,2035.0,2539.0,355.0
2025-12,2025-12-11,14841.0,10714.0,0.0,4127.0,407.0
2025-12,2025-12-12,12480.0,10596.0,858.0,1026.0,189.0
2025-12,2025-12-13,24433.0,18053.0,1797.0,4583.0,651.0
2025-12,2025-12-14,19533.0,11482.0,1046.0,7005.0,821.0
2025-12,2025-12-15,8723.0,8050.0,0.0,673.0,373.0
2025-12,2025-12-16,11542.0,6701.0,0.0,4841.0,653.0
2025-12,2025-12-17,4916.0,3622.0,0.0,1294.0,226.0
2025-12,2025-12-18,10520.0,4995.0,538.0,4987.0,456.0
2025-12,2025-12-19,11162.0,8825.0,362.0,1975.0,219.0
2025-12,2025-12-20,12697.0,9868.0,1107.0,1722.0,161.0
2025-12,2025-12-21,19747.0,15327.0,1002.0,3418.0,321.0
2025-12,2025-12-22,14158.0,7853.0,1248.0,5057.0,1751.0
2025-12,2025-12-23,15095.0,11208.0,566.0,3321.0,670.0
2025-12,2025-12-24,24183.0,17481.0,1016.0,5686.0,760.0
2025-12,2025-12-25,26935.0,20861.0,1652.0,4422.0,916.0
2025-12,2025-12-26,16415.0,10757.0,1159.0,4499.0,849.0
2025-12,2025-12-27,20589.0,14023.0,404.0,6162.0,4991.0
2025-12,2025-12-28,20653.0,14171.0,1111.0,5371.0,7247.0
2025-12,2025-12-29,17993.0,13961.0,1821.0,2211.0,2001.0
2025-12,2025-12-30,23893.0,13426.0,4495.0,5972.0,947.0
2025-12,2025-12-31,29124.0,18913.0,944.0,9267.0,2482.0
2025-11,2025-11-01,12231.0,7122.0,1528.0,3581.0,217.0
2025-11,2025-11-02,20182.0,11637.0,1562.0,6983.0,4715.0
2025-11,2025-11-03,12055.0,9600.0,0.0,2455.0,2514.0
2025-11,2025-11-04,7658.0,5682.0,719.0,1257.0,408.0
2025-11,2025-11-05,7842.0,4756.0,0.0,3086.0,25.0
2025-11,2025-11-06,8983.0,5830.0,0.0,3153.0,416.0
2025-11,2025-11-07,10457.0,6956.0,0.0,3501.0,437.0
2025-11,2025-11-08,21693.0,12789.0,0.0,8904.0,771.0
2025-11,2025-11-09,17056.0,9843.0,1845.0,5368.0,1281.0
2025-11,2025-11-10,6265.0,4499.0,0.0,1766.0,191.0
2025-11,2025-11-11,15334.0,11273.0,0.0,4061.0,1440.0
2025-11,2025-11-12,10992.0,8040.0,0.0,2952.0,749.0
2025-11,2025-11-13,14781.0,10760.0,0.0,4021.0,300.0
2025-11,2025-11-14,9743.0,5968.0,707.0,3068.0,238.0
2025-11,2025-11-15,10493.0,8096.0,346.0,2051.0,1041.0
2025-11,2025-11-16,18839.0,14689.0,0.0,4150.0,1872.0
2025-11,2025-11-17,11013.0,9426.0,0.0,1587.0,3340.0
2025-11,2025-11-18,8351.0,6064.0,0.0,2287.0,1534.0
2025-11,2025-11-19,55748.0,36183.0,1478.0,18087.0,9101.0
2025-11,2025-11-20,14601.0,8658.0,429.0,5514.0,742.0
2025-11,2025-11-21,15077.0,8078.0,657.0,6342.0,316.0
2025-11,2025-11-22,17089.0,12340.0,429.0,4320.0,1092.0
2025-11,2025-11-23,14891.0,10954.0,456.0,3481.0,967.0
2025-11,2025-11-24,12698.0,6329.0,0.0,6369.0,1551.0
2025-11,2025-11-25,7174.0,4253.0,0.0,2921.0,152.0
2025-11,2025-11-26,18073.0,13109.0,907.0,4057.0,177.0
2025-11,2025-11-27,15029.0,9866.0,0.0,5163.0,254.0
2025-11,2025-11-28,10584.0,7945.0,0.0,2639.0,384.0
2025-11,2025-11-29,18157.0,7705.0,1279.0,9173.0,2912.0
2025-11,2025-11-30,17499.0,12243.0,0.0,5256.0,4988.0
2025-10,2025-10-01,18785.0,11135.0,4900.0,2750.0,7169.0
2025-10,2025-10-02,17914.0,12223.0,1412.0,4279.0,7717.0
2025-10,2025-10-03,10283.0,8026.0,0.0,2257.0,6772.0
2025-10,2025-10-04,23063.0,11781.0,4727.0,6555.0,5967.0
2025-10,2025-10-05,21544.0,16807.0,774.0,3963.0,4408.0
2025-10,2025-10-06,9738.0,6797.0,0.0,2941.0,5267.0
2025-10,2025-10-07,10074.0,7000.0,0.0,3074.0,2906.0
2025-10,2025-10-08,13002.0,8440.0,0.0,4562.0,1457.0
2025-10,2025-10-09,16242.0,10583.0,0.0,5659.0,5446.0
2025-10,2025-10-10,13818.0,6917.0,499.0,6402.0,6529.0
2025-10,2025-10-11,11234.0,9071.0,0.0,2163.0,3630.0
2025-10,2025-10-12,12877.0,9813.0,596.0,2468.0,4146.0
2025-10,2025-10-13,8397.0,4819.0,0.0,3578.0,1409.0
2025-10,2025-10-14,11927.0,8861.0,0.0,3066.0,724.0
2025-10,2025-10-15,14020.0,9628.0,0.0,4392.0,2530.0
2025-10,2025-10-16,10278.0,6654.0,0.0,3624.0,3015.0
2025-10,2025-10-17,9672.0,7805.0,406.0,1461.0,346.0
2025-10,2025-10-18,12746.0,10633.0,0.0,2113.0,335.0
2025-10,2025-10-19,16603.0,4789.0,5644.0,6170.0,1025.0
2025-10,2025-10-20,13786.0,7241.0,1652.0,4893.0,1288.0
2025-10,2025-10-21,16112.0,13140.0,0.0,2972.0,198.0
2025-10,2025-10-22,21988.0,12117.0,0.0,9871.0,5231.0
2025-10,2025-10-23,10881.0,7945.0,198.0,2738.0,5476.0
2025-10,2025-10-24,15218.0,10637.0,1121.0,3460.0,4762.0
2025-10,2025-10-25,21272.0,12463.0,2467.0,6342.0,4120.0
2025-10,2025-10-26,17358.0,8695.0,2774.0,5889.0,6972.0
2025-10,2025-10-27,10854.0,7146.0,0.0,3708.0,3444.0
2025-10,2025-10-28,14448.0,8165.0,1245.0,5038.0,6542.0
2025-10,2025-10-29,12687.0,10217.0,0.0,2470.0,5761.0
2025-10,2025-10-30,14561.0,12001.0,1137.0,1423.0,4008.0
2025-10,2025-10-31,10987.0,7533.0,314.0,3140.0,4613.0
2025-09,2025-09-01,12103.0,5544.0,0.0,6559.0,12830.0
2025-09,2025-09-02,15746.0,11231.0,0.0,4515.0,7270.0
2025-09,2025-09-03,20806.0,12511.0,3038.0,5257.0,1299.0
2025-09,2025-09-04,13872.0,10620.0,1228.0,2024.0,1035.0
2025-09,2025-09-05,20113.0,11481.0,2806.0,5826.0,1963.0
2025-09,2025-09-06,32085.0,23528.0,0.0,8557.0,5284.0
2025-09,2025-09-07,21174.0,12267.0,457.0,8450.0,10530.0
2025-09,2025-09-08,10499.0,7665.0,1773.0,1061.0,3826.0
2025-09,2025-09-09,13870.0,7244.0,1401.0,5225.0,4176.0
2025-09,2025-09-10,18515.0,10415.0,0.0,8100.0,5922.0
2025-09,2025-09-11,12285.0,10812.0,0.0,1473.0,4124.0
2025-09,2025-09-12,5801.0,3577.0,0.0,2224.0,1643.0
2025-09,2025-09-13,22611.0,15740.0,0.0,6871.0,3689.0
2025-09,2025-09-14,16229.0,14481.0,0.0,1748.0,3591.0
2025-09,2025-09-15,11427.0,9172.0,0.0,2255.0,1704.0
2025-09,2025-09-16,11206.0,9039.0,1932.0,235.0,629.0
2025-09,2025-09-17,6081.0,2146.0,701.0,3234.0,288.0
2025-09,2025-09-18,10758.0,4116.0,0.0,6642.0,757.0
2025-09,2025-09-19,15324.0,12946.0,0.0,2378.0,866.0
2025-09,2025-09-20,14886.0,10086.0,1283.0,3517.0,207.0
2025-09,2025-09-21,17035.0,8796.0,1510.0,6729.0,5758.0
2025-09,2025-09-22,9959.0,5026.0,519.0,4414.0,6966.0
2025-09,2025-09-23,7264.0,6016.0,0.0,1248.0,934.0
2025-09,2025-09-24,9484.0,5655.0,1342.0,2487.0,563.0
2025-09,2025-09-25,11390.0,7451.0,583.0,3356.0,481.0
2025-09,2025-09-26,17828.0,11211.0,0.0,6617.0,3372.0
2025-09,2025-09-27,17479.0,9372.0,6237.0,1870.0,611.0
2025-09,2025-09-28,18118.0,10183.0,989.0,6946.0,3214.0
2025-09,2025-09-29,12959.0,7693.0,0.0,5266.0,7364.0
2025-09,2025-09-30,29586.0,19392.0,923.0,9271.0,8007.0
2025-08,2025-08-01,11456.0,4590.0,1933.0,4933.0,7475.0
2025-08,2025-08-02,25186.0,15178.0,2487.0,7521.0,12113.0
2025-08,2025-08-03,15797.0,12560.0,812.0,2425.0,10689.0
2025-08,2025-08-04,13565.0,9896.0,0.0,3669.0,13058.0
2025-08,2025-08-05,11673.0,6318.0,0.0,5355.0,15668.0
2025-08,2025-08-06,12367.0,6643.0,974.0,4750.0,12594.0
2025-08,2025-08-07,10153.0,7957.0,0.0,2196.0,13172.0
2025-08,2025-08-08,13174.0,11123.0,0.0,2051.0,12316.0
2025-08,2025-08-09,21954.0,14321.0,806.0,6827.0,11582.0
2025-08,2025-08-10,20511.0,14428.0,1463.0,4620.0,12679.0
2025-08,2025-08-11,13950.0,6489.0,0.0,7461.0,17453.0
2025-08,2025-08-12,11746.0,8773.0,0.0,2973.0,12814.0
2025-08,2025-08-13,16673.0,10711.0,314.0,5648.0,12690.0
2025-08,2025-08-14,14257.0,7728.0,0.0,6529.0,16204.0
2025-08,2025-08-15,21331.0,13774.0,1137.0,6420.0,19468.0
2025-08,2025-08-16,23945.0,14806.0,1764.0,7375.0,21538.0
2025-08,2025-08-17,17597.0,9602.0,0.0,7995.0,26792.0
2025-08,2025-08-18,17334.0,11516.0,0.0,5818.0,28327.0
2025-08,2025-08-19,17482.0,11511.0,0.0,5971.0,26599.0
2025-08,2025-08-20,13699.0,8905.0,0.0,4794.0,28641.0
2025-08,2025-08-21,12962.0,10045.0,0.0,2917.0,27121.0
2025-08,2025-08-22,9112.0,2355.0,0.0,6757.0,27915.0
2025-08,2025-08-23,18471.0,11907.0,341.0,6223.0,29249.0
2025-08,2025-08-24,8622.0,6476.0,1126.0,1020.0,28006.0
2025-08,2025-08-25,11556.0,8521.0,345.0,2690.0,26084.0
2025-08,2025-08-26,15141.0,12959.0,0.0,2182.0,25446.0
2025-08,2025-08-27,12554.0,8673.0,702.0,3179.0,22715.0
2025-08,2025-08-28,13491.0,8647.0,0.0,4844.0,23791.0
2025-08,2025-08-29,20530.0,14780.0,0.0,5750.0,18930.0
2025-08,2025-08-30,14260.0,10434.0,0.0,3826.0,16314.0
2025-08,2025-08-31,23123.0,14846.0,0.0,8277.0,11196.0
2025-07,2025-07-01,11306.0,7328.0,1708.0,2270.0,6357.0
2025-07,2025-07-02,14506.0,8801.0,1389.0,4316.0,6201.0
2025-07,2025-07-03,13976.0,10953.0,0.0,3023.0,4976.0
2025-07,2025-07-04,13671.0,8049.0,819.0,4803.0,5668.0
2025-07,2025-07-05,23860.0,17199.0,1244.0,5417.0,7010.0
2025-07,2025-07-06,18172.0,13535.0,1572.0,3065.0,4759.0
2025-07,2025-07-07,10095.0,6695.0,0.0,3400.0,4482.0
2025-07,2025-07-08,20543.0,10692.0,1399.0,8452.0,9282.0
2025-07,2025-07-10,16300.0,9164.0,636.0,6500.0,11309.0
2025-07,2025-07-11,25899.0,17469.0,0.0,8430.0,14591.0
2025-07,2025-07-12,18071.0,5752.0,3259.0,9060.0,17579.0
2025-07,2025-07-13,10566.0,5837.0,0.0,4729.0,13581.0
2025-07,2025-07-14,11467.0,6706.0,373.0,4388.0,14671.0
2025-07,2025-07-15,13932.0,8351.0,0.0,5581.0,12370.0
2025-07,2025-07-16,16384.0,12172.0,0.0,4212.0,11821.0
2025-07,2025-07-17,11467.0,6323.0,0.0,5144.0,12998.0
2025-07,2025-07-18,15439.0,12554.0,0.0,2885.0,3912.0
2025-07,2025-07-19,19193.0,12376.0,2077.0,4740.0,5485.0
2025-07,2025-07-20,23911.0,14694.0,2105.0,7112.0,9802.0
2025-07,2025-07-21,12175.0,3363.0,0.0,8812.0,14421.0
2025-07,2025-07-22,10139.0,7141.0,0.0,2998.0,12380.0
2025-07,2025-07-23,11298.0,9000.0,662.0,1636.0,9111.0
2025-07,2025-07-24,14499.0,11309.0,0.0,3190.0,8156.0
2025-07,2025-07-25,9027.0,7317.0,0.0,1710.0,6336.0
2025-07,2025-07-26,15108.0,7987.0,1053.0,6068.0,8852.0
2025-07,2025-07-27,18321.0,13561.0,0.0,4760.0,10682.0
2025-07,2025-07-28,14423.0,8926.0,0.0,5497.0,9363.0
2025-07,2025-07-29,15645.0,8583.0,0.0,7062.0,9043.0
2025-07,2025-07-30,8627.0,4537.0,1369.0,2721.0,8931.0
2025-07,2025-07-31,9778.0,6707.0,0.0,3071.0,8787.0
2025-06,2025-06-01,14544.0,9011.0,0.0,5533.0,7788.0
2025-06,2025-06-02,7841.0,5769.0,0.0,2072.0,4775.0
2025-06,2025-06-03,12645.0,8247.0,1332.0,3066.0,1231.0
2025-06,2025-06-04,11958.0,6818.0,1887.0,3253.0,1105.0
2025-06,2025-06-05,8460.0,5559.0,0.0,2901.0,488.0
2025-06,2025-06-06,13298.0,8729.0,331.0,4238.0,996.0
2025-06,2025-06-07,27116.0,17303.0,3697.0,6116.0,2716.0
2025-06,2025-06-08,13238.0,9061.0,799.0,3378.0,3413.0
2025-06,2025-06-09,10186.0,5490.0,0.0,4696.0,1543.0
2025-06,2025-06-10,16829.0,12748.0,2216.0,1865.0,838.0
2025-06,2025-06-11,12359.0,10191.0,0.0,2168.0,352.0
2025-06,2025-06-12,12857.0,12130.0,0.0,727.0,429.0
2025-06,2025-06-13,10779.0,8139.0,334.0,2306.0,1368.0
2025-06,2025-06-14,12717.0,8937.0,595.0,3185.0,537.0
2025-06,2025-06-15,12569.0,8877.0,513.0,3179.0,1829.0
2025-06,2025-06-16,15942.0,9901.0,0.0,6041.0,5570.0
2025-06,2025-06-17,8844.0,5956.0,0.0,2888.0,5420.0
2025-06,2025-06-18,11773.0,6826.0,0.0,4947.0,3785.0
2025-06,2025-06-19,7045.0,1996.0,0.0,5049.0,6315.0
2025-06,2025-06-20,11311.0,7633.0,0.0,3678.0,6040.0
2025-06,2025-06-21,18479.0,12256.0,1388.0,4835.0,6649.0
2025-06,2025-06-22,13057.0,9112.0,497.0,3448.0,7168.0
2025-06,2025-06-23,6255.0,3645.0,0.0,2610.0,3746.0
2025-06,2025-06-24,13051.0,8907.0,0.0,4144.0,5573.0
2025-06,2025-06-25,7945.0,5879.0,540.0,1526.0,3622.0
2025-06,2025-06-26,14023.0,8136.0,354.0,5533.0,6787.0
2025-06,2025-06-27,7477.0,4717.0,0.0,2760.0,6356.0
2025-06,2025-06-28,18021.0,12205.0,0.0,5816.0,7850.0
2025-06,2025-06-29,19399.0,11322.0,630.0,7447.0,12203.0
2025-06,2025-06-30,8302.0,5300.0,0.0,3002.0,9228.0
2025-05,2025-05-01,16960.0,10052.0,0.0,6908.0,26464.0
2025-05,2025-05-02,14623.0,11943.0,0.0,2680.0,17131.0
2025-05,2025-05-03,29878.0,19485.0,2415.0,7978.0,19320.0
2025-05,2025-05-04,21160.0,9461.0,3535.0,8164.0,23753.0
2025-05,2025-05-05,22269.0,14829.0,2590.0,4850.0,21310.0
2025-05,2025-05-06,16254.0,8917.0,1113.0,6224.0,20242.0
2025-05,2025-05-07,16677.0,10494.0,1422.0,4761.0,19762.0
2025-05,2025-05-08,11790.0,8407.0,0.0,3383.0,20171.0
2025-05,2025-05-09,14501.0,9694.0,277.0,4530.0,20363.0
2025-05,2025-05-10,21548.0,14490.0,1237.0,5821.0,15646.0
2025-05,2025-05-11,13500.0,9197.0,1204.0,3099.0,13937.0
2025-05,2025-05-12,12625.0,10146.0,0.0,2479.0,12293.0
2025-05,2025-05-13,17159.0,11280.0,0.0,5879.0,4985.0
2025-05,2025-05-14,20148.0,12390.0,0.0,7758.0,322.0
2025-05,2025-05-15,17599.0,9116.0,2413.0,6070.0,1634.0
2025-05,2025-05-16,9142.0,5606.0,334.0,3202.0,322.0
2025-05,2025-05-17,12410.0,7811.0,855.0,3744.0,956.0
2025-05,2025-05-18,12366.0,9101.0,1090.0,2175.0,396.0
2025-05,2025-05-19,12770.0,5148.0,681.0,6941.0,2778.0
2025-05,2025-05-20,11889.0,3658.0,3758.0,4473.0,4152.0
2025-05,2025-05-21,18530.0,11797.0,786.0,5947.0,6772.0
2025-05,2025-05-22,18215.0,11300.0,0.0,6915.0,7182.0
2025-05,2025-05-23,9112.0,3394.0,0.0,5718.0,6670.0
2025-05,2025-05-24,11717.0,8968.0,0.0,2749.0,6361.0
2025-05,2025-05-25,13149.0,6985.0,198.0,5966.0,10374.0
2025-05,2025-05-26,9872.0,5255.0,0.0,4617.0,12801.0
2025-05,2025-05-27,11456.0,5749.0,110.0,5597.0,13250.0
2025-05,2025-05-28,11466.0,9486.0,0.0,1980.0,7950.0
2025-05,2025-05-29,18353.0,13633.0,948.0,3772.0,7138.0
2025-05,2025-05-30,16214.0,10546.0,1613.0,4055.0,8512.0
2025-05,2025-05-31,19259.0,11736.0,499.0,7024.0,11021.0
2025-04,2025-04-01,21922.0,14580.0,392.0,6950.0,3883.0
2025-04,2025-04-02,24771.0,13501.0,2179.0,9091.0,8475.0
2025-04,2025-04-03,16175.0,9058.0,734.0,6383.0,7485.0
2025-04,2025-04-04,12670.0,8045.0,0.0,4625.0,7950.0
2025-04,2025-04-05,17191.0,10256.0,0.0,6935.0,10390.0
2025-04,2025-04-06,20580.0,7319.0,151.0,13110.0,13220.0
2025-04,2025-04-07,13245.0,8041.0,928.0,4276.0,15331.0
2025-04,2025-04-08,13816.0,7360.0,973.0,5483.0,12634.0
2025-04,2025-04-09,9500.0,5388.0,0.0,4112.0,14824.0
2025-04,2025-04-10,12079.0,6786.0,0.0,5293.0,12361.0
2025-04,2025-04-11,20309.0,12825.0,0.0,7484.0,15302.0
2025-04,2025-04-12,20057.0,13381.0,1239.0,5437.0,13824.0
2025-04,2025-04-13,20587.0,14309.0,1028.0,5250.0,8926.0
2025-04,2025-04-14,20538.0,12524.0,3076.0,4938.0,10514.0
2025-04,2025-04-15,19219.0,13611.0,0.0,5608.0,12271.0
2025-04,2025-04-16,15917.0,9690.0,1148.0,5079.0,13177.0
2025-04,2025-04-17,19398.0,13451.0,0.0,5947.0,12947.0
2025-04,2025-04-18,17127.0,12736.0,0.0,4391.0,11774.0
2025-04,2025-04-19,11908.0,8511.0,0.0,3397.0,9271.0
2025-04,2025-04-20,16789.0,14728.0,0.0,2061.0,9304.0
2025-04,2025-04-21,13448.0,5741.0,0.0,7707.0,13184.0
2025-04,2025-04-22,14141.0,4916.0,0.0,9225.0,18359.0
2025-04,2025-04-23,9371.0,5765.0,500.0,3106.0,17870.0
2025-04,2025-04-24,14788.0,6757.0,725.0,7306.0,20588.0
2025-04,2025-04-25,10526.0,7332.0,0.0,3194.0,15623.0
2025-04,2025-04-26,19892.0,9636.0,3071.0,7185.0,19315.0
2025-04,2025-04-27,19697.0,15214.0,0.0,4483.0,20990.0
2025-04,2025-04-28,15016.0,10458.0,0.0,4558.0,22032.0
2025-04,2025-04-29,14485.0,9885.0,0.0,4600.0,23951.0
2025-04,2025-04-30,18842.0,10197.0,0.0,8645.0,26556.0
2025-03,2025-03-01,18255.0,13746.0,446.0,4063.0,8906.0
2025-03,2025-03-02,12173.0,8594.0,0.0,3579.0,9612.0
2025-03,2025-03-03,8931.0,8075.0,1200.0,-344.0,7795.0
2025-03,2025-03-04,6334.0,4234.0,0.0,2100.0,5394.0
2025-03,2025-03-05,5736.0,4012.0,0.0,1724.0,2376.0
2025-03,2025-03-06,4554.0,3237.0,0.0,1317.0,1245.0
2025-03,2025-03-07,6603.0,4587.0,355.0,1661.0,1826.0
2025-03,2025-03-08,12372.0,7614.0,1025.0,3733.0,2192.0
2025-03,2025-03-09,12623.0,8156.0,1327.0,3140.0,4116.0
2025-03,2025-03-10,11595.0,6452.0,1452.0,3691.0,1403.0
2025-03,2025-03-11,6591.0,4406.0,0.0,2185.0,2234.0
2025-03,2025-03-12,3236.0,1797.0,0.0,1439.0,3223.0
2025-03,2025-03-13,9782.0,7049.0,498.0,2235.0,1498.0
2025-03,2025-03-14,9238.0,5189.0,1268.0,2781.0,1226.0
2025-03,2025-03-15,10491.0,7596.0,0.0,2895.0,1843.0
2025-03,2025-03-16,11137.0,7860.0,1241.0,2036.0,2279.0
2025-03,2025-03-17,4398.0,1263.0,0.0,3135.0,910.0
2025-03,2025-03-18,10345.0,5065.0,0.0,5280.0,1796.0
2025-03,2025-03-19,11426.0,6820.0,0.0,4606.0,2383.0
2025-03,2025-03-20,14221.0,10023.0,0.0,4198.0,2264.0
2025-03,2025-03-21,10078.0,6221.0,0.0,3857.0,1394.0
2025-03,2025-03-22,14293.0,7529.0,1638.0,5126.0,1477.0
2025-03,2025-03-23,9408.0,5587.0,0.0,3821.0,2733.0
2025-03,2025-03-24,10167.0,7060.0,0.0,3107.0,5167.0
2025-03,2025-03-25,10361.0,5539.0,1988.0,2834.0,5229.0
2025-03,2025-03-26,7336.0,3482.0,0.0,3854.0,6128.0
2025-03,2025-03-27,10518.0,5014.0,0.0,5504.0,7502.0
2025-03,2025-03-28,11177.0,6256.0,0.0,4921.0,10239.0
2025-03,2025-03-29,11580.0,9532.0,0.0,2048.0,3998.0
2025-03,2025-03-30,20922.0,16237.0,587.0,4098.0,3436.0
2025-03,2025-03-31,25647.0,15838.0,324.0,9485.0,3793.0
2025-02,2025-02-01,18693.0,10446.0,1031.0,7216.0,6419.0
2025-02,2025-02-02,14834.0,6600.0,0.0,8234.0,10434.0
2025-02,2025-02-03,17017.0,9959.0,865.0,6193.0,13043.0
2025-02,2025-02-04,11894.0,7210.0,0.0,4684.0,9755.0
2025-02,2025-02-05,16847.0,9270.0,587.0,6990.0,13672.0
2025-02,2025-02-06,13111.0,10818.0,0.0,2293.0,6708.0
2025-02,2025-02-07,10267.0,7609.0,0.0,2658.0,466.0
2025-02,2025-02-08,20450.0,12053.0,713.0,7684.0,2965.0
2025-02,2025-02-09,13483.0,6377.0,1202.0,5904.0,6640.0
2025-02,2025-02-10,9370.0,4870.0,0.0,4500.0,7852.0
2025-02,2025-02-11,8642.0,5877.0,634.0,2131.0,5183.0
2025-02,2025-02-12,7922.0,4900.0,293.0,2729.0,4056.0
2025-02,2025-02-13,10229.0,6110.0,345.0,3774.0,3317.0
2025-02,2025-02-14,12702.0,3213.0,2372.0,7117.0,1543.0
2025-02,2025-02-15,11027.0,8763.0,95.0,2169.0,2766.0
2025-02,2025-02-16,14319.0,7134.0,0.0,7185.0,22.0
2025-02,2025-02-17,12631.0,10386.0,0.0,2245.0,765.0
2025-02,2025-02-18,10189.0,5770.0,875.0,3544.0,1150.0
2025-02,2025-02-19,14208.0,12464.0,0.0,1744.0,590.0
2025-02,2025-02-20,3716.0,2790.0,0.0,926.0,367.0
2025-02,2025-02-21,14069.0,9238.0,0.0,4831.0,216.0
2025-02,2025-02-22,23986.0,13759.0,0.0,10227.0,1106.0
2025-02,2025-02-23,18593.0,12158.0,963.0,5472.0,1749.0
2025-02,2025-02-24,9815.0,4465.0,1342.0,4008.0,1640.0
2025-02,2025-02-25,11029.0,6899.0,0.0,4130.0,1273.0
2025-02,2025-02-26,8271.0,3653.0,0.0,4618.0,4526.0
2025-02,2025-02-27,13826.0,10019.0,293.0,3514.0,3795.0
2025-02,2025-02-28,11176.0,4225.0,728.0,6223.0,7620.0
2025-01,2025-01-01,22286.0,14548.0,2513.0,5225.0,7230.0
2025-01,2025-01-02,13637.0,8311.0,0.0,5326.0,5963.0
2025-01,2025-01-03,18953.0,10962.0,546.0,7445.0,6814.0
2025-01,2025-01-04,22277.0,11026.0,955.0,10296.0,11284.0
2025-01,2025-01-05,20434.0,14502.0,688.0,5244.0,10147.0
2025-01,2025-01-06,11929.0,9160.0,390.0,2379.0,7910.0
2025-01,2025-01-07,7240.0,4504.0,375.0,2361.0,4749.0
2025-01,2025-01-08,13478.0,10472.0,193.0,2813.0,3343.0
2025-01,2025-01-09,7681.0,6041.0,0.0,1640.0,742.0
2025-01,2025-01-10,6533.0,5224.0,0.0,1309.0,308.0
2025-01,2025-01-11,16403.0,12213.0,408.0,3782.0,179.0
2025-01,2025-01-12,15248.0,9192.0,0.0,6056.0,1865.0
2025-01,2025-01-13,7499.0,4106.0,570.0,2823.0,684.0
2025-01,2025-01-14,14346.0,7680.0,0.0,6666.0,243.0
2025-01,2025-01-15,9751.0,2971.0,110.0,6670.0,3582.0
2025-01,2025-01-16,14072.0,7717.0,0.0,6355.0,8326.0
2025-01,2025-01-17,17871.0,13680.0,1582.0,2609.0,4969.0
2025-01,2025-01-18,20873.0,15153.0,604.0,5116.0,6563.0
2025-01,2025-01-19,14139.0,7953.0,1349.0,4837.0,8291.0
2025-01,2025-01-20,10637.0,3457.0,855.0,6325.0,9191.0
2025-01,2025-01-21,14414.0,9401.0,0.0,5013.0,7299.0
2025-01,2025-01-22,15488.0,9555.0,1338.0,4595.0,10966.0
2025-01,2025-01-23,11802.0,8016.0,1715.0,2071.0,9451.0
2025-01,2025-01-24,11716.0,7368.0,597.0,3751.0,10581.0
2025-01,2025-01-25,17230.0,9082.0,4281.0,3867.0,7513.0
2025-01,2025-01-26,20036.0,15757.0,965.0,3314.0,7424.0
2025-01,2025-01-27,11329.0,7913.0,0.0,3416.0,4862.0
2025-01,2025-01-28,10786.0,5177.0,1018.0,4591.0,4795.0
2025-01,2025-01-29,6692.0,2809.0,0.0,3883.0,7508.0
2025-01,2025-01-30,9539.0,6985.0,854.0,1700.0,8361.0
2025-01,2025-01-31,7155.0,5415.0,985.0,755.0,6996.0
2024-12,2024-12-01,29591.0,17372.0,0.0,12219.0,5015.0
2024-12,2024-12-02,17609.0,10847.0,461.0,6301.0,3192.0
2024-12,2024-12-03,15047.0,8757.0,0.0,6290.0,3590.0
2024-12,2024-12-04,14946.0,11048.0,0.0,3898.0,4796.0
2024-12,2024-12-05,21422.0,14311.0,2106.0,5005.0,3208.0
2024-12,2024-12-06,15337.0,10635.0,0.0,4702.0,1180.0
2024-12,2024-12-07,23205.0,13164.0,3053.0,6988.0,1450.0
2024-12,2024-12-08,20438.0,14222.0,691.0,5525.0,3913.0
2024-12,2024-12-09,9936.0,6272.0,503.0,3161.0,3344.0
2024-12,2024-12-10,14846.0,10358.0,0.0,4488.0,4663.0
2024-12,2024-12-11,10829.0,5544.0,753.0,4532.0,3021.0
2024-12,2024-12-12,12918.0,6076.0,1637.0,5205.0,1462.0
2024-12,2024-12-13,8997.0,7995.0,0.0,1002.0,178.0
2024-12,2024-12-14,23102.0,14122.0,0.0,8980.0,2532.0
2024-12,2024-12-15,17436.0,7313.0,4278.0,5845.0,6305.0
2024-12,2024-12-16,10981.0,6306.0,0.0,4675.0,6935.0
2024-12,2024-12-17,11506.0,6247.0,2126.0,3133.0,6693.0
2024-12,2024-12-18,13516.0,5354.0,4303.0,3859.0,9602.0
2024-12,2024-12-19,14120.0,7426.0,904.0,5790.0,11722.0
2024-12,2024-12-20,7477.0,5400.0,977.0,1100.0,6965.0
2024-12,2024-12-21,15772.0,8392.0,1918.0,5462.0,1822.0
2024-12,2024-12-22,16666.0,11941.0,729.0,3996.0,2000.0
2024-12,2024-12-23,13393.0,6563.0,1077.0,5753.0,4390.0
2024-12,2024-12-24,20862.0,13518.0,0.0,7344.0,7072.0
2024-12,2024-12-25,22741.0,11293.0,293.0,11155.0,14571.0
2024-12,2024-12-26,16685.0,7922.0,283.0,8480.0,18059.0
2024-12,2024-12-27,17052.0,13635.0,0.0,3417.0,15786.0
2024-12,2024-12-28,24842.0,13684.0,268.0,10890.0,8809.0
2024-12,2024-12-29,15378.0,8038.0,3265.0,4075.0,9836.0
2024-12,2024-12-30,7675.0,3364.0,0.0,4311.0,8571.0
2024-12,2024-12-31,30796.0,20617.0,1738.0,8441.0,11564.0
2024-11,2024-11-01,15003.0,11683.0,0.0,3320.0,23607.0
2024-11,2024-11-02,20427.0,9975.0,2472.0,7980.0,12756.0
2024-11,2024-11-03,21973.0,11886.0,2691.0,7396.0,14134.0
2024-11,2024-11-04,16657.0,7787.0,1376.0,7494.0,17618.0
2024-11,2024-11-05,14851.0,11436.0,887.0,2528.0,10547.0
2024-11,2024-11-06,9521.0,6619.0,572.0,2330.0,6465.0
2024-11,2024-11-07,12948.0,9059.0,0.0,3889.0,8087.0
2024-11,2024-11-08,11759.0,7698.0,0.0,4061.0,6326.0
2024-11,2024-11-09,20353.0,13060.0,341.0,6952.0,4602.0
2024-11,2024-11-10,15760.0,11240.0,0.0,4520.0,6751.0
2024-11,2024-11-11,13085.0,9838.0,425.0,2822.0,3699.0
2024-11,2024-11-12,10748.0,5760.0,0.0,4988.0,677.0
2024-11,2024-11-13,60502.0,34310.0,3842.0,22350.0,10098.0
2024-11,2024-11-14,16838.0,10977.0,1343.0,4518.0,12220.0
2024-11,2024-11-15,17414.0,12077.0,0.0,5337.0,11322.0
2024-11,2024-11-16,13818.0,12071.0,0.0,1747.0,6246.0
2024-11,2024-11-17,13151.0,8498.0,394.0,4259.0,5718.0
2024-11,2024-11-18,15584.0,10365.0,0.0,5219.0,5361.0
2024-11,2024-11-19,9082.0,5399.0,839.0,2844.0,2211.0
2024-11,2024-11-20,16509.0,9390.0,839.0,6280.0,4323.0
2024-11,2024-11-21,10400.0,7784.0,478.0,2138.0,4090.0
2024-11,2024-11-22,13402.0,8956.0,0.0,4446.0,4023.0
2024-11,2024-11-23,12930.0,8958.0,567.0,3405.0,3509.0
2024-11,2024-11-24,15077.0,9756.0,1273.0,4048.0,5088.0
2024-11,2024-11-25,8928.0,6101.0,824.0,2003.0,2201.0
2024-11,2024-11-26,11047.0,9885.0,471.0,691.0,223.0
2024-11,2024-11-27,15831.0,10498.0,220.0,5113.0,245.0
2024-11,2024-11-28,6412.0,2321.0,0.0,4091.0,1725.0
2024-11,2024-11-29,10551.0,8262.0,247.0,2042.0,1703.0
2024-11,2024-11-30,19559.0,14212.0,0.0,5347.0,2702.0
2024-10,2024-10-01,10717.0,8795.0,0.0,1922.0,11372.0
2024-10,2024-10-02,13266.0,8866.0,524.0,3876.0,12662.0
2024-10,2024-10-03,8856.0,7060.0,1479.0,317.0,9012.0
2024-10,2024-10-04,12475.0,8904.0,792.0,2779.0,6760.0
2024-10,2024-10-05,25401.0,12269.0,0.0,13132.0,13378.0
2024-10,2024-10-06,18447.0,11908.0,2392.0,4147.0,14600.0
2024-10,2024-10-07,8927.0,2545.0,0.0,6382.0,15552.0
2024-10,2024-10-08,16377.0,13405.0,0.0,2972.0,4582.0
2024-10,2024-10-09,12904.0,8172.0,0.0,4732.0,7624.0
2024-10,2024-10-10,12472.0,7405.0,0.0,5067.0,10539.0
2024-10,2024-10-11,24209.0,18237.0,478.0,5494.0,13851.0
2024-10,2024-10-12,29049.0,16019.0,1207.0,11823.0,16575.0
2024-10,2024-10-13,19765.0,11782.0,0.0,7983.0,15671.0
2024-10,2024-10-14,15048.0,9361.0,450.0,5237.0,12491.0
2024-10,2024-10-15,13261.0,6816.0,897.0,5548.0,10939.0
2024-10,2024-10-16,8255.0,3342.0,0.0,4913.0,9990.0
2024-10,2024-10-17,15458.0,9163.0,400.0,5895.0,13127.0
2024-10,2024-10-18,12344.0,6485.0,357.0,5502.0,15229.0
2024-10,2024-10-19,17392.0,11258.0,448.0,5686.0,10146.0
2024-10,2024-10-20,21389.0,12159.0,2059.0,7171.0,15452.0
2024-10,2024-10-21,14415.0,7107.0,729.0,6579.0,14464.0
2024-10,2024-10-22,13434.0,9094.0,0.0,4340.0,12486.0
2024-10,2024-10-23,13129.0,5348.0,0.0,7781.0,18710.0
2024-10,2024-10-24,12077.0,7280.0,382.0,4415.0,18014.0
2024-10,2024-10-25,12177.0,5638.0,932.0,5607.0,21740.0
2024-10,2024-10-26,17356.0,10292.0,1902.0,5162.0,15407.0
2024-10,2024-10-27,21205.0,9499.0,1961.0,9745.0,23217.0
2024-10,2024-10-28,12384.0,6461.0,188.0,5735.0,27275.0
2024-10,2024-10-29,10311.0,4807.0,0.0,5504.0,24612.0
2024-10,2024-10-30,9012.0,3509.0,293.0,5210.0,27409.0
2024-10,2024-10-31,22146.0,14138.0,1168.0,6840.0,23592.0
2024-09,2024-09-01,17712.0,7704.0,478.0,9530.0,46420.0
2024-09,2024-09-02,13253.0,5314.0,615.0,7324.0,52724.0
2024-09,2024-09-03,11151.0,7264.0,293.0,3594.0,50287.0
2024-09,2024-09-04,13397.0,10370.0,0.0,3027.0,49516.0
2024-09,2024-09-05,10502.0,6199.0,0.0,4303.0,48168.0
2024-09,2024-09-06,9611.0,5573.0,0.0,4038.0,44610.0
2024-09,2024-09-07,14749.0,6278.0,848.0,7623.0,43703.0
2024-09,2024-09-08,15466.0,10637.0,371.0,4458.0,44599.0
2024-09,2024-09-09,8308.0,4095.0,0.0,4213.0,45082.0
2024-09,2024-09-10,7759.0,5234.0,0.0,2525.0,39741.0
2024-09,2024-09-11,11433.0,7336.0,0.0,4097.0,41661.0
2024-09,2024-09-12,15481.0,9078.0,0.0,6403.0,43329.0
2024-09,2024-09-13,21809.0,13686.0,0.0,8123.0,10541.0
2024-09,2024-09-14,16949.0,8355.0,1095.0,7499.0,10792.0
2024-09,2024-09-15,19589.0,14606.0,817.0,4166.0,9244.0
2024-09,2024-09-16,19105.0,11919.0,3026.0,4160.0,12126.0
2024-09,2024-09-17,17399.0,8739.0,318.0,8342.0,9893.0
2024-09,2024-09-18,25175.0,12673.0,4129.0,8373.0,13435.0
2024-09,2024-09-19,13772.0,8214.0,0.0,5558.0,13354.0
2024-09,2024-09-20,19350.0,12554.0,525.0,6271.0,16941.0
2024-09,2024-09-21,14429.0,8135.0,696.0,5598.0,9672.0
2024-09,2024-09-22,11360.0,3817.0,3246.0,4297.0,11854.0
2024-09,2024-09-23,8273.0,3424.0,1285.0,3564.0,10602.0
2024-09,2024-09-24,14681.0,7898.0,0.0,6783.0,16020.0
2024-09,2024-09-25,10301.0,7906.0,0.0,2395.0,12233.0
2024-09,2024-09-26,9579.0,6844.0,0.0,2735.0,12931.0
2024-09,2024-09-27,13791.0,8421.0,0.0,5370.0,12870.0
2024-09,2024-09-28,14230.0,8086.0,0.0,6144.0,13667.0
2024-09,2024-09-29,16862.0,9894.0,0.0,6968.0,19995.0
2024-09,2024-09-30,7392.0,4167.0,0.0,3225.0,16432.0
2024-08,2024-08-01,18568.0,9846.0,607.0,8115.0,13728.0
2024-08,2024-08-02,16558.0,12038.0,0.0,4520.0,15972.0
2024-08,2024-08-03,20319.0,9704.0,1266.0,9349.0,21494.0
2024-08,2024-08-04,14641.0,10650.0,490.0,3501.0,16822.0
2024-08,2024-08-05,13253.0,8691.0,543.0,4019.0,13299.0
2024-08,2024-08-06,10930.0,4695.0,0.0,6235.0,16773.0
2024-08,2024-08-07,18122.0,11205.0,1600.0,5317.0,19859.0
2024-08,2024-08-08,8533.0,5674.0,1106.0,1753.0,15566.0
2024-08,2024-08-09,14729.0,6962.0,1943.0,5824.0,17803.0
2024-08,2024-08-10,26959.0,14064.0,3140.0,9755.0,12440.0
2024-08,2024-08-11,23309.0,12879.0,1730.0,8700.0,17544.0
2024-08,2024-08-12,14535.0,6681.0,849.0,7005.0,20411.0
2024-08,2024-08-13,13391.0,6560.0,0.0,6831.0,9820.0
2024-08,2024-08-14,14280.0,6993.0,345.0,6942.0,12160.0
2024-08,2024-08-15,18656.0,11025.0,1054.0,6577.0,12287.0
2024-08,2024-08-16,16360.0,9679.0,0.0,6681.0,12581.0
2024-08,2024-08-17,15664.0,10527.0,0.0,5137.0,10078.0
2024-08,2024-08-18,23621.0,8498.0,1376.0,13747.0,21398.0
2024-08,2024-08-19,11224.0,4657.0,0.0,6567.0,24214.0
2024-08,2024-08-20,9182.0,5614.0,0.0,3568.0,23704.0
2024-08,2024-08-21,13801.0,6042.0,0.0,7759.0,28555.0
2024-08,2024-08-22,8937.0,5389.0,0.0,3548.0,18671.0
2024-08,2024-08-23,16045.0,7587.0,1412.0,7046.0,24451.0
2024-08,2024-08-24,16674.0,6982.0,356.0,9336.0,23020.0
2024-08,2024-08-25,14076.0,8862.0,1314.0,3900.0,25360.0
2024-08,2024-08-26,14811.0,10428.0,0.0,4383.0,29213.0
2024-08,2024-08-27,11796.0,4470.0,0.0,7326.0,34400.0
2024-08,2024-08-28,16935.0,10892.0,0.0,6043.0,33630.0
2024-08,2024-08-29,15811.0,5393.0,0.0,10418.0,42358.0
2024-08,2024-08-30,8444.0,4366.0,0.0,4078.0,40945.0
2024-08,2024-08-31,23551.0,13451.0,788.0,9312.0,39867.0
2024-07,2024-07-01,15240.0,7347.0,1135.0,6758.0,28329.0
2024-07,2024-07-02,13546.0,6686.0,2363.0,4497.0,25497.0
2024-07,2024-07-03,14585.0,10269.0,918.0,3398.0,26294.0
2024-07,2024-07-04,10642.0,7342.0,0.0,3300.0,25035.0
2024-07,2024-07-05,9249.0,4350.0,1129.0,3770.0,27119.0
2024-07,2024-07-06,22810.0,10361.0,2531.0,9918.0,31377.0
2024-07,2024-07-07,12552.0,3581.0,2580.0,6391.0,31551.0
2024-07,2024-07-08,19012.0,10953.0,3336.0,4723.0,31293.0
2024-07,2024-07-09,14409.0,8000.0,756.0,5653.0,32120.0
2024-07,2024-07-10,16460.0,9042.0,283.0,7135.0,37935.0
2024-07,2024-07-11,9967.0,7497.0,272.0,2198.0,32553.0
2024-07,2024-07-12,6616.0,5138.0,0.0,1478.0,31689.0
2024-07,2024-07-13,21146.0,13835.0,1912.0,5399.0,9252.0
2024-07,2024-07-14,11678.0,9304.0,624.0,1750.0,7510.0
2024-07,2024-07-15,13094.0,9229.0,618.0,3247.0,9365.0
2024-07,2024-07-16,10154.0,5246.0,1170.0,3738.0,7182.0
2024-07,2024-07-17,18294.0,8174.0,345.0,9775.0,10722.0
2024-07,2024-07-18,15532.0,8877.0,247.0,6408.0,11203.0
2024-07,2024-07-19,16861.0,7383.0,989.0,8489.0,14442.0
2024-07,2024-07-20,22794.0,16804.0,1578.0,4412.0,5248.0
2024-07,2024-07-21,19245.0,10227.0,268.0,8750.0,7747.0
2024-07,2024-07-22,11051.0,5975.0,1352.0,3724.0,8193.0
2024-07,2024-07-23,13272.0,8937.0,1510.0,2825.0,2060.0
2024-07,2024-07-24,10200.0,4294.0,1446.0,4460.0,1145.0
2024-07,2024-07-25,12654.0,8357.0,335.0,3962.0,2239.0
2024-07,2024-07-26,18462.0,9590.0,408.0,8464.0,8464.0
2024-07,2024-07-27,17780.0,10908.0,498.0,6374.0,4469.0
2024-07,2024-07-28,22765.0,11818.0,4717.0,6230.0,8479.0
2024-07,2024-07-29,11973.0,7183.0,314.0,4476.0,8813.0
2024-07,2024-07-30,11397.0,5088.0,0.0,6309.0,9937.0
2024-07,2024-07-31,11509.0,6106.0,450.0,4953.0,6136.0
2024-06,2024-06-01,18207.0,10877.0,3140.0,4190.0,45403.0
2024-06,2024-06-02,21386.0,11485.0,1710.0,8191.0,50979.0
2024-06,2024-06-03,10293.0,5424.0,1001.0,3868.0,49561.0
2024-06,2024-06-04,16084.0,9934.0,2138.0,4012.0,52359.0
2024-06,2024-06-05,9752.0,5551.0,713.0,3488.0,12457.0
2024-06,2024-06-06,11729.0,7210.0,1084.0,3435.0,11513.0
2024-06,2024-06-07,16569.0,9483.0,697.0,6389.0,12991.0
2024-06,2024-06-08,24266.0,16256.0,1174.0,6836.0,10601.0
2024-06,2024-06-09,10679.0,6312.0,0.0,4367.0,11561.0
2024-06,2024-06-10,11101.0,5766.0,949.0,4386.0,12149.0
2024-06,2024-06-11,7656.0,4641.0,0.0,3015.0,8350.0
2024-06,2024-06-12,11137.0,5184.0,529.0,5424.0,11959.0
2024-06,2024-06-13,14525.0,7319.0,20.0,7186.0,15517.0
2024-06,2024-06-14,16843.0,5897.0,3163.0,7783.0,16885.0
2024-06,2024-06-15,18133.0,12481.0,543.0,5109.0,15937.0
2024-06,2024-06-16,21263.0,13566.0,0.0,7697.0,17875.0
2024-06,2024-06-17,18625.0,12303.0,406.0,5916.0,21849.0
2024-06,2024-06-18,16667.0,6953.0,2323.0,7391.0,19613.0
2024-06,2024-06-19,15690.0,6754.0,1196.0,7740.0,24721.0
2024-06,2024-06-20,11699.0,6079.0,0.0,5620.0,23769.0
2024-06,2024-06-21,13209.0,6795.0,0.0,6414.0,26364.0
2024-06,2024-06-22,20388.0,13625.0,0.0,6763.0,28398.0
2024-06,2024-06-23,20176.0,10457.0,786.0,8933.0,32647.0
2024-06,2024-06-24,13221.0,8517.0,366.0,4338.0,30023.0
2024-06,2024-06-25,14964.0,11547.0,0.0,3417.0,25987.0
2024-06,2024-06-26,7279.0,1534.0,0.0,5745.0,29079.0
2024-06,2024-06-27,8989.0,6641.0,330.0,2018.0,28630.0
2024-06,2024-06-28,14005.0,10930.0,594.0,2481.0,27901.0
2024-06,2024-06-29,24843.0,10957.0,5877.0,8009.0,30375.0
2024-06,2024-06-30,12709.0,13760.0,0.0,-1051.0,25055.0
2024-05,2024-05-01,12811.0,4862.0,390.0,7559.0,26276.0
2024-05,2024-05-02,14472.0,7073.0,397.0,7002.0,30208.0
2024-05,2024-05-03,13216.0,7128.0,320.0,5768.0,30665.0
2024-05,2024-05-04,9759.0,4161.0,352.0,5246.0,29397.0
2024-05,2024-05-05,13613.0,4336.0,331.0,8946.0,35012.0
2024-05,2024-05-06,16770.0,10467.0,0.0,6303.0,38391.0
2024-05,2024-05-07,21328.0,8206.0,0.0,13122.0,45272.0
2024-05,2024-05-08,17944.0,7622.0,3170.0,7152.0,48815.0
2024-05,2024-05-09,17395.0,6494.0,1173.0,9728.0,48469.0
2024-05,2024-05-10,14922.0,10850.0,0.0,4072.0,50040.0
2024-05,2024-05-11,19273.0,11792.0,633.0,6848.0,47896.0
2024-05,2024-05-12,19683.0,9821.0,1604.0,8258.0,54804.0
2024-05,2024-05-13,20085.0,17144.0,272.0,2669.0,14175.0
2024-05,2024-05-14,15257.0,6447.0,3105.0,5705.0,15350.0
2024-05,2024-05-15,19418.0,12156.0,0.0,7262.0,19211.0
2024-05,2024-05-16,16378.0,11908.0,0.0,4470.0,17024.0
2024-05,2024-05-17,19070.0,10922.0,2563.0,5585.0,18635.0
2024-05,2024-05-18,16809.0,11301.0,0.0,5508.0,21051.0
2024-05,2024-05-19,15955.0,9735.0,272.0,5948.0,25220.0
2024-05,2024-05-20,13014.0,8819.0,0.0,4195.0,20349.0
2024-05,2024-05-21,12393.0,7327.0,330.0,4736.0,22555.0
2024-05,2024-05-22,23158.0,11864.0,0.0,11294.0,29073.0
2024-05,2024-05-23,18452.0,10048.0,576.0,7828.0,32894.0
2024-05,2024-05-24,17870.0,9442.0,985.0,7443.0,34266.0
2024-05,2024-05-25,9986.0,5195.0,0.0,4791.0,34433.0
2024-05,2024-05-26,17492.0,9134.0,2686.0,5672.0,36570.0
2024-05,2024-05-27,15718.0,7229.0,1245.0,7244.0,38668.0
2024-05,2024-05-28,13930.0,5444.0,873.0,7613.0,40515.0
2024-05,2024-05-29,18573.0,7900.0,1750.0,8923.0,46401.0
2024-05,2024-05-30,14136.0,6426.0,0.0,7710.0,49077.0
2024-05,2024-05-31,17602.0,8525.0,1625.0,7452.0,52436.0
2024-04,2024-04-01,6540.0,3266.0,1107.0,2167.0,7915.0
2024-04,2024-04-02,9534.0,7352.0,626.0,1556.0,7280.0
2024-04,2024-04-03,14909.0,7553.0,1860.0,5496.0,8974.0
2024-04,2024-04-04,7328.0,4680.0,0.0,2648.0,8038.0
2024-04,2024-04-05,17483.0,12164.0,839.0,4480.0,10019.0
2024-04,2024-04-06,12501.0,7491.0,0.0,5010.0,7469.0
2024-04,2024-04-07,13099.0,9840.0,0.0,3259.0,8384.0
2024-04,2024-04-08,12613.0,8853.0,0.0,3760.0,7629.0
2024-04,2024-04-09,14324.0,6470.0,3571.0,4283.0,8084.0
2024-04,2024-04-10,28030.0,16753.0,451.0,10826.0,11874.0
2024-04,2024-04-11,27406.0,15694.0,0.0,11712.0,18530.0
2024-04,2024-04-12,21044.0,9220.0,1003.0,10821.0,22939.0
2024-04,2024-04-13,25358.0,15075.0,5006.0,5277.0,20209.0
2024-04,2024-04-14,22936.0,14984.0,3977.0,3975.0,18740.0
2024-04,2024-04-15,18485.0,5285.0,2444.0,10756.0,26461.0
2024-04,2024-04-16,18105.0,8469.0,2216.0,7420.0,28226.0
2024-04,2024-04-17,18771.0,8771.0,0.0,10000.0,32062.0
2024-04,2024-04-18,16200.0,6968.0,1220.0,8012.0,34081.0
2024-04,2024-04-19,16422.0,12891.0,440.0,3091.0,29317.0
2024-04,2024-04-20,20078.0,6289.0,2049.0,11740.0,25637.0
2024-04,2024-04-21,20024.0,10795.0,3225.0,6004.0,28929.0
2024-04,2024-04-22,11048.0,5930.0,0.0,5118.0,24426.0
2024-04,2024-04-23,12893.0,5941.0,3573.0,3379.0,25582.0
2024-04,2024-04-24,14533.0,9949.0,0.0,4584.0,26704.0
2024-04,2024-04-25,18636.0,14080.0,0.0,4556.0,28668.0
2024-04,2024-04-26,14690.0,6413.0,0.0,8277.0,30814.0
2024-04,2024-04-27,18982.0,16266.0,1524.0,1192.0,26035.0
2024-04,2024-04-28,14624.0,6999.0,861.0,6764.0,29142.0
2024-04,2024-04-29,8706.0,10661.0,514.0,-2469.0,18016.0
2024-04,2024-04-30,19254.0,9665.0,366.0,9223.0,21198.0
2024-03,2024-03-01,15658.0,9496.0,2224.0,3938.0,24015.0
2024-03,2024-03-02,23958.0,14412.0,1721.0,7825.0,17396.0
2024-03,2024-03-03,20948.0,12978.0,365.0,7605.0,20137.0
2024-03,2024-03-04,8384.0,2912.0,0.0,5472.0,23379.0
2024-03,2024-03-05,7961.0,5724.0,576.0,1661.0,21800.0
2024-03,2024-03-06,8878.0,3588.0,565.0,4725.0,24573.0
2024-03,2024-03-07,12648.0,8961.0,439.0,3248.0,26840.0
2024-03,2024-03-08,15144.0,7243.0,746.0,7155.0,27825.0
2024-03,2024-03-09,22372.0,8717.0,2327.0,11328.0,29146.0
2024-03,2024-03-10,15175.0,8736.0,0.0,6439.0,33672.0
2024-03,2024-03-11,11692.0,3443.0,904.0,7345.0,36637.0
2024-03,2024-03-12,6999.0,5200.0,446.0,1353.0,33423.0
2024-03,2024-03-13,7124.0,4277.0,0.0,2847.0,7334.0
2024-03,2024-03-14,6982.0,2728.0,0.0,4254.0,11588.0
2024-03,2024-03-15,10054.0,6507.0,292.0,3255.0,10017.0
2024-03,2024-03-16,8427.0,5572.0,676.0,2179.0,7294.0
2024-03,2024-03-17,12871.0,8734.0,806.0,3331.0,8523.0
2024-03,2024-03-18,5595.0,3883.0,0.0,1712.0,9207.0
2024-03,2024-03-19,8686.0,5152.0,0.0,3534.0,11670.0
2024-03,2024-03-20,7066.0,4489.0,0.0,2577.0,12907.0
2024-03,2024-03-21,9696.0,6177.0,226.0,3293.0,12281.0
2024-03,2024-03-22,8946.0,6357.0,743.0,1846.0,10739.0
2024-03,2024-03-23,16372.0,13038.0,0.0,3334.0,8147.0
2024-03,2024-03-24,9609.0,4521.0,0.0,5088.0,9965.0
2024-03,2024-03-25,7321.0,3374.0,539.0,3408.0,11559.0
2024-03,2024-03-26,9609.0,6193.0,441.0,2975.0,11859.0
2024-03,2024-03-27,9528.0,3960.0,257.0,5311.0,14907.0
2024-03,2024-03-28,7738.0,4923.0,0.0,2815.0,14578.0
2024-03,2024-03-29,10898.0,5650.0,1056.0,4192.0,16520.0
2024-03,2024-03-30,7958.0,4643.0,0.0,3315.0,7706.0
2024-03,2024-03-31,14826.0,11553.0,215.0,3058.0,6720.0
2024-02,2024-02-01,8790.0,2121.0,0.0,6669.0,15390.0
2024-02,2024-02-02,12252.0,8290.0,1226.0,2736.0,14853.0
2024-02,2024-02-03,16499.0,10441.0,1377.0,4681.0,12372.0
2024-02,2024-02-04,13599.0,10242.0,131.0,3226.0,12198.0
2024-02,2024-02-05,7012.0,4724.0,382.0,1906.0,9705.0
2024-02,2024-02-06,14252.0,4639.0,1617.0,7996.0,15719.0
2024-02,2024-02-07,9932.0,7417.0,386.0,2129.0,12190.0
2024-02,2024-02-08,6789.0,4511.0,0.0,2278.0,11017.0
2024-02,2024-02-09,19231.0,12113.0,0.0,7118.0,17138.0
2024-02,2024-02-10,17233.0,8979.0,1336.0,6918.0,19577.0
2024-02,2024-02-11,15212.0,6882.0,0.0,8330.0,16287.0
2024-02,2024-02-12,4801.0,1864.0,1384.0,1553.0,15629.0
2024-02,2024-02-13,11362.0,6338.0,1843.0,3181.0,15789.0
2024-02,2024-02-14,15984.0,9049.0,966.0,5969.0,18214.0
2024-02,2024-02-15,12464.0,7249.0,0.0,5215.0,17298.0
2024-02,2024-02-16,10692.0,3228.0,1107.0,6357.0,21544.0
2024-02,2024-02-17,17057.0,8090.0,1699.0,7268.0,19329.0
2024-02,2024-02-18,11792.0,6097.0,1041.0,4654.0,22825.0
2024-02,2024-02-19,11788.0,6874.0,974.0,3940.0,23359.0
2024-02,2024-02-20,6218.0,4958.0,0.0,1260.0,19666.0
2024-02,2024-02-21,6720.0,4081.0,0.0,2639.0,20935.0
2024-02,2024-02-22,15609.0,7717.0,8338.0,-446.0,17001.0
2024-02,2024-02-23,14492.0,9126.0,0.0,5366.0,15673.0
2024-02,2024-02-24,13219.0,8631.0,746.0,3842.0,18339.0
2024-02,2024-02-25,17128.0,10174.0,1694.0,5260.0,14885.0
2024-02,2024-02-26,8036.0,3147.0,470.0,4419.0,14955.0
2024-02,2024-02-27,13404.0,8525.0,446.0,4433.0,18546.0
2024-02,2024-02-28,15520.0,10752.0,0.0,4768.0,17826.0
2024-02,2024-02-29,9299.0,3963.0,0.0,5336.0,22464.0
2024-01,2024-01-01,14181.0,6966.0,1456.0,5759.0,22701.0
2024-01,2024-01-02,15899.0,8868.0,0.0,7031.0,26730.0
2024-01,2024-01-03,13440.0,6343.0,0.0,7097.0,29002.0
2024-01,2024-01-04,8264.0,4935.0,366.0,2963.0,27300.0
2024-01,2024-01-05,13351.0,7519.0,0.0,5832.0,27979.0
2024-01,2024-01-06,15821.0,9513.0,0.0,6308.0,28491.0
2024-01,2024-01-07,20317.0,10053.0,3164.0,7100.0,30921.0
2024-01,2024-01-08,8455.0,4802.0,0.0,3653.0,29222.0
2024-01,2024-01-09,12963.0,5190.0,1317.0,6456.0,28240.0
2024-01,2024-01-10,10743.0,5175.0,1201.0,4367.0,23211.0
2024-01,2024-01-11,12906.0,5750.0,576.0,6580.0,29651.0
2024-01,2024-01-12,11846.0,6036.0,1141.0,4669.0,31956.0
2024-01,2024-01-13,17883.0,5588.0,2089.0,10206.0,38857.0
2024-01,2024-01-14,9230.0,5763.0,446.0,3021.0,12524.0
2024-01,2024-01-15,15160.0,10593.0,826.0,3741.0,12179.0
2024-01,2024-01-16,9595.0,3040.0,1470.0,5085.0,12697.0
2024-01,2024-01-17,12779.0,7391.0,765.0,4623.0,13659.0
2024-01,2024-01-18,12086.0,7142.0,486.0,4458.0,9951.0
2024-01,2024-01-19,11021.0,5733.0,278.0,5010.0,12995.0
2024-01,2024-01-20,11172.0,7572.0,0.0,3600.0,14003.0
2024-01,2024-01-21,11366.0,8267.0,518.0,2581.0,13515.0
2024-01,2024-01-22,14591.0,8622.0,0.0,5969.0,17088.0
2024-01,2024-01-23,6426.0,3604.0,727.0,2095.0,12189.0
2024-01,2024-01-24,10912.0,7167.0,0.0,3745.0,14244.0
2024-01,2024-01-25,10183.0,3827.0,0.0,6356.0,15635.0
2024-01,2024-01-26,16039.0,7817.0,471.0,7751.0,18804.0
2024-01,2024-01-27,19909.0,10659.0,1480.0,7770.0,15098.0
2024-01,2024-01-28,20063.0,6394.0,660.0,13009.0,17025.0
2024-01,2024-01-29,9694.0,4918.0,1705.0,3071.0,16711.0
2024-01,2024-01-30,15572.0,6060.0,2189.0,7323.0,20025.0
2024-01,2024-01-31,6880.0,3437.0,0.0,3443.0,11487.0
2023-12,2023-12-01,15089.0,8404.0,1083.0,5602.0,32103.0
2023-12,2023-12-02,13852.0,6580.0,1127.0,6145.0,30282.0
2023-12,2023-12-03,12890.0,6796.0,994.0,5100.0,32902.0
2023-12,2023-12-04,15992.0,5627.0,1079.0,9286.0,40757.0
2023-12,2023-12-05,12781.0,6005.0,0.0,6776.0,38360.0
2023-12,2023-12-06,13837.0,7600.0,1141.0,5096.0,40054.0
2023-12,2023-12-07,12683.0,9580.0,1017.0,2086.0,39546.0
2023-12,2023-12-08,10068.0,5603.0,446.0,4019.0,39775.0
2023-12,2023-12-09,20311.0,10689.0,753.0,8869.0,46364.0
2023-12,2023-12-10,17855.0,10433.0,765.0,6657.0,51350.0
2023-12,2023-12-11,15404.0,9035.0,0.0,6369.0,53888.0
2023-12,2023-12-12,12000.0,7294.0,928.0,3778.0,49273.0
2023-12,2023-12-13,15456.0,9546.0,0.0,5910.0,14269.0
2023-12,2023-12-14,11404.0,7303.0,0.0,4101.0,17025.0
2023-12,2023-12-15,11798.0,8568.0,1691.0,1539.0,14282.0
2023-12,2023-12-16,20460.0,14967.0,419.0,5074.0,13210.0
2023-12,2023-12-17,23491.0,16465.0,686.0,6340.0,13352.0
2023-12,2023-12-18,8689.0,4296.0,0.0,4393.0,12835.0
2023-12,2023-12-19,8611.0,3558.0,194.0,4859.0,13650.0
2023-12,2023-12-20,12786.0,5158.0,1494.0,6134.0,15058.0
2023-12,2023-12-21,6206.0,2385.0,0.0,3821.0,14380.0
2023-12,2023-12-22,20475.0,7796.0,6272.0,6407.0,16354.0
2023-12,2023-12-23,20226.0,11321.0,2095.0,6810.0,17584.0
2023-12,2023-12-24,15097.0,7925.0,226.0,6946.0,19492.0
2023-12,2023-12-25,35350.0,17397.0,4160.0,13793.0,26473.0
2023-12,2023-12-26,20292.0,12681.0,993.0,6618.0,26080.0
2023-12,2023-12-27,16615.0,7777.0,0.0,8838.0,25947.0
2023-12,2023-12-28,13057.0,3750.0,613.0,8694.0,31434.0
2023-12,2023-12-29,17058.0,10971.0,414.0,5673.0,31687.0
2023-12,2023-12-30,20065.0,12556.0,2087.0,5422.0,24291.0
2023-12,2023-12-31,28362.0,18794.0,2106.0,7462.0,26468.0
2023-11,2023-11-01,13528.0,9810.0,924.0,2794.0,17386.0
2023-11,2023-11-02,14295.0,8384.0,760.0,5151.0,12875.0
2023-11,2023-11-03,18691.0,10074.0,715.0,7902.0,16038.0
2023-11,2023-11-04,17672.0,8760.0,2368.0,6544.0,19101.0
2023-11,2023-11-05,18878.0,11166.0,3474.0,4238.0,22769.0
2023-11,2023-11-06,10237.0,5416.0,0.0,4821.0,22430.0
2023-11,2023-11-07,11189.0,6225.0,713.0,4251.0,23168.0
2023-11,2023-11-08,13767.0,7323.0,575.0,5869.0,25350.0
2023-11,2023-11-09,10657.0,4670.0,848.0,5139.0,28052.0
2023-11,2023-11-10,10743.0,5771.0,1024.0,3948.0,15851.0
2023-11,2023-11-11,50962.0,24114.0,4603.0,22245.0,29154.0
2023-11,2023-11-12,21276.0,13535.0,1873.0,5868.0,32523.0
2023-11,2023-11-13,10520.0,4010.0,866.0,5644.0,34920.0
2023-11,2023-11-14,7854.0,1759.0,1428.0,4667.0,21241.0
2023-11,2023-11-15,5686.0,3995.0,0.0,1691.0,20944.0
2023-11,2023-11-16,9877.0,5030.0,0.0,4847.0,23242.0
2023-11,2023-11-17,11432.0,7433.0,1231.0,2768.0,25470.0
2023-11,2023-11-18,17893.0,12436.0,435.0,5022.0,27010.0
2023-11,2023-11-19,14311.0,5626.0,2742.0,5943.0,32679.0
2023-11,2023-11-20,8722.0,4378.0,0.0,4344.0,33857.0
2023-11,2023-11-21,8520.0,5136.0,0.0,3384.0,32751.0
2023-11,2023-11-22,9561.0,3763.0,1104.0,4694.0,36368.0
2023-11,2023-11-23,12699.0,6187.0,2143.0,4369.0,36317.0
2023-11,2023-11-24,13400.0,7015.0,872.0,5513.0,37754.0
2023-11,2023-11-25,16569.0,7885.0,0.0,8684.0,45406.0
2023-11,2023-11-26,24493.0,12291.0,1872.0,10330.0,44153.0
2023-11,2023-11-27,8349.0,5207.0,0.0,3142.0,37159.0
2023-11,2023-11-28,11975.0,4669.0,487.0,6819.0,37642.0
2023-11,2023-11-29,13915.0,7895.0,0.0,6020.0,42457.0
2023-11,2023-11-30,9122.0,4221.0,0.0,4901.0,31081.0
2023-10,2023-10-01,20433.0,9873.0,1789.0,8771.0,24857.0
2023-10,2023-10-02,14791.0,4791.0,1083.0,8917.0,29909.0
2023-10,2023-10-03,8936.0,4696.0,293.0,3947.0,31885.0
2023-10,2023-10-04,9660.0,4965.0,881.0,3814.0,26759.0
2023-10,2023-10-05,10468.0,5420.0,0.0,5048.0,19061.0
2023-10,2023-10-06,11055.0,7111.0,640.0,3304.0,18192.0
2023-10,2023-10-07,16856.0,9206.0,512.0,7138.0,24484.0
2023-10,2023-10-08,13564.0,10175.0,765.0,2624.0,24572.0
2023-10,2023-10-09,9665.0,4664.0,2057.0,2944.0,23612.0
2023-10,2023-10-10,8441.0,4715.0,0.0,3726.0,24406.0
2023-10,2023-10-11,13399.0,5270.0,975.0,7154.0,29035.0
2023-10,2023-10-12,11240.0,6029.0,1053.0,4158.0,14110.0
2023-10,2023-10-13,10970.0,6071.0,922.0,3977.0,15621.0
2023-10,2023-10-14,19023.0,8565.0,3138.0,7320.0,12980.0
2023-10,2023-10-15,15062.0,7446.0,1696.0,5920.0,12960.0
2023-10,2023-10-16,10397.0,3306.0,0.0,7091.0,17602.0
2023-10,2023-10-17,13089.0,7225.0,2328.0,3536.0,13940.0
2023-10,2023-10-18,17391.0,8448.0,0.0,8943.0,19229.0
2023-10,2023-10-19,10883.0,7413.0,519.0,2951.0,19849.0
2023-10,2023-10-20,17185.0,7508.0,1224.0,8453.0,25370.0
2023-10,2023-10-21,28495.0,19583.0,2902.0,6010.0,20364.0
2023-10,2023-10-22,25958.0,12090.0,3620.0,10248.0,28209.0
2023-10,2023-10-23,22315.0,13538.0,1592.0,7185.0,33119.0
2023-10,2023-10-24,22995.0,14333.0,2514.0,6148.0,33519.0
2023-10,2023-10-25,9347.0,5852.0,896.0,2599.0,30255.0
2023-10,2023-10-26,10971.0,5137.0,0.0,5834.0,31199.0
2023-10,2023-10-27,9288.0,6730.0,1099.0,1459.0,31204.0
2023-10,2023-10-28,20435.0,16550.0,0.0,3885.0,8684.0
2023-10,2023-10-29,14176.0,6844.0,894.0,6438.0,14007.0
2023-10,2023-10-30,8549.0,3828.0,1275.0,3446.0,11010.0
2023-10,2023-10-31,14838.0,5672.0,314.0,8852.0,16658.0
2023-09,2023-09-01,24640.0,11576.0,151.0,12913.0,15769.0
2023-09,2023-09-02,26659.0,12512.0,3623.0,10524.0,20393.0
2023-09,2023-09-03,21268.0,11129.0,0.0,10139.0,24132.0
2023-09,2023-09-04,14150.0,10779.0,0.0,3371.0,12879.0
2023-09,2023-09-05,10692.0,4896.0,548.0,5248.0,14421.0
2023-09,2023-09-06,19590.0,9884.0,1534.0,8172.0,13582.0
2023-09,2023-09-07,14531.0,5540.0,0.0,8991.0,15861.0
2023-09,2023-09-08,12138.0,5676.0,1463.0,4999.0,16104.0
2023-09,2023-09-09,17718.0,12125.0,821.0,4772.0,14524.0
2023-09,2023-09-10,10230.0,6546.0,366.0,3318.0,13873.0
2023-09,2023-09-11,13572.0,7279.0,226.0,6067.0,12354.0
2023-09,2023-09-12,11153.0,6180.0,0.0,4973.0,11702.0
2023-09,2023-09-13,15786.0,5042.0,696.0,10048.0,14019.0
2023-09,2023-09-14,14001.0,7229.0,1313.0,5459.0,12764.0
2023-09,2023-09-15,11546.0,8658.0,1275.0,1613.0,12626.0
2023-09,2023-09-16,20776.0,10504.0,355.0,9917.0,14585.0
2023-09,2023-09-17,27547.0,12522.0,2520.0,12505.0,25554.0
2023-09,2023-09-18,12081.0,7140.0,440.0,4501.0,22084.0
2023-09,2023-09-19,16943.0,6339.0,420.0,10184.0,28248.0
2023-09,2023-09-20,7433.0,4160.0,1035.0,2238.0,28361.0
2023-09,2023-09-21,14711.0,10150.0,0.0,4561.0,30236.0
2023-09,2023-09-22,14469.0,7581.0,877.0,6011.0,34549.0
2023-09,2023-09-23,20175.0,12081.0,1393.0,6701.0,36871.0
2023-09,2023-09-24,15089.0,8363.0,0.0,6726.0,39927.0
2023-09,2023-09-25,12101.0,6051.0,2315.0,3735.0,10881.0
2023-09,2023-09-26,10175.0,3285.0,142.0,6748.0,13827.0
2023-09,2023-09-27,18267.0,9674.0,0.0,8593.0,14140.0
2023-09,2023-09-28,13648.0,6023.0,1814.0,5811.0,19111.0
2023-09,2023-09-29,10675.0,7099.0,372.0,3204.0,19969.0
2023-09,2023-09-30,12763.0,8695.0,0.0,4068.0,18395.0
2023-08,2023-08-01,14569.0,10474.0,0.0,4095.0,35616.0
2023-08,2023-08-02,13567.0,6477.0,0.0,7090.0,39635.0
2023-08,2023-08-03,7783.0,5603.0,0.0,2180.0,33112.0
2023-08,2023-08-04,15707.0,9561.0,0.0,6146.0,34541.0
2023-08,2023-08-05,19030.0,8799.0,1531.0,8700.0,40622.0
2023-08,2023-08-06,19835.0,8780.0,2576.0,8479.0,37873.0
2023-08,2023-08-07,12035.0,5417.0,0.0,6618.0,44002.0
2023-08,2023-08-08,8859.0,4956.0,261.0,3642.0,39570.0
2023-08,2023-08-09,15704.0,4467.0,765.0,10472.0,25668.0
2023-08,2023-08-10,10336.0,4903.0,0.0,5433.0,28989.0
2023-08,2023-08-11,9317.0,4742.0,424.0,4151.0,31542.0
2023-08,2023-08-12,16886.0,6236.0,0.0,10650.0,21641.0
2023-08,2023-08-13,22813.0,13580.0,1884.0,7349.0,20631.0
2023-08,2023-08-14,15074.0,10907.0,572.0,3595.0,12833.0
2023-08,2023-08-15,16952.0,5994.0,2105.0,8853.0,17839.0
2023-08,2023-08-16,8743.0,5483.0,0.0,3260.0,17595.0
2023-08,2023-08-17,13023.0,5082.0,856.0,7085.0,21393.0
2023-08,2023-08-18,9723.0,3982.0,0.0,5741.0,22453.0
2023-08,2023-08-19,15182.0,4716.0,2064.0,8402.0,21119.0
2023-08,2023-08-20,16486.0,7385.0,2013.0,7088.0,21033.0
2023-08,2023-08-21,15113.0,9242.0,0.0,5871.0,23218.0
2023-08,2023-08-22,11067.0,3426.0,889.0,6752.0,22980.0
2023-08,2023-08-23,10231.0,8201.0,0.0,2030.0,21385.0
2023-08,2023-08-24,17123.0,7174.0,1703.0,8246.0,20298.0
2023-08,2023-08-25,13513.0,8224.0,446.0,4843.0,23470.0
2023-08,2023-08-26,15312.0,8090.0,477.0,6745.0,24888.0
2023-08,2023-08-27,19894.0,9907.0,1392.0,8595.0,28352.0
2023-08,2023-08-28,16424.0,8531.0,738.0,7155.0,31877.0
2023-08,2023-08-29,20751.0,11059.0,1532.0,8160.0,38951.0
2023-08,2023-08-30,17817.0,10247.0,0.0,7570.0,29092.0
2023-08,2023-08-31,18936.0,9459.0,1371.0,8106.0,32938.0
2023-07,2023-07-01,27249.0,9877.0,419.0,16953.0,73231.0
2023-07,2023-07-02,17777.0,8170.0,2014.0,7593.0,75274.0
2023-07,2023-07-03,13192.0,7427.0,809.0,4956.0,76617.0
2023-07,2023-07-04,16681.0,7949.0,1836.0,6896.0,69763.0
2023-07,2023-07-05,10233.0,5174.0,156.0,4903.0,67008.0
2023-07,2023-07-06,20765.0,9213.0,0.0,11552.0,75487.0
2023-07,2023-07-07,24223.0,9058.0,4101.0,11064.0,80344.0
2023-07,2023-07-08,21570.0,15788.0,251.0,5531.0,84811.0
2023-07,2023-07-09,31855.0,11705.0,1361.0,18789.0,102951.0
2023-07,2023-07-10,8981.0,4223.0,769.0,3989.0,103518.0
2023-07,2023-07-11,14018.0,4313.0,0.0,9705.0,109373.0
2023-07,2023-07-12,15975.0,8050.0,1455.0,6470.0,64874.0
2023-07,2023-07-13,11971.0,4165.0,0.0,7806.0,35945.0
2023-07,2023-07-14,19847.0,11004.0,1200.0,7643.0,40580.0
2023-07,2023-07-15,16242.0,5390.0,0.0,10852.0,41920.0
2023-07,2023-07-16,17608.0,8497.0,429.0,8682.0,41642.0
2023-07,2023-07-17,16219.0,6294.0,1172.0,8753.0,49434.0
2023-07,2023-07-18,17781.0,7961.0,1273.0,8547.0,54195.0
2023-07,2023-07-19,9729.0,4151.0,0.0,5578.0,56796.0
2023-07,2023-07-20,14305.0,6632.0,830.0,6843.0,53982.0
2023-07,2023-07-21,21175.0,10103.0,1891.0,9181.0,59776.0
2023-07,2023-07-22,28968.0,14658.0,1697.0,12613.0,67841.0
2023-07,2023-07-23,18723.0,6979.0,1921.0,9823.0,20284.0
2023-07,2023-07-24,17422.0,5621.0,1783.0,10018.0,21542.0
2023-07,2023-07-25,16424.0,9643.0,419.0,6362.0,25511.0
2023-07,2023-07-26,19062.0,6655.0,4613.0,7794.0,29095.0
2023-07,2023-07-27,12985.0,6449.0,0.0,6536.0,32329.0
2023-07,2023-07-28,12010.0,6051.0,1266.0,4693.0,17653.0
2023-07,2023-07-29,23122.0,8737.0,1823.0,12562.0,19998.0
2023-07,2023-07-30,24118.0,8257.0,2484.0,13377.0,28630.0
2023-07,2023-07-31,20083.0,8991.0,0.0,11092.0,34971.0
2023-06,2023-06-01,12411.0,5901.0,1207.0,5303.0,15501.0
2023-06,2023-06-02,13097.0,7601.0,769.0,4727.0,15845.0
2023-06,2023-06-03,13466.0,6279.0,0.0,7187.0,21222.0
2023-06,2023-06-04,16968.0,9522.0,932.0,6514.0,13084.0
2023-06,2023-06-05,11962.0,6069.0,859.0,5034.0,13050.0
2023-06,2023-06-06,9815.0,3552.0,1058.0,5205.0,11472.0
2023-06,2023-06-07,19112.0,7561.0,387.0,11164.0,20191.0
2023-06,2023-06-08,12682.0,4246.0,1842.0,6594.0,23290.0
2023-06,2023-06-09,17340.0,9209.0,478.0,7653.0,26677.0
2023-06,2023-06-10,22960.0,13247.0,0.0,9713.0,34650.0
2023-06,2023-06-11,16059.0,4803.0,712.0,10544.0,43762.0
2023-06,2023-06-12,11911.0,8315.0,669.0,2927.0,9874.0
2023-06,2023-06-13,11096.0,4724.0,413.0,5959.0,11034.0
2023-06,2023-06-14,7652.0,905.0,1299.0,5448.0,12837.0
2023-06,2023-06-15,18937.0,8089.0,0.0,10848.0,22519.0
2023-06,2023-06-16,15349.0,6380.0,681.0,8288.0,19469.0
2023-06,2023-06-17,22405.0,9615.0,2643.0,10147.0,26439.0
2023-06,2023-06-18,23198.0,10888.0,1529.0,10781.0,30841.0
2023-06,2023-06-19,17564.0,10821.0,947.0,5796.0,32527.0
2023-06,2023-06-20,8548.0,4565.0,910.0,3073.0,31928.0
2023-06,2023-06-21,16733.0,6789.0,3022.0,6922.0,36355.0
2023-06,2023-06-22,8568.0,3207.0,0.0,5361.0,39344.0
2023-06,2023-06-23,17288.0,7000.0,513.0,9775.0,48210.0
2023-06,2023-06-24,25556.0,12758.0,1152.0,11646.0,54701.0
2023-06,2023-06-25,13994.0,7909.0,0.0,6085.0,57134.0
2023-06,2023-06-26,9229.0,4301.0,407.0,4521.0,54071.0
2023-06,2023-06-27,15268.0,8485.0,514.0,6269.0,57509.0
2023-06,2023-06-28,9451.0,4371.0,1508.0,3572.0,55174.0
2023-06,2023-06-29,38834.0,16100.0,6178.0,16556.0,69981.0
2023-06,2023-06-30,12553.0,5336.0,2095.0,5122.0,59050.0
2023-05,2023-05-01,20129.0,10942.0,1269.0,7918.0,43132.0
2023-05,2023-05-02,23865.0,9077.0,2786.0,12002.0,48750.0
2023-05,2023-05-03,17009.0,8141.0,1225.0,7643.0,49332.0
2023-05,2023-05-04,20608.0,7869.0,2766.0,9973.0,56378.0
2023-05,2023-05-05,18417.0,5633.0,1267.0,11517.0,57416.0
2023-05,2023-05-06,20865.0,9620.0,1462.0,9783.0,65380.0
2023-05,2023-05-07,25367.0,9369.0,3815.0,12183.0,41239.0
2023-05,2023-05-08,18102.0,5407.0,669.0,12026.0,49758.0
2023-05,2023-05-09,18851.0,8979.0,0.0,9872.0,55498.0
2023-05,2023-05-10,18287.0,8051.0,787.0,9449.0,63132.0
2023-05,2023-05-11,24275.0,7695.0,2938.0,13642.0,36929.0
2023-05,2023-05-12,24298.0,15553.0,804.0,7941.0,34228.0
2023-05,2023-05-13,21094.0,11622.0,0.0,9472.0,6768.0
2023-05,2023-05-14,18117.0,7753.0,4201.0,6163.0,11309.0
2023-05,2023-05-15,15331.0,6090.0,248.0,8993.0,14207.0
2023-05,2023-05-16,22014.0,13977.0,419.0,7618.0,17900.0
2023-05,2023-05-17,23880.0,13158.0,1933.0,8789.0,24244.0
2023-05,2023-05-18,22159.0,12020.0,3514.0,6625.0,16971.0
2023-05,2023-05-19,21598.0,8487.0,3064.0,10047.0,22751.0
2023-05,2023-05-20,24218.0,14948.0,1225.0,8045.0,29883.0
2023-05,2023-05-21,20878.0,2051.0,12161.0,6666.0,35193.0
2023-05,2023-05-22,24226.0,11314.0,2239.0,10673.0,39307.0
2023-05,2023-05-23,13680.0,7085.0,0.0,6595.0,17034.0
2023-05,2023-05-24,18237.0,6637.0,0.0,11600.0,22003.0
2023-05,2023-05-25,24652.0,10124.0,2015.0,12513.0,33578.0
2023-05,2023-05-26,16306.0,7599.0,605.0,8102.0,30233.0
2023-05,2023-05-27,18016.0,5252.0,1990.0,10774.0,13922.0
2023-05,2023-05-28,21640.0,12029.0,847.0,8764.0,18839.0
2023-05,2023-05-29,13215.0,3969.0,2778.0,6468.0,22185.0
2023-05,2023-05-30,19910.0,7729.0,963.0,11218.0,22358.0
2023-05,2023-05-31,15736.0,7074.0,427.0,8235.0,15608.0
2023-04,2023-04-01,14430.0,7234.0,1094.0,6102.0,38311.0
2023-04,2023-04-02,16101.0,6696.0,1922.0,7483.0,37424.0
2023-04,2023-04-03,17269.0,7323.0,618.0,9328.0,23062.0
2023-04,2023-04-04,9012.0,4870.0,0.0,4142.0,19876.0
2023-04,2023-04-05,13369.0,6790.0,131.0,6448.0,22581.0
2023-04,2023-04-06,13097.0,8721.0,0.0,4376.0,17128.0
2023-04,2023-04-07,17293.0,10253.0,0.0,7040.0,19254.0
2023-04,2023-04-08,17276.0,11321.0,0.0,5955.0,20825.0
2023-04,2023-04-09,14026.0,7751.0,0.0,6275.0,22798.0
2023-04,2023-04-10,8966.0,4604.0,0.0,4362.0,25791.0
2023-04,2023-04-11,9424.0,4437.0,0.0,4987.0,24965.0
2023-04,2023-04-12,11885.0,5294.0,0.0,6591.0,30228.0
2023-04,2023-04-13,13555.0,7832.0,0.0,5723.0,14524.0
2023-04,2023-04-14,12857.0,9467.0,0.0,3390.0,14262.0
2023-04,2023-04-15,18531.0,8701.0,0.0,9830.0,22806.0
2023-04,2023-04-16,18532.0,8386.0,384.0,9762.0,25886.0
2023-04,2023-04-17,15526.0,4027.0,2283.0,9216.0,29334.0
2023-04,2023-04-18,15074.0,7875.0,1057.0,6142.0,29164.0
2023-04,2023-04-19,10255.0,2796.0,0.0,7459.0,29806.0
2023-04,2023-04-20,13818.0,8095.0,387.0,5336.0,30091.0
2023-04,2023-04-21,15611.0,7723.0,544.0,7344.0,33518.0
2023-04,2023-04-22,29142.0,12089.0,2510.0,14543.0,47245.0
2023-04,2023-04-23,22489.0,11423.0,2937.0,8129.0,52942.0
2023-04,2023-04-24,20134.0,6565.0,326.0,13243.0,62870.0
2023-04,2023-04-25,19229.0,9880.0,156.0,9193.0,66237.0
2023-04,2023-04-26,12685.0,5756.0,512.0,6417.0,24100.0
2023-04,2023-04-27,15692.0,6899.0,506.0,8287.0,29583.0
2023-04,2023-04-28,16176.0,7722.0,1832.0,6622.0,34233.0
2023-04,2023-04-29,22581.0,13086.0,2445.0,7050.0,36587.0
2023-04,2023-04-30,15586.0,10332.0,382.0,4872.0,38521.0
2023-03,2023-03-01,10027.0,3111.0,1188.0,5728.0,30400.0
2023-03,2023-03-02,11170.0,2284.0,3961.0,4925.0,32839.0
2023-03,2023-03-03,15168.0,6574.0,0.0,8594.0,32140.0
2023-03,2023-03-04,17208.0,11329.0,1614.0,4265.0,31233.0
2023-03,2023-03-05,16983.0,6800.0,2019.0,8164.0,33373.0
2023-03,2023-03-06,13378.0,5065.0,467.0,7846.0,33849.0
2023-03,2023-03-07,9658.0,3130.0,0.0,6528.0,38846.0
2023-03,2023-03-08,16578.0,8892.0,1688.0,5998.0,39036.0
2023-03,2023-03-09,9779.0,2722.0,0.0,7057.0,42814.0
2023-03,2023-03-10,16884.0,10344.0,1952.0,4588.0,44048.0
2023-03,2023-03-11,25856.0,14015.0,1831.0,10010.0,46208.0
2023-03,2023-03-12,22570.0,13532.0,1334.0,7704.0,27258.0
2023-03,2023-03-13,7830.0,4813.0,0.0,3017.0,23313.0
2023-03,2023-03-14,12419.0,6824.0,0.0,5595.0,24475.0
2023-03,2023-03-15,15601.0,6733.0,1156.0,7712.0,29809.0
2023-03,2023-03-16,12014.0,6506.0,0.0,5508.0,26828.0
2023-03,2023-03-17,14670.0,9116.0,1334.0,4220.0,28957.0
2023-03,2023-03-18,14411.0,5956.0,1319.0,7136.0,25923.0
2023-03,2023-03-19,13864.0,7181.0,1460.0,5223.0,30907.0
2023-03,2023-03-20,13919.0,6414.0,0.0,7505.0,32949.0
2023-03,2023-03-21,16873.0,9524.0,314.0,7035.0,38471.0
2023-03,2023-03-22,9035.0,6184.0,0.0,2851.0,38214.0
2023-03,2023-03-23,13302.0,6186.0,622.0,6494.0,35667.0
2023-03,2023-03-24,5140.0,1795.0,629.0,2716.0,36541.0
2023-03,2023-03-25,14335.0,11253.0,0.0,3082.0,31397.0
2023-03,2023-03-26,8312.0,2683.0,574.0,5055.0,35784.0
2023-03,2023-03-27,10450.0,5918.0,1169.0,3363.0,36082.0
2023-03,2023-03-28,7139.0,3627.0,0.0,3512.0,36804.0
2023-03,2023-03-29,6207.0,3917.0,0.0,2290.0,34083.0
2023-03,2023-03-30,8123.0,2861.0,2011.0,3251.0,36891.0
2023-03,2023-03-31,15338.0,8606.0,722.0,6010.0,36744.0
2023-02,2023-02-01,8776.0,3543.0,226.0,5007.0,67149.0
2023-02,2023-02-02,13414.0,4027.0,616.0,8771.0,71543.0
2023-02,2023-02-03,16361.0,7915.0,564.0,7882.0,75938.0
2023-02,2023-02-04,21342.0,7150.0,875.0,13317.0,85072.0
2023-02,2023-02-05,18443.0,11077.0,919.0,6447.0,88130.0
2023-02,2023-02-06,13554.0,5712.0,2331.0,5511.0,81526.0
2023-02,2023-02-07,10333.0,1215.0,1571.0,7547.0,47628.0
2023-02,2023-02-08,13613.0,5970.0,0.0,7643.0,53413.0
2023-02,2023-02-09,12911.0,8628.0,0.0,4283.0,55708.0
2023-02,2023-02-10,16730.0,7999.0,868.0,7863.0,60737.0
2023-02,2023-02-11,16090.0,7835.0,1016.0,7239.0,60255.0
2023-02,2023-02-12,10953.0,5933.0,3214.0,1806.0,53701.0
2023-02,2023-02-13,14301.0,5304.0,1866.0,7131.0,27745.0
2023-02,2023-02-14,15872.0,6387.0,1351.0,8134.0,32891.0
2023-02,2023-02-15,9438.0,5898.0,0.0,3540.0,27264.0
2023-02,2023-02-16,10156.0,4216.0,1494.0,4446.0,26579.0
2023-02,2023-02-17,16966.0,10730.0,419.0,5817.0,30528.0
2023-02,2023-02-18,8932.0,3887.0,1399.0,3646.0,30679.0
2023-02,2023-02-19,12051.0,3974.0,1453.0,6624.0,36225.0
2023-02,2023-02-20,9301.0,3924.0,303.0,5074.0,33876.0
2023-02,2023-02-21,15777.0,7749.0,513.0,7515.0,37875.0
2023-02,2023-02-22,13133.0,7503.0,469.0,5161.0,41640.0
2023-02,2023-02-23,13264.0,5635.0,1813.0,5816.0,42653.0
2023-02,2023-02-24,15626.0,8906.0,0.0,6720.0,29437.0
2023-02,2023-02-25,15232.0,6859.0,0.0,8373.0,34329.0
2023-02,2023-02-26,11032.0,5728.0,444.0,4860.0,35426.0
2023-02,2023-02-27,11091.0,5758.0,0.0,5333.0,39490.0
2023-02,2023-02-28,15258.0,7903.0,2031.0,5324.0,39573.0
2023-01,2023-01-01,23779.0,10048.0,1767.0,11964.0,77233.0
2023-01,2023-01-02,19524.0,8551.0,4267.0,6706.0,78269.0
2023-01,2023-01-03,13315.0,6206.0,1440.0,5669.0,82625.0
2023-01,2023-01-04,11374.0,7243.0,454.0,3677.0,63150.0
2023-01,2023-01-05,11173.0,6767.0,0.0,4406.0,65504.0
2023-01,2023-01-06,10895.0,3382.0,1715.0,5798.0,62652.0
2023-01,2023-01-07,15797.0,8983.0,431.0,6383.0,44619.0
2023-01,2023-01-08,21150.0,8972.0,3266.0,8912.0,48077.0
2023-01,2023-01-09,9231.0,2114.0,341.0,6776.0,54242.0
2023-01,2023-01-10,11480.0,3760.0,309.0,7411.0,59124.0
2023-01,2023-01-11,10331.0,4149.0,277.0,5905.0,62540.0
2023-01,2023-01-12,10456.0,6567.0,184.0,3705.0,38201.0
2023-01,2023-01-13,14410.0,7191.0,0.0,7219.0,28380.0
2023-01,2023-01-14,14080.0,4624.0,3998.0,5458.0,30620.0
2023-01,2023-01-15,17543.0,9903.0,876.0,6764.0,37121.0
2023-01,2023-01-16,16209.0,7617.0,0.0,8592.0,41105.0
2023-01,2023-01-17,11740.0,3726.0,205.0,7809.0,43004.0
2023-01,2023-01-18,13021.0,4335.0,0.0,8686.0,50697.0
2023-01,2023-01-19,10281.0,4293.0,2032.0,3956.0,41013.0
2023-01,2023-01-20,15209.0,10020.0,1844.0,3345.0,43766.0
2023-01,2023-01-21,13597.0,6128.0,1514.0,5955.0,46095.0
2023-01,2023-01-22,16992.0,5991.0,1542.0,9459.0,52590.0
2023-01,2023-01-23,14416.0,6564.0,0.0,7852.0,57812.0
2023-01,2023-01-24,9384.0,3529.0,460.0,5395.0,58705.0
2023-01,2023-01-25,9846.0,1820.0,2065.0,5961.0,54931.0
2023-01,2023-01-26,15318.0,8414.0,638.0,6266.0,55808.0
2023-01,2023-01-27,14399.0,10683.0,481.0,3235.0,56675.0
2023-01,2023-01-28,18812.0,8229.0,3603.0,6980.0,60425.0
2023-01,2023-01-29,18211.0,8736.0,0.0,9475.0,68647.0
2023-01,2023-01-30,13063.0,3707.0,0.0,9356.0,75254.0
2023-01,2023-01-31,10895.0,5669.0,0.0,5226.0,63861.0
2022-12,2022-12-01,13317.0,5579.0,1523.0,6215.0,85938.0
2022-12,2022-12-02,11837.0,5438.0,1098.0,5301.0,83208.0
2022-12,2022-12-03,20898.0,10949.0,2971.0,6978.0,87326.0
2022-12,2022-12-04,11566.0,5120.0,0.0,6446.0,92950.0
2022-12,2022-12-05,17344.0,6780.0,1572.0,8992.0,94595.0
2022-12,2022-12-06,9923.0,4212.0,2104.0,3607.0,55101.0
2022-12,2022-12-07,11631.0,5657.0,1974.0,4000.0,58022.0
2022-12,2022-12-08,12517.0,5242.0,854.0,6421.0,63779.0
2022-12,2022-12-09,14937.0,8307.0,0.0,6630.0,65565.0
2022-12,2022-12-10,20160.0,12029.0,64.0,8067.0,59988.0
2022-12,2022-12-11,26277.0,12597.0,1339.0,12341.0,69912.0
2022-12,2022-12-12,10375.0,3650.0,152.0,6573.0,59212.0
2022-12,2022-12-13,10865.0,5026.0,0.0,5839.0,40312.0
2022-12,2022-12-14,12370.0,4635.0,1402.0,6333.0,45385.0
2022-12,2022-12-15,10561.0,6667.0,877.0,3017.0,27649.0
2022-12,2022-12-16,10290.0,4322.0,352.0,5616.0,29232.0
2022-12,2022-12-17,18614.0,9042.0,1412.0,8160.0,27282.0
2022-12,2022-12-18,17555.0,8083.0,3972.0,5500.0,29000.0
2022-12,2022-12-19,14732.0,5860.0,420.0,8452.0,32317.0
2022-12,2022-12-20,12508.0,3485.0,623.0,8400.0,38461.0
2022-12,2022-12-21,11591.0,3225.0,1733.0,6633.0,42337.0
2022-12,2022-12-22,10630.0,5506.0,257.0,4867.0,42470.0
2022-12,2022-12-23,17216.0,6935.0,0.0,10281.0,43400.0
2022-12,2022-12-24,18966.0,10832.0,1543.0,6591.0,42585.0
2022-12,2022-12-25,23260.0,12382.0,3755.0,7123.0,45852.0
2022-12,2022-12-26,14846.0,6139.0,3362.0,5345.0,41724.0
2022-12,2022-12-27,22051.0,10988.0,3249.0,7814.0,48069.0
2022-12,2022-12-28,22515.0,6864.0,3581.0,12070.0,55068.0
2022-12,2022-12-29,18261.0,10023.0,1557.0,6681.0,58399.0
2022-12,2022-12-30,13557.0,3737.0,1849.0,7971.0,60052.0
2022-12,2022-12-31,24354.0,10196.0,1496.0,12662.0,67885.0
2022-11,2022-11-01,19658.0,8151.0,2168.0,9339.0,78449.0
2022-11,2022-11-02,15610.0,5983.0,1900.0,7727.0,82291.0
2022-11,2022-11-03,13332.0,5277.0,368.0,7687.0,72528.0
2022-11,2022-11-04,14824.0,6229.0,1318.0,7277.0,78433.0
2022-11,2022-11-05,19624.0,10206.0,1203.0,8215.0,80501.0
2022-11,2022-11-06,20907.0,6454.0,3482.0,10971.0,90359.0
2022-11,2022-11-07,14838.0,4924.0,1346.0,8568.0,60030.0
2022-11,2022-11-08,16430.0,9600.0,804.0,6026.0,65689.0
2022-11,2022-11-09,15584.0,2943.0,2089.0,10552.0,73848.0
2022-11,2022-11-10,12553.0,5215.0,1892.0,5446.0,78515.0
2022-11,2022-11-11,12476.0,5905.0,1390.0,5181.0,64888.0
2022-11,2022-11-12,19771.0,10983.0,392.0,8396.0,66276.0
2022-11,2022-11-13,16758.0,8519.0,0.0,8239.0,27572.0
2022-11,2022-11-14,12978.0,4085.0,1780.0,7113.0,26629.0
2022-11,2022-11-15,8955.0,4547.0,0.0,4408.0,30165.0
2022-11,2022-11-16,13560.0,1404.0,6804.0,5352.0,34394.0
2022-11,2022-11-17,11077.0,5826.0,0.0,5251.0,34281.0
2022-11,2022-11-18,12708.0,4601.0,1345.0,6762.0,37442.0
2022-11,2022-11-19,20980.0,11664.0,2117.0,7199.0,40378.0
2022-11,2022-11-20,12173.0,3874.0,1501.0,6798.0,45184.0
2022-11,2022-11-21,13071.0,5674.0,690.0,6707.0,50732.0
2022-11,2022-11-22,13819.0,4679.0,2930.0,6210.0,49250.0
2022-11,2022-11-23,15697.0,4759.0,2141.0,8797.0,53070.0
2022-11,2022-11-24,14120.0,6494.0,188.0,7438.0,54871.0
2022-11,2022-11-25,18350.0,5085.0,460.0,12805.0,65748.0
2022-11,2022-11-26,21130.0,9307.0,1361.0,10462.0,72510.0
2022-11,2022-11-27,14312.0,4891.0,1459.0,7962.0,76091.0
2022-11,2022-11-28,12466.0,6057.0,629.0,5780.0,80628.0
2022-11,2022-11-29,9086.0,2945.0,1336.0,4805.0,81633.0
2022-11,2022-11-30,11576.0,5902.0,1922.0,3752.0,83019.0
2022-10,2022-10-01,23262.0,10002.0,2021.0,11239.0,65084.0
2022-10,2022-10-02,21452.0,10690.0,1195.0,9567.0,73885.0
2022-10,2022-10-03,22975.0,7626.0,1751.0,13598.0,84505.0
2022-10,2022-10-04,18230.0,9909.0,2787.0,5534.0,87517.0
2022-10,2022-10-05,19757.0,12593.0,812.0,6352.0,58956.0
2022-10,2022-10-06,12401.0,5442.0,1010.0,5949.0,62877.0
2022-10,2022-10-07,9935.0,3430.0,2100.0,4405.0,66377.0
2022-10,2022-10-08,18649.0,8537.0,973.0,9139.0,70884.0
2022-10,2022-10-09,12467.0,6777.0,0.0,5690.0,73209.0
2022-10,2022-10-10,12110.0,3915.0,0.0,8195.0,71791.0
2022-10,2022-10-11,59001.0,18292.0,2672.0,38037.0,62924.0
2022-10,2022-10-12,18890.0,1727.0,3972.0,13191.0,52317.0
2022-10,2022-10-13,8368.0,2689.0,1947.0,3732.0,18070.0
2022-10,2022-10-14,16552.0,9037.0,1040.0,6475.0,19749.0
2022-10,2022-10-15,15877.0,6901.0,2397.0,6579.0,22981.0
2022-10,2022-10-16,13312.0,3864.0,1081.0,8367.0,27924.0
2022-10,2022-10-17,13204.0,3582.0,999.0,8623.0,33117.0
2022-10,2022-10-18,14192.0,3789.0,631.0,9772.0,41483.0
2022-10,2022-10-19,10124.0,3499.0,1453.0,5172.0,40044.0
2022-10,2022-10-20,14072.0,2683.0,2147.0,9242.0,42843.0
2022-10,2022-10-21,12336.0,3661.0,770.0,7905.0,30097.0
2022-10,2022-10-22,25466.0,14080.0,389.0,10997.0,36815.0
2022-10,2022-10-23,17027.0,8729.0,939.0,7359.0,32525.0
2022-10,2022-10-24,28287.0,11557.0,4368.0,12362.0,38260.0
2022-10,2022-10-25,14356.0,2040.0,3639.0,8677.0,38556.0
2022-10,2022-10-26,12188.0,5494.0,0.0,6694.0,41109.0
2022-10,2022-10-27,16724.0,7069.0,1129.0,8526.0,46699.0
2022-10,2022-10-28,14017.0,5467.0,389.0,8161.0,53432.0
2022-10,2022-10-29,21088.0,9602.0,389.0,11097.0,63245.0
2022-10,2022-10-30,21641.0,8805.0,1895.0,10941.0,69690.0
2022-10,2022-10-31,15120.0,6375.0,2153.0,6592.0,70727.0
2022-09,2022-09-01,23700.0,4457.0,4205.0,15038.0,83804.0
2022-09,2022-09-02,12708.0,5582.0,2228.0,4898.0,78782.0
2022-09,2022-09-03,23366.0,7291.0,1957.0,14118.0,90423.0
2022-09,2022-09-04,23507.0,12494.0,4579.0,6434.0,92583.0
2022-09,2022-09-05,16468.0,4262.0,1924.0,10282.0,95128.0
2022-09,2022-09-06,13965.0,6658.0,1621.0,5686.0,99415.0
2022-09,2022-09-07,24365.0,8165.0,3233.0,12967.0,106535.0
2022-09,2022-09-08,26864.0,12196.0,2258.0,12410.0,116201.0
2022-09,2022-09-09,27110.0,14125.0,1081.0,11904.0,125173.0
2022-09,2022-09-10,26293.0,8462.0,4482.0,13349.0,29998.0
2022-09,2022-09-11,23753.0,12211.0,0.0,11542.0,37106.0
2022-09,2022-09-12,11661.0,2496.0,226.0,8939.0,38809.0
2022-09,2022-09-13,12823.0,2033.0,1173.0,9617.0,45200.0
2022-09,2022-09-14,10545.0,4407.0,716.0,5422.0,34637.0
2022-09,2022-09-15,14486.0,5878.0,2047.0,6561.0,38935.0
2022-09,2022-09-16,14621.0,7231.0,806.0,6584.0,41423.0
2022-09,2022-09-17,17046.0,5038.0,2902.0,9106.0,47303.0
2022-09,2022-09-18,16800.0,5607.0,1103.0,10090.0,51635.0
2022-09,2022-09-19,10511.0,3745.0,722.0,6044.0,56661.0
2022-09,2022-09-20,8283.0,1359.0,490.0,6434.0,60992.0
2022-09,2022-09-21,12721.0,5282.0,156.0,7283.0,61107.0
2022-09,2022-09-22,12409.0,4883.0,1151.0,6375.0,67170.0
2022-09,2022-09-23,8771.0,3715.0,1266.0,3790.0,55551.0
2022-09,2022-09-24,14666.0,10282.0,320.0,4064.0,56500.0
2022-09,2022-09-25,13861.0,7450.0,0.0,6411.0,54792.0
2022-09,2022-09-26,12271.0,5539.0,629.0,6103.0,60109.0
2022-09,2022-09-27,8921.0,3124.0,1630.0,4167.0,60842.0
2022-09,2022-09-28,9514.0,3336.0,633.0,5545.0,58980.0
2022-09,2022-09-29,14146.0,6119.0,352.0,7675.0,64844.0
2022-09,2022-09-30,13772.0,9461.0,352.0,3959.0,63032.0
2022-08,2022-08-01,14867.0,1099.0,5751.0,8017.0,44471.0
2022-08,2022-08-02,8984.0,3490.0,0.0,5494.0,47868.0
2022-08,2022-08-03,15674.0,1876.0,4033.0,9765.0,51089.0
2022-08,2022-08-04,16986.0,6546.0,219.0,10221.0,46452.0
2022-08,2022-08-05,19661.0,5007.0,1462.0,13192.0,50812.0
2022-08,2022-08-06,22626.0,9120.0,0.0,13506.0,63040.0
2022-08,2022-08-07,31149.0,11384.0,114.0,19651.0,80855.0
2022-08,2022-08-08,15642.0,597.0,6737.0,8308.0,83839.0
2022-08,2022-08-09,15418.0,4513.0,1619.0,9286.0,89404.0
2022-08,2022-08-10,14861.0,6825.0,612.0,7424.0,67080.0
2022-08,2022-08-11,22600.0,8911.0,1737.0,11952.0,26095.0
2022-08,2022-08-12,16451.0,8215.0,2988.0,5248.0,29195.0
2022-08,2022-08-13,25681.0,10052.0,1697.0,13932.0,41009.0
2022-08,2022-08-14,34012.0,13854.0,2415.0,17743.0,57018.0
2022-08,2022-08-15,20315.0,4052.0,8023.0,8240.0,42068.0
2022-08,2022-08-16,14383.0,3841.0,406.0,10136.0,44331.0
2022-08,2022-08-17,11986.0,2468.0,0.0,9518.0,50767.0
2022-08,2022-08-18,11997.0,2987.0,2734.0,6276.0,55185.0
2022-08,2022-08-19,13025.0,5138.0,480.0,7407.0,61479.0
2022-08,2022-08-20,19249.0,4404.0,5271.0,9574.0,66406.0
2022-08,2022-08-21,14844.0,6175.0,2928.0,5741.0,69415.0
2022-08,2022-08-22,17426.0,6752.0,497.0,10177.0,76142.0
2022-08,2022-08-23,10744.0,4827.0,2115.0,3802.0,76397.0
2022-08,2022-08-24,11824.0,6374.0,0.0,5450.0,63792.0
2022-08,2022-08-25,12160.0,5938.0,0.0,6222.0,64511.0
2022-08,2022-08-26,12348.0,6482.0,1191.0,4675.0,46438.0
2022-08,2022-08-27,20855.0,8839.0,2425.0,9591.0,50819.0
2022-08,2022-08-28,18417.0,5220.0,2437.0,10760.0,59501.0
2022-08,2022-08-29,18108.0,5472.0,1186.0,11450.0,63248.0
2022-08,2022-08-30,13636.0,7794.0,414.0,5428.0,67459.0
2022-08,2022-08-31,12694.0,4790.0,1078.0,6826.0,71317.0
2022-07,2022-07-01,21299.0,8825.0,1322.0,11152.0,22540.0
2022-07,2022-07-02,22368.0,8207.0,1754.0,12407.0,32334.0
2022-07,2022-07-03,21807.0,8816.0,2102.0,10889.0,40058.0
2022-07,2022-07-04,11216.0,5212.0,802.0,5202.0,17665.0
2022-07,2022-07-05,20756.0,8508.0,1092.0,11156.0,28821.0
2022-07,2022-07-06,16091.0,4068.0,2526.0,9497.0,35382.0
2022-07,2022-07-07,15776.0,5167.0,1145.0,9464.0,41762.0
2022-07,2022-07-08,16501.0,5634.0,536.0,10331.0,36463.0
2022-07,2022-07-09,26829.0,11293.0,2130.0,13406.0,27049.0
2022-07,2022-07-10,24883.0,7620.0,800.0,16463.0,36763.0
2022-07,2022-07-11,25715.0,9422.0,1258.0,15035.0,22189.0
2022-07,2022-07-12,14904.0,6748.0,991.0,7165.0,16499.0
2022-07,2022-07-13,16311.0,6739.0,824.0,8748.0,24277.0
2022-07,2022-07-14,18521.0,6217.0,2049.0,10255.0,28834.0
2022-07,2022-07-15,20565.0,7788.0,3250.0,9527.0,37061.0
2022-07,2022-07-16,19858.0,4282.0,347.0,15229.0,26510.0
2022-07,2022-07-17,23727.0,6320.0,2326.0,15081.0,38691.0
2022-07,2022-07-18,20893.0,4992.0,4258.0,11643.0,46577.0
2022-07,2022-07-19,16924.0,5591.0,874.0,10459.0,54316.0
2022-07,2022-07-20,14668.0,2807.0,3080.0,8781.0,61607.0
2022-07,2022-07-21,12358.0,3665.0,803.0,7890.0,69069.0
2022-07,2022-07-22,20301.0,4896.0,3670.0,11735.0,26874.0
2022-07,2022-07-23,25453.0,11200.0,2063.0,12190.0,28443.0
2022-07,2022-07-24,26257.0,13841.0,2433.0,9983.0,37926.0
2022-07,2022-07-25,8763.0,1702.0,0.0,7061.0,38607.0
2022-07,2022-07-26,16289.0,4788.0,3140.0,8361.0,26531.0
2022-07,2022-07-27,15591.0,3834.0,219.0,11538.0,29947.0
2022-07,2022-07-28,17646.0,5307.0,378.0,11961.0,34827.0
2022-07,2022-07-29,12960.0,4412.0,354.0,8194.0,40512.0
2022-07,2022-07-30,23482.0,7640.0,3527.0,12315.0,27233.0
2022-07,2022-07-31,19662.0,5658.0,1033.0,12971.0,39021.0
2022-06,2022-06-01,17925.0,4466.0,2552.0,10907.0,101789.0
2022-06,2022-06-02,14933.0,6994.0,1384.0,6555.0,104024.0
2022-06,2022-06-03,11724.0,4296.0,1522.0,5906.0,108551.0
2022-06,2022-06-04,22886.0,10127.0,2830.0,9929.0,115628.0
2022-06,2022-06-05,18659.0,6911.0,3941.0,7807.0,6179.0
2022-06,2022-06-06,18901.0,6629.0,3487.0,8785.0,6587.0
2022-06,2022-06-07,13721.0,5768.0,1815.0,6138.0,11575.0
2022-06,2022-06-08,10030.0,2682.0,445.0,6903.0,17545.0
2022-06,2022-06-09,17400.0,6486.24,3601.0,7312.76,21303.0
2022-06,2022-06-10,21146.0,8266.0,1839.0,11041.0,29089.0
2022-06,2022-06-11,19442.0,7995.0,2184.0,9263.0,36132.0
2022-06,2022-06-12,20242.0,9350.0,441.0,10451.0,42218.0
2022-06,2022-06-13,16872.0,6079.0,709.0,10084.0,49379.0
2022-06,2022-06-14,15152.0,5735.0,497.0,8920.0,57419.0
2022-06,2022-06-15,12844.0,4761.0,0.0,8083.0,52121.0
2022-06,2022-06-16,21079.0,6254.0,1956.0,12869.0,54839.0
2022-06,2022-06-17,16749.0,5832.0,3693.0,7224.0,53488.0
2022-06,2022-06-18,18520.0,4993.0,1979.0,11548.0,4339.0
2022-06,2022-06-19,12789.0,2825.0,856.0,9108.0,11760.0
2022-06,2022-06-20,9144.0,2502.0,755.0,5887.0,9860.0
2022-06,2022-06-21,14880.0,3996.0,1124.0,9760.0,18440.0
2022-06,2022-06-22,13102.0,3529.0,562.0,9011.0,24362.0
2022-06,2022-06-23,12534.0,3471.0,1325.0,7738.0,27411.0
2022-06,2022-06-24,8958.0,5332.0,0.0,3626.0,9087.0
2022-06,2022-06-25,23542.0,7878.0,2821.0,12843.0,16276.0
2022-06,2022-06-26,16829.0,10152.0,0.0,6677.0,21726.0
2022-06,2022-06-27,8298.0,2746.0,446.0,5106.0,9856.0
2022-06,2022-06-28,8436.0,2996.0,576.0,4864.0,14071.0
2022-06,2022-06-29,9472.0,3209.0,950.0,5313.0,7685.0
2022-06,2022-06-30,12481.0,2449.0,633.0,9399.0,14050.0
