item_name,category,subcategory,matched_term,match_score
BREAD PREMIX,BAKERY & PREMIX,bread premix,bread premix,1.0
Bread Premix,BAKERY & PREMIX,bread premix,bread premix,1.0
Bread Primix,BAKERY & PREMIX,bread primix,bread primix,1.0
Bread Primix-1kg,BAKERY & PREMIX,bread primix,bread primix,0.92
Brownie,BAKERY & PREMIX,brownie,brownie,1.0
Browny,BAKERY & PREMIX,browny,browny,1.0
Browny-1kg,BAKERY & PREMIX,browny,browny,0.92
Looco'S-Browny-1Kg,BAKERY & PREMIX,browny,browny,0.92
Looco'S-Pizza Primix-1Kg,BAKERY & PREMIX,pizza premix,pizza premix,0.6111
PIZZA PREMIX,BAKERY & PREMIX,pizza premix,pizza premix,1.0
Pizza Premix,BAKERY & PREMIX,pizza premix,pizza premix,1.0
Pizza Primix,BAKERY & PREMIX,pizza premix,pizza premix,0.9167
Pizza Primix-1kg,BAKERY & PREMIX,pizza premix,pizza premix,0.7857
Royal HyperMarket-Hersheys Cocoa powder,BAKERY & PREMIX,cocoa powder,cocoa powder,0.92
bred premix,BAKERY & PREMIX,bread premix,bread premix,0.9565
burger bun 4,BAKERY & PREMIX,burger bun,burger bun,0.92
burger buns,BAKERY & PREMIX,burger bun,burger bun,0.9524
chocolate chips,BAKERY & PREMIX,chocolate chips,chocolate chips,1.0
7UP 1250ml Pet,BEVERAGES,7up,7up,0.92
7UP 250 PET,BEVERAGES,7up,7up,0.92
7UP 750 PET,BEVERAGES,7up,7up,0.92
7UP 750ml Pet,BEVERAGES,7up,7up,0.92
7up 1 ltr,BEVERAGES,7up,7up,0.92
7up 250ml Can,BEVERAGES,7up,7up,0.92
7up 250ml Pet,BEVERAGES,7up,7up,0.92
7up 250ml can,BEVERAGES,7up,7up,0.92
7up 600ml,BEVERAGES,7up,7up,0.92
7up can,BEVERAGES,7up,7up,0.95
7up can 300ml,BEVERAGES,7up,7up,0.92
7up can-250ml,BEVERAGES,7up,7up,0.92
7up pet,BEVERAGES,7up,7up,0.95
7up pet 750ml,BEVERAGES,7up,7up,0.92
7up pet-1250ml,BEVERAGES,7up,7up,0.92
7up pet-250ml,BEVERAGES,7up,7up,0.92
7up pet-750ml,BEVERAGES,7up,7up,0.92
7up zero sugar 400ml,BEVERAGES,7up,7up,0.92
7up750mlpet,BEVERAGES,7up,7up,0.92
Aqua Fina,BEVERAGES,aqua fina,aqua fina,1.0
Aqua Fina 1.0 L,BEVERAGES,aqua fina,aqua fina,0.92
Aqua Fina Mineral Water 1Ltr,BEVERAGES,aqua fina,aqua fina,0.92
Aqua Fina-1ltr,BEVERAGES,aqua fina,aqua fina,0.92
Blue Occean Flv Syrup,BEVERAGES,blue occean syrup,blue occean syrup,0.9
Blue Occean Flv Syrup-750ml,BEVERAGES,blue occean syrup,blue occean syrup,0.9
DVC BLUE OCCEAN FLV SYRUP 750ML,BEVERAGES,blue occean syrup,blue occean syrup,0.9
DVC Bubblegum Syrup Syrup 750 ml,BEVERAGES,bubblegum syrup,bubblegum syrup,0.92
DVC Cucumber Syrup 750 ml,BEVERAGES,cucumber syrup,cucumber syrup,0.92
DVC MOJITO MINT 750ML,BEVERAGES,mojito mint,mojito mint,0.92
DVC Mango Beverage Blend Syrup 750 ml,BEVERAGES,mango syrup,mango syrup,0.9
DVC Mixed Berry Beverage Blend Syrup 750 ml,BEVERAGES,mixed berry syrup,mixed berry syrup,0.9
DVC PASSION FRUIT FLV SYRUP 750ML,BEVERAGES,passion fruit syrup,passion fruit syrup,0.9
DVC Passion Fruit 750ML,BEVERAGES,passion fruit syrup,passion fruit syrup,0.6667
DVC Peach Garden Syrup Syrup 750 ml,BEVERAGES,peach syrup,peach syrup,0.9
DVC Peach GardenSyrup 750 ml,BEVERAGES,peach syrup,peach syrup,0.5641
DVC Strawberry Syrup 750 ml,BEVERAGES,strawberry syrup,strawberry syrup,0.92
DVC Strawberry Syrup Syrup 750 ml,BEVERAGES,strawberry syrup,strawberry syrup,0.92
Dew,BEVERAGES,dew,dew,1.0
Dew 250 PET,BEVERAGES,dew,dew,0.92
Dew 250ml Can,BEVERAGES,dew,dew,0.92
Dew 250ml Pet,BEVERAGES,dew,dew,0.92
Dew 330 ml can,BEVERAGES,dew,dew,0.92
Dew 500ml Pet,BEVERAGES,dew,dew,0.92
Dew 600 ml,BEVERAGES,dew,dew,0.92
Dew 750 PET,BEVERAGES,dew,dew,0.92
Dew 750ml Pet,BEVERAGES,dew,dew,0.92
Dew Can,BEVERAGES,dew,dew,0.95
Dew Can-250ml,BEVERAGES,dew,dew,0.92
Dew can 300ml,BEVERAGES,dew,dew,0.92
Dew-250ml,BEVERAGES,dew,dew,0.92
Dew-500ml,BEVERAGES,dew,dew,0.92
Dew-750ml,BEVERAGES,dew,dew,0.92
Dusting-cloth,BEVERAGES,sting,sting,0.92
Dvc-Blue Occean Flv Syrup-750Ml,BEVERAGES,blue occean syrup,blue occean syrup,0.9
Dvc-Bubblegum-750Ml,BEVERAGES,bubblegum syrup,bubblegum syrup,0.5882
Dvc-Mixed Berry Beverage Blend-750Ml,BEVERAGES,mixed berry syrup,mixed berry syrup,0.6
Dvc-Passion Fruit-750Ml,BEVERAGES,passion fruit syrup,passion fruit syrup,0.6667
Dvc-Peach Garden Syrup-750Ml,BEVERAGES,peach syrup,peach syrup,0.9
Dvc-Strawberry-750Ml,BEVERAGES,strawberry syrup,strawberry syrup,0.6111
Lehar Soda,BEVERAGES,lehar soda,lehar soda,1.0
Lehar Soda-750ml,BEVERAGES,lehar soda,lehar soda,0.92
MBS Traders-Hersheys Chocolate syrup,BEVERAGES,strawberry syrup,strawberry syrup,0.5385
Mirinda,BEVERAGES,mirinda,mirinda,1.0
Mirinda 250ml pet,BEVERAGES,mirinda,mirinda,0.92
Mirinda 750 PET,BEVERAGES,mirinda,mirinda,0.92
Mirinda 750ml pet,BEVERAGES,mirinda,mirinda,0.92
Mirinda-250ml,BEVERAGES,mirinda,mirinda,0.92
Mirinda-750ml,BEVERAGES,mirinda,mirinda,0.92
Mojito Menta Cubano,BEVERAGES,mojito mint,mojito mint,0.6667
Passion Fruit,BEVERAGES,passion fruit syrup,passion fruit syrup,0.92
Passion Fruit-750ml,BEVERAGES,passion fruit syrup,passion fruit syrup,0.7368
Pepsi 1250ml Pet,BEVERAGES,pepsi,pepsi,0.92
Pepsi 250 PET,BEVERAGES,pepsi,pepsi,0.92
Pepsi 250ml Can,BEVERAGES,pepsi,pepsi,0.92
Pepsi 250ml Pet,BEVERAGES,pepsi,pepsi,0.92
Pepsi 750 PET,BEVERAGES,pepsi,pepsi,0.92
Pepsi 750ml Pet,BEVERAGES,pepsi,pepsi,0.92
Pepsi Can,BEVERAGES,pepsi,pepsi,0.95
Pepsi Can-250ml,BEVERAGES,pepsi,pepsi,0.92
Pepsi pet,BEVERAGES,pepsi,pepsi,0.95
Pepsi pet-1250ml,BEVERAGES,pepsi,pepsi,0.92
Pepsi pet-250ml,BEVERAGES,pepsi,pepsi,0.92
Pepsi pet-750ml,BEVERAGES,pepsi,pepsi,0.92
Pepsi-7Up Pet-1250Ml,BEVERAGES,pepsi,pepsi,0.92
Pepsi-7Up Pet-250Ml,BEVERAGES,pepsi,pepsi,0.92
Pepsi-7Up Pet-750Ml,BEVERAGES,pepsi,pepsi,0.92
Pepsi-Aqua Fina-1Ltr,BEVERAGES,pepsi,pepsi,0.92
Pepsi-Dew-500Ml,BEVERAGES,pepsi,pepsi,0.92
Pepsi-Dew-750Ml,BEVERAGES,pepsi,pepsi,0.92
Pepsi-Lehar Soda-750Ml,BEVERAGES,pepsi,pepsi,0.92
Pepsi-Mirinda-250Ml,BEVERAGES,pepsi,pepsi,0.92
Pepsi-Mirinda-750Ml,BEVERAGES,pepsi,pepsi,0.92
Pepsi-Pepsi Pet-1250Ml,BEVERAGES,pepsi,pepsi,0.92
Pepsi-Pepsi Pet-250Ml,BEVERAGES,pepsi,pepsi,0.92
Pepsi-Pepsi Pet-750Ml,BEVERAGES,pepsi,pepsi,0.92
Pepsi-Slice Mango-250Ml,BEVERAGES,pepsi,pepsi,0.92
Pepsi-Slice Mango-600Ml,BEVERAGES,pepsi,pepsi,0.92
Slice Mango,BEVERAGES,slice mango,slice mango,1.0
Slice Mango 200ml pet,BEVERAGES,slice mango,slice mango,0.92
Slice Mango 250ml pet,BEVERAGES,slice mango,slice mango,0.92
Slice Mango 600 PET,BEVERAGES,slice mango,slice mango,0.92
Slice Mango 600ml pet,BEVERAGES,slice mango,slice mango,0.92
Slice Mango-200ml,BEVERAGES,slice mango,slice mango,0.92
Slice Mango-250ml,BEVERAGES,slice mango,slice mango,0.92
Slice Mango-600ml,BEVERAGES,slice mango,slice mango,0.92
Sting 250ml pet,BEVERAGES,sting,sting,0.92
Straw,BEVERAGES,strawberry syrup,strawberry syrup,0.92
Strawberry,BEVERAGES,strawberry syrup,strawberry syrup,0.92
Strawberry sause 750,BEVERAGES,strawberry syrup,strawberry syrup,0.7222
Tropicana Guava Delight,BEVERAGES,tropicana guava,tropicana guava,0.92
Tropicana Guava Delight 500ml,BEVERAGES,tropicana guava,tropicana guava,0.92
Tropicana Mixed Fruit Delight,BEVERAGES,tropicana mixed fruit,tropicana mixed fruit,0.92
dew 750 ml,BEVERAGES,dew,dew,0.92
dew can300ml,BEVERAGES,dew,dew,0.92
drinking water-20ltr,BEVERAGES,drinking water,drinking water,0.92
mojito,BEVERAGES,mojito mint,mojito mint,0.92
pepsi 1 ltr,BEVERAGES,pepsi,pepsi,0.92
pepsi 600 ml,BEVERAGES,pepsi,pepsi,0.92
pepsi can 330ml,BEVERAGES,pepsi,pepsi,0.92
pepsi can300ml,BEVERAGES,pepsi,pepsi,0.92
pepsi diet 400ml,BEVERAGES,pepsi,pepsi,0.92
slice 250ml,BEVERAGES,slice mango,slice mango,0.6364
slice 350 ml,BEVERAGES,slice mango,slice mango,0.6087
slice 350ml,BEVERAGES,slice mango,slice mango,0.6364
slice 600ml pet,BEVERAGES,slice mango,slice mango,0.5385
slice mango 250ml pet,BEVERAGES,slice mango,slice mango,0.92
slice mango 600ml,BEVERAGES,slice mango,slice mango,0.92
straw,BEVERAGES,strawberry syrup,strawberry syrup,0.92
tropicana guava 180ml,BEVERAGES,tropicana guava,tropicana guava,0.92
tropicana juice,BEVERAGES,tropicana guava,tropicana guava,0.7333
water 20ltr with botl,BEVERAGES,water 20l,water 20l,0.92
water melon,BEVERAGES,water 20l,water 20l,0.7
AMUL Mozzarella Cheese Block 1Kg,CHEESE & DAIRY,mozzarella,mozzarella,0.92
AMUL Mozzarella Diced 1Kg,CHEESE & DAIRY,mozzarella,mozzarella,0.92
Amul Diced Mozzerella Cheese,CHEESE & DAIRY,mozzerella,mozzerella,0.92
Amul-Mozzarella Diced Cheese-1Kg,CHEESE & DAIRY,mozzarella,mozzarella,0.92
Butter,CHEESE & DAIRY,butter,butter,1.0
Butter Scotch Ice-cream,CHEESE & DAIRY,butter,butter,0.92
Butter Scotch Sauce 750ml,CHEESE & DAIRY,butter,butter,0.92
Butter Scotch Sauce-750ml,CHEESE & DAIRY,butter,butter,0.92
Chocolate Ice-cream,CHEESE & DAIRY,fresh cream,fresh cream,0.9
Chocolate Ice-cream 4ltr,CHEESE & DAIRY,fresh cream,fresh cream,0.9
Citymart Supermarket-Milk 450ml-,CHEESE & DAIRY,milk,milk,0.92
Curd-Elanad-500ml,CHEESE & DAIRY,curd,curd,0.92
Curd-Sheethal-400g,CHEESE & DAIRY,curd,curd,0.92
Double Cream-Rich-1kg,CHEESE & DAIRY,double cream,double cream,0.92
Fathima Super Market-Curd Milma,CHEESE & DAIRY,curd,curd,0.92
Fathima Super Market-MILK MIlma-,CHEESE & DAIRY,milk,milk,0.92
Fathima Super Market-Milk Milma,CHEESE & DAIRY,milk,milk,0.92
Fathima Super Market-Milk Milma-,CHEESE & DAIRY,milk,milk,0.92
Fathima Super Market-Milk milma-,CHEESE & DAIRY,milk,milk,0.92
Fathima Super Market-butter paper-,CHEESE & DAIRY,butter,butter,0.92
Fathima Super Market-milk milma-,CHEESE & DAIRY,milk,milk,0.92
Flexi Cream Gold,CHEESE & DAIRY,fresh cream,fresh cream,0.9
Flexi Cream Gold-1kg,CHEESE & DAIRY,fresh cream,fresh cream,0.9
Flexi-Flexi Cream Gold-1Kg,CHEESE & DAIRY,fresh cream,fresh cream,0.9
GO Colby Cheese Block 2kg,CHEESE & DAIRY,colby cheese,colby cheese,0.92
GO Orange Cheddar Cheese 2kg,CHEESE & DAIRY,cheddar cheese,cheddar cheese,0.92
GO-Monterey Jack Cheese-2kg,CHEESE & DAIRY,monterey jack,monterey jack,0.92
Go Mozzerella Cheese,CHEESE & DAIRY,mozzerella,mozzerella,0.92
Gouda Cheese,CHEESE & DAIRY,gouda cheese,gouda cheese,1.0
Gouda Cheese-1kg,CHEESE & DAIRY,gouda cheese,gouda cheese,0.92
Local Purchase-Curd Milma,CHEESE & DAIRY,curd,curd,0.92
Local Purchase-Curd Milma-,CHEESE & DAIRY,curd,curd,0.92
Local Purchase-MILK,CHEESE & DAIRY,milk,milk,0.92
Local Purchase-Milk 450ml,CHEESE & DAIRY,milk,milk,0.92
Local Purchase-Milk Milma,CHEESE & DAIRY,milk,milk,0.92
Local Purchase-Milk Milma-,CHEESE & DAIRY,milk,milk,0.92
Local Purchase-Milk milma,CHEESE & DAIRY,milk,milk,0.92
Local Purchase-Milk milma-,CHEESE & DAIRY,milk,milk,0.92
Local Purchase-Paneer,CHEESE & DAIRY,paneer,paneer,0.92
Local Purchase-Paneer And Butter,CHEESE & DAIRY,butter,butter,0.92
Local Purchase-butter paper,CHEESE & DAIRY,butter,butter,0.92
Local Purchase-milk,CHEESE & DAIRY,milk,milk,0.92
Local Purchase-milk 500 ml-,CHEESE & DAIRY,milk,milk,0.92
Local Purchase-milk 525 ml-,CHEESE & DAIRY,milk,milk,0.92
Local Purchase-milk Milma,CHEESE & DAIRY,milk,milk,0.92
Local Purchase-milk Milma Toned,CHEESE & DAIRY,milk,milk,0.92
Local Purchase-milk milma,CHEESE & DAIRY,milk,milk,0.92
Local Purchase-milk milma-,CHEESE & DAIRY,milk,milk,0.92
Local Purchase-milk-,CHEESE & DAIRY,milk,milk,0.92
Looco'S-Paneer Tikka Butter Masala -1Kg,CHEESE & DAIRY,butter,butter,0.92
MBS Traders-Butter Sheets,CHEESE & DAIRY,butter,butter,0.92
MBS Traders-butter paper,CHEESE & DAIRY,butter,butter,0.92
MBS Traders-butter paper-,CHEESE & DAIRY,butter,butter,0.92
Milk,CHEESE & DAIRY,milk,milk,1.0
Milk Maid 400ml,CHEESE & DAIRY,milk,milk,0.92
Milk-Elanad-500ml,CHEESE & DAIRY,milk,milk,0.92
Milk-Milma,CHEESE & DAIRY,milk,milk,0.92
Milk-Sheethal-450ml,CHEESE & DAIRY,milk,milk,0.92
Milky Mist-Mozzarella Diced Cheese-2Kg,CHEESE & DAIRY,mozzarella,mozzarella,0.92
Milky Mist-Processed Cheese Block-1Kg,CHEESE & DAIRY,processed cheese,processed cheese,0.92
MilkyMist-Mozzarella Cheese-shredded-2kg,CHEESE & DAIRY,mozzarella,mozzarella,0.92
Milkymist Cheese BLock 1KG,CHEESE & DAIRY,milk,milk,0.92
Mittai-Milk-Amul,CHEESE & DAIRY,milk,milk,0.92
Mozzarella Diced Cheese,CHEESE & DAIRY,mozzarella,mozzarella,0.92
Mozzarella Diced Cheese-1kg,CHEESE & DAIRY,mozzarella,mozzarella,0.92
Orange Cheddar cheese-2kg,CHEESE & DAIRY,cheddar cheese,cheddar cheese,0.92
Paneer,CHEESE & DAIRY,paneer,paneer,1.0
Paneer Tikka Butter Masala,CHEESE & DAIRY,butter,butter,0.92
Paneer Tikka Butter Masala -1kg,CHEESE & DAIRY,butter,butter,0.92
Paneer tikka masala,CHEESE & DAIRY,paneer,paneer,0.92
Processed cheese block,CHEESE & DAIRY,processed cheese,processed cheese,0.92
Processed cheese block-1kg,CHEESE & DAIRY,processed cheese,processed cheese,0.92
Richs versatie cream,CHEESE & DAIRY,fresh cream,fresh cream,0.9
Srinivasan-Butter Scotch Ice Cream,CHEESE & DAIRY,butter,butter,0.92
Srinivasan-Chocolate Ice Cream,CHEESE & DAIRY,fresh cream,fresh cream,0.9
Srinivasan-Chocolate Ice Cream -,CHEESE & DAIRY,fresh cream,fresh cream,0.9
Srinivasan-Strawberry Ice cream,CHEESE & DAIRY,fresh cream,fresh cream,0.9
Srinivasan-Vanilla Ice Cream,CHEESE & DAIRY,fresh cream,fresh cream,0.9
Srinivasan-Vanilla Ice Cream-,CHEESE & DAIRY,fresh cream,fresh cream,0.9
Strawberry-Ice cream,CHEESE & DAIRY,fresh cream,fresh cream,0.9
Transportation-gouda cheese-,CHEESE & DAIRY,gouda cheese,gouda cheese,0.92
Vanilla Ice-cream,CHEESE & DAIRY,fresh cream,fresh cream,0.9
Vanilla Ice-cream 4ltr,CHEESE & DAIRY,fresh cream,fresh cream,0.9
Veeba-Gouda Cheese-1Kg,CHEESE & DAIRY,gouda cheese,gouda cheese,0.92
amul diced mozzrella,CHEESE & DAIRY,diced mozzarella,diced mozzarella,0.8333
babu palakkad-BUTTER,CHEESE & DAIRY,butter,butter,0.92
babu palakkad-Butter,CHEESE & DAIRY,butter,butter,0.92
babu palakkad-Butter-,CHEESE & DAIRY,butter,butter,0.92
babu palakkad-butter,CHEESE & DAIRY,butter,butter,0.92
babu palakkad-butter-,CHEESE & DAIRY,butter,butter,0.92
babu palakkad-paneer,CHEESE & DAIRY,paneer,paneer,0.92
babu palakkad-paneer-,CHEESE & DAIRY,paneer,paneer,0.92
butter,CHEESE & DAIRY,butter,butter,1.0
cheese jalapeno dip,CHEESE & DAIRY,cheese jalapeno dip,cheese jalapeno dip,1.0
colby cheese 1 kg,CHEESE & DAIRY,colby cheese,colby cheese,0.92
curd,CHEESE & DAIRY,curd,curd,1.0
curd local,CHEESE & DAIRY,curd,curd,0.92
curd milma,CHEESE & DAIRY,curd,curd,0.92
dynamic cheddar block,CHEESE & DAIRY,orange cheddar,orange cheddar,0.9
dynamic diced mozerella,CHEESE & DAIRY,diced mozzarella,diced mozzarella,0.7179
dynamix butter,CHEESE & DAIRY,butter,butter,0.92
dynamix shredded cheese,CHEESE & DAIRY,cheddar cheese,cheddar cheese,0.5946
dynamix slice cheese,CHEESE & DAIRY,slice cheese,slice cheese,0.92
five Star Traders-milk maid,CHEESE & DAIRY,milk,milk,0.92
five Star Traders-milk maid-,CHEESE & DAIRY,milk,milk,0.92
fruits and milk,CHEESE & DAIRY,milk,milk,0.92
ice cream vanilla,CHEESE & DAIRY,fresh cream,fresh cream,0.9
malas butterscotch crush,CHEESE & DAIRY,butter,butter,0.92
mbS Traders-butter paper,CHEESE & DAIRY,butter,butter,0.92
milk,CHEESE & DAIRY,milk,milk,1.0
milk 26,CHEESE & DAIRY,milk,milk,0.92
milk 28 milma,CHEESE & DAIRY,milk,milk,0.92
milk 30,CHEESE & DAIRY,milk,milk,0.92
milk choco,CHEESE & DAIRY,milk,milk,0.92
milk choco 180 ml,CHEESE & DAIRY,milk,milk,0.92
milk coffee 180ml,CHEESE & DAIRY,milk,milk,0.92
milk fruits sugar balls,CHEESE & DAIRY,milk,milk,0.92
milk kesar badam 180ml,CHEESE & DAIRY,milk,milk,0.92
milk maid,CHEESE & DAIRY,milk maid,milk maid,1.0
milk rose,CHEESE & DAIRY,milk,milk,0.92
milk shake assorted,CHEESE & DAIRY,milk,milk,0.92
milk shake coffee,CHEESE & DAIRY,milk,milk,0.92
milk vanilla 180ml,CHEESE & DAIRY,milk,milk,0.92
milk-Milma-525ml,CHEESE & DAIRY,milk,milk,0.92
milky mist butter 500gm,CHEESE & DAIRY,butter,butter,0.92
milky mist cheese block 500gm,CHEESE & DAIRY,milk,milk,0.92
milky mist diced mozerella,CHEESE & DAIRY,milk,milk,0.92
paneer,CHEESE & DAIRY,paneer,paneer,1.0
paneer tikka powder,CHEESE & DAIRY,paneer,paneer,0.92
pristene cookig cream,CHEESE & DAIRY,fresh cream,fresh cream,0.9
slice cheese,CHEESE & DAIRY,slice cheese,slice cheese,1.0
Ant repellent powder,CLEANING SUPPLIES,ant powder,ant powder,0.9
Brush,CLEANING SUPPLIES,brush,brush,1.0
Brush-Small,CLEANING SUPPLIES,brush,brush,0.95
Brush-Wash-Basin,CLEANING SUPPLIES,brush,brush,0.92
Dishwash-Liquid,CLEANING SUPPLIES,dishwash liquid,dishwash liquid,1.0
Duster,CLEANING SUPPLIES,duster,duster,1.0
Exo Dishwash cake,CLEANING SUPPLIES,dishwash cake,dishwash cake,0.92
Exo Dishwash cake big,CLEANING SUPPLIES,dishwash cake,dishwash cake,0.92
Exo Steel Wool,CLEANING SUPPLIES,steel wool,steel wool,0.92
Exo sponge,CLEANING SUPPLIES,sponge,sponge,0.92
Fathima Super Market-soap powder,CLEANING SUPPLIES,soap powder,soap powder,0.92
Floor Cleaning Liquid Soad,CLEANING SUPPLIES,floor cleaning liquid,floor cleaning liquid,0.92
Local Purchase-Duster-,CLEANING SUPPLIES,duster,duster,0.92
Local Purchase-Scrubber,CLEANING SUPPLIES,scrubber,scrubber,0.92
Local Purchase-cockroach chalk,CLEANING SUPPLIES,cockroach chalk,cockroach chalk,0.92
Local Purchase-plactic scrubber,CLEANING SUPPLIES,scrubber,scrubber,0.92
Local Purchase-plastic scrubber,CLEANING SUPPLIES,scrubber,scrubber,0.92
Local Purchase-plastic scrubber-,CLEANING SUPPLIES,scrubber,scrubber,0.92
Local Purchase-soap powder,CLEANING SUPPLIES,soap powder,soap powder,0.92
Local Purchase-soap powder-,CLEANING SUPPLIES,soap powder,soap powder,0.92
MBS Traders-exo dishwash cake,CLEANING SUPPLIES,dishwash cake,dishwash cake,0.92
Mop Cotton,CLEANING SUPPLIES,mop,mop,0.92
Mop stick,CLEANING SUPPLIES,mop,mop,0.92
Mop with Stick,CLEANING SUPPLIES,mop,mop,0.92
Soap Powder Small Pkt,CLEANING SUPPLIES,soap powder,soap powder,0.95
Soap Powder-500g,CLEANING SUPPLIES,soap powder,soap powder,0.92
Toilet cleaner-Acid,CLEANING SUPPLIES,toilet cleaner,toilet cleaner,0.92
Washing Powder 500G,CLEANING SUPPLIES,washing powder,washing powder,0.92
Wiper-Arafa,CLEANING SUPPLIES,wiper,wiper,0.92
ant powder,CLEANING SUPPLIES,ant powder,ant powder,1.0
cockroach killer chalk,CLEANING SUPPLIES,cockroach chalk,cockroach chalk,0.9
five Star Traders-exo dishwash cake,CLEANING SUPPLIES,dishwash cake,dishwash cake,0.92
five Star Traders-plastic scrubber-,CLEANING SUPPLIES,scrubber,scrubber,0.92
five Star Traders-soap powder,CLEANING SUPPLIES,soap powder,soap powder,0.92
five Star Traders-soap powder-,CLEANING SUPPLIES,soap powder,soap powder,0.92
hit spray,CLEANING SUPPLIES,hit spray,hit spray,1.0
hit spray big,CLEANING SUPPLIES,hit spray,hit spray,0.92
mbS Traders-exo dishwash cake,CLEANING SUPPLIES,dishwash cake,dishwash cake,0.92
mbS Traders-soap powder,CLEANING SUPPLIES,soap powder,soap powder,0.92
tandoori tikka powder,CLEANING SUPPLIES,ant powder,ant powder,0.6452
washing powder,CLEANING SUPPLIES,washing powder,washing powder,1.0
AVT Premium Tea,"FLOUR, GRAINS & DRY GOODS",tea,tea,0.92
Atta Loose,"FLOUR, GRAINS & DRY GOODS",atta,atta,0.95
Atta-Tasty-pkt-1kg,"FLOUR, GRAINS & DRY GOODS",atta,atta,0.92
Bornless Chicken- pattambi,"FLOUR, GRAINS & DRY GOODS",atta,atta,0.92
Corn Meal - Chola Rava,"FLOUR, GRAINS & DRY GOODS",corn meal,corn meal,0.92
Corn Meal - MAKKA RAVA,"FLOUR, GRAINS & DRY GOODS",corn meal,corn meal,0.92
Dried Yeast,"FLOUR, GRAINS & DRY GOODS",dry yeast,dry yeast,0.8
Drum for Maida,"FLOUR, GRAINS & DRY GOODS",maida,maida,0.92
Elite-Maida-50Kg,"FLOUR, GRAINS & DRY GOODS",maida,maida,0.92
Faizal Pattambi-Bornless Chicken,"FLOUR, GRAINS & DRY GOODS",atta,atta,0.92
Instant Dried Yeast,"FLOUR, GRAINS & DRY GOODS",instant yeast,instant yeast,0.9
Instant Dried Yeast-500gm,"FLOUR, GRAINS & DRY GOODS",instant yeast,instant yeast,0.9
K.M. Hypermarket-chola rava-,"FLOUR, GRAINS & DRY GOODS",chola rava,chola rava,0.92
KABULI CHANA,"FLOUR, GRAINS & DRY GOODS",kabuli chana,kabuli chana,1.0
Local Purchase-Horlicks Small packet-,"FLOUR, GRAINS & DRY GOODS",horlicks,horlicks,0.92
Local Purchase-Maida,"FLOUR, GRAINS & DRY GOODS",maida,maida,0.92
Local Purchase-Nawab ponni rice-,"FLOUR, GRAINS & DRY GOODS",rice,rice,0.92
Local Purchase-Price sticker,"FLOUR, GRAINS & DRY GOODS",rice,rice,0.92
Local Purchase-Soya chunk,"FLOUR, GRAINS & DRY GOODS",soya chunks,soya chunks,0.5556
Local Purchase-atta,"FLOUR, GRAINS & DRY GOODS",atta,atta,0.92
Local Purchase-atta-,"FLOUR, GRAINS & DRY GOODS",atta,atta,0.92
Local Purchase-masoor dal red,"FLOUR, GRAINS & DRY GOODS",masoor dal,masoor dal,0.92
Local Purchase-nawab rice,"FLOUR, GRAINS & DRY GOODS",rice,rice,0.92
Local Purchase-rice-,"FLOUR, GRAINS & DRY GOODS",rice,rice,0.92
Local Purchase-surabi maida,"FLOUR, GRAINS & DRY GOODS",maida,maida,0.92
Maida,"FLOUR, GRAINS & DRY GOODS",maida,maida,1.0
Maida 50 kg,"FLOUR, GRAINS & DRY GOODS",maida,maida,0.92
Maida(Porotta 50kg),"FLOUR, GRAINS & DRY GOODS",maida,maida,0.92
Maida-50kg,"FLOUR, GRAINS & DRY GOODS",maida,maida,0.92
Mansoor Traders-Sugar Balls-,"FLOUR, GRAINS & DRY GOODS",sugar,sugar,0.92
Masoor-Red,"FLOUR, GRAINS & DRY GOODS",masoor dal,masoor dal,0.9
Noor Jahan Rice 25kg,"FLOUR, GRAINS & DRY GOODS",rice,rice,0.92
PTM stores-nawab rice,"FLOUR, GRAINS & DRY GOODS",rice,rice,0.92
Ponni Rice,"FLOUR, GRAINS & DRY GOODS",rice,rice,0.92
Ponni Rice-Bag,"FLOUR, GRAINS & DRY GOODS",rice,rice,0.92
Prime-Instant Dried Yeast-500Gm,"FLOUR, GRAINS & DRY GOODS",instant yeast,instant yeast,0.9
Rava,"FLOUR, GRAINS & DRY GOODS",rava,rava,1.0
Rice-Nawab-26kg,"FLOUR, GRAINS & DRY GOODS",rice,rice,0.92
Rice-Ponni,"FLOUR, GRAINS & DRY GOODS",rice,rice,0.92
Rice-ponni,"FLOUR, GRAINS & DRY GOODS",rice,rice,0.92
Rice-ponni-Madurai,"FLOUR, GRAINS & DRY GOODS",rice,rice,0.92
Royal HyperMarket-Corn Meal,"FLOUR, GRAINS & DRY GOODS",corn meal,corn meal,0.92
Royal HyperMarket-Corn Meal-,"FLOUR, GRAINS & DRY GOODS",corn meal,corn meal,0.92
Soya loose,"FLOUR, GRAINS & DRY GOODS",soya chunks,soya chunks,0.9
Sugar,"FLOUR, GRAINS & DRY GOODS",sugar,sugar,1.0
Sugar-Loose,"FLOUR, GRAINS & DRY GOODS",sugar,sugar,0.95
Tea Kannan Devan,"FLOUR, GRAINS & DRY GOODS",tea,tea,0.92
Tea Loose,"FLOUR, GRAINS & DRY GOODS",tea,tea,0.95
Vermicelli Mix,"FLOUR, GRAINS & DRY GOODS",vermicelli,vermicelli,0.92
atta,"FLOUR, GRAINS & DRY GOODS",atta,atta,1.0
cake lakes-Sugar Ball,"FLOUR, GRAINS & DRY GOODS",sugar,sugar,0.92
dry yeast 500 gm,"FLOUR, GRAINS & DRY GOODS",dry yeast,dry yeast,0.92
five Star Traders-Horlicks Small packet,"FLOUR, GRAINS & DRY GOODS",horlicks,horlicks,0.92
five Star Traders-Tea loose,"FLOUR, GRAINS & DRY GOODS",tea,tea,0.92
five Star Traders-Tea loose-,"FLOUR, GRAINS & DRY GOODS",tea,tea,0.92
five Star Traders-atta,"FLOUR, GRAINS & DRY GOODS",atta,atta,0.92
five Star Traders-atta-,"FLOUR, GRAINS & DRY GOODS",atta,atta,0.92
five Star Traders-horlicks,"FLOUR, GRAINS & DRY GOODS",horlicks,horlicks,0.92
five Star Traders-masoor dal red,"FLOUR, GRAINS & DRY GOODS",masoor dal,masoor dal,0.92
five Star Traders-masoor dal red-,"FLOUR, GRAINS & DRY GOODS",masoor dal,masoor dal,0.92
five Star Traders-sugar,"FLOUR, GRAINS & DRY GOODS",sugar,sugar,0.92
five Star Traders-sugar-,"FLOUR, GRAINS & DRY GOODS",sugar,sugar,0.92
five Star Traders-tea loose,"FLOUR, GRAINS & DRY GOODS",tea,tea,0.92
horlicks,"FLOUR, GRAINS & DRY GOODS",horlicks,horlicks,1.0
labour Charges-maida,"FLOUR, GRAINS & DRY GOODS",maida,maida,0.92
maida,"FLOUR, GRAINS & DRY GOODS",maida,maida,1.0
maida 30kg,"FLOUR, GRAINS & DRY GOODS",maida,maida,0.92
maida loose,"FLOUR, GRAINS & DRY GOODS",maida,maida,0.95
maida prince,"FLOUR, GRAINS & DRY GOODS",maida,maida,0.92
maida prince 30kg,"FLOUR, GRAINS & DRY GOODS",maida,maida,0.92
masoor dal,"FLOUR, GRAINS & DRY GOODS",masoor dal,masoor dal,1.0
prince maida 50kg,"FLOUR, GRAINS & DRY GOODS",maida,maida,0.92
red dal,"FLOUR, GRAINS & DRY GOODS",red dal,red dal,1.0
staff rice,"FLOUR, GRAINS & DRY GOODS",rice,rice,0.92
staff rice 26kg,"FLOUR, GRAINS & DRY GOODS",rice,rice,0.92
sugar,"FLOUR, GRAINS & DRY GOODS",sugar,sugar,1.0
super Meal,"FLOUR, GRAINS & DRY GOODS",corn meal,corn meal,0.6316
Chili Cheese Poppers,FROZEN ITEMS,chili cheese poppers,chili cheese poppers,1.0
Crest-Frozen Sweet Corn-1Kg,FROZEN ITEMS,frozen sweet corn,frozen sweet corn,0.92
French Fries 6mm,FROZEN ITEMS,french fries,french fries,0.92
French Fries 6mm-2.5kg,FROZEN ITEMS,french fries,french fries,0.92
French Fries 6mm-Amul,FROZEN ITEMS,french fries,french fries,0.92
French Fries 6mm-Funwave,FROZEN ITEMS,french fries,french fries,0.92
French Fries 6mm-Funwave 2.5 KG,FROZEN ITEMS,french fries,french fries,0.92
French Fries 6mm-Funwave 2.5 kg,FROZEN ITEMS,french fries,french fries,0.92
French Fries 6mm-Hungritos,FROZEN ITEMS,french fries,french fries,0.92
French Fries 6mm-ITC,FROZEN ITEMS,french fries,french fries,0.92
French Fries 9mm-Amul,FROZEN ITEMS,french fries,french fries,0.92
French Fries 9mm-Funwave,FROZEN ITEMS,french fries,french fries,0.92
French Fries 9mm-Hungritos,FROZEN ITEMS,french fries,french fries,0.92
Frozen Sweet Corn,FROZEN ITEMS,frozen sweet corn,frozen sweet corn,1.0
Frozen Sweet Corn-Pal Fresh,FROZEN ITEMS,frozen sweet corn,frozen sweet corn,0.92
Frozen Sweet Corn-Pal Fresh 500gm,FROZEN ITEMS,frozen sweet corn,frozen sweet corn,0.92
Frozen Sweet corn,FROZEN ITEMS,frozen sweet corn,frozen sweet corn,1.0
Frozen Sweet corn-1kg,FROZEN ITEMS,frozen sweet corn,frozen sweet corn,0.92
Funwave-French Fries 6Mm-2.5Kg,FROZEN ITEMS,french fries,french fries,0.92
Looco'S-French Fries Box-25Nos,FROZEN ITEMS,french fries,french fries,0.92
Mc Cain Potato Wedges 2.5kg,FROZEN ITEMS,potato wedges,potato wedges,0.92
Mc Cain Potato Wedges 2.5kg-Taha,FROZEN ITEMS,potato wedges,potato wedges,0.92
POTATO POPS,FROZEN ITEMS,potato pops,potato pops,1.0
Potato Wedges,FROZEN ITEMS,potato wedges,potato wedges,1.0
Potato Wedges-2.5kg,FROZEN ITEMS,potato wedges,potato wedges,0.92
Savoury Wedges 2.5 KG,FROZEN ITEMS,savoury wedges,savoury wedges,0.92
Sweet corn koonathil,FROZEN ITEMS,frozen sweet corn,frozen sweet corn,0.6
chill fill french fry,FROZEN ITEMS,french fries,french fries,0.5455
fish finger,FROZEN ITEMS,fish finger,fish finger,1.0
french fry hungritos 2.5kg,FROZEN ITEMS,french fries,french fries,0.5789
mc cain french fry,FROZEN ITEMS,french fries,french fries,0.6
potato wedges,FROZEN ITEMS,potato wedges,potato wedges,1.0
sweet corn,FROZEN ITEMS,frozen sweet corn,frozen sweet corn,0.92
sweet corn 1kg,FROZEN ITEMS,frozen sweet corn,frozen sweet corn,0.6452
sweet corn abad,FROZEN ITEMS,frozen sweet corn,frozen sweet corn,0.625
Berry Fresh Banana Pulp,FRUITS,banana,banana,0.92
Berry Fresh Chicku Pulp,FRUITS,chicku pulp,chicku pulp,0.92
Berry Fresh Chicku Pulp 2kg,FRUITS,chicku pulp,chicku pulp,0.92
Berry Fresh Tender Coconut Pulp,FRUITS,tender coconut pulp,tender coconut pulp,0.92
Berry Fresh Tender Coconut Pulp 2kg,FRUITS,tender coconut pulp,tender coconut pulp,0.92
Black Grapes,FRUITS,black grapes,black grapes,1.0
Cherry,FRUITS,cherry,cherry,1.0
DVC Green Apple 750 ML,FRUITS,apple,apple,0.92
DVC Watermelon Syrup 750 ml,FRUITS,watermelon,watermelon,0.92
Dvc-Green Apple-750Ml,FRUITS,apple,apple,0.92
Dvc-Watermelon Syrup-750Ml,FRUITS,watermelon,watermelon,0.92
Green Apple,FRUITS,apple,apple,0.95
Green Apple-750ml,FRUITS,apple,apple,0.92
Local Purchase-apple,FRUITS,apple,apple,0.92
Local Purchase-apple-,FRUITS,apple,apple,0.92
Local Purchase-cherry,FRUITS,cherry,cherry,0.92
MBS Traders-cherry,FRUITS,cherry,cherry,0.92
Pineapple slice,FRUITS,pineapple,pineapple,0.92
Pineapple slice-Tajir Habit-500g,FRUITS,pineapple,pineapple,0.92
Pineapple slice-Tajir Habit-850g,FRUITS,pineapple,pineapple,0.92
Pineapple-Veg,FRUITS,pineapple,pineapple,0.95
Red Apple,FRUITS,red apple,red apple,1.0
Tajir Habit-Pineapple Slice-500Gm,FRUITS,pineapple,pineapple,0.92
berry Fresh-Chikku Pulp,FRUITS,chicku pulp,chicku pulp,0.5882
berry Fresh-Chikku Pulp-,FRUITS,chicku pulp,chicku pulp,0.5882
berry Fresh-Tender Coconut Pulp,FRUITS,tender coconut pulp,tender coconut pulp,0.92
berry Fresh-Tender Coconut Pulp-,FRUITS,tender coconut pulp,tender coconut pulp,0.92
five Star Traders-Cherry,FRUITS,cherry,cherry,0.92
five Star Traders-Cherry-,FRUITS,cherry,cherry,0.92
five Star Traders-black grapes,FRUITS,grapes,grapes,0.92
five Star Traders-cherry-,FRUITS,cherry,cherry,0.92
grapes,FRUITS,grapes,grapes,1.0
mbS Traders-Cherry,FRUITS,cherry,cherry,0.92
pineapple,FRUITS,pineapple,pineapple,1.0
watermelon,FRUITS,watermelon,watermelon,1.0
A.N.A Agencies-Drum Bolt -,KITCHEN EQUIPMENT & UTENSILS,drum,drum,0.92
Aluminium Uruli,KITCHEN EQUIPMENT & UTENSILS,aluminium uruli,aluminium uruli,1.0
Diamond Hotel ware and Cutlerys-AW 067 Wooden Rect Pizza Bat,KITCHEN EQUIPMENT & UTENSILS,pizza bat,pizza bat,0.92
"Diamond Hotel ware and Cutlerys-Glare Hammered 8"" Rec Platter",KITCHEN EQUIPMENT & UTENSILS,platter,platter,0.92
"Diamond Hotel ware and Cutlerys-Glare Remekin Bowl 2.5"" Black",KITCHEN EQUIPMENT & UTENSILS,remekin bowl,remekin bowl,0.92
"Diamond Hotel ware and Cutlerys-Glare Rock Serving Bowl 6.5""",KITCHEN EQUIPMENT & UTENSILS,serving bowl,serving bowl,0.92
Fryer Basket,KITCHEN EQUIPMENT & UTENSILS,fryer basket,fryer basket,1.0
Local Purchase-Steel Fork,KITCHEN EQUIPMENT & UTENSILS,steel fork,steel fork,0.92
Local Purchase-Steel Spoon Big,KITCHEN EQUIPMENT & UTENSILS,steel spoon,steel spoon,0.92
Local Purchase-Steel Spoon Small,KITCHEN EQUIPMENT & UTENSILS,steel spoon,steel spoon,0.92
Looco'S-Tripod-500Nos,KITCHEN EQUIPMENT & UTENSILS,tripod,tripod,0.92
Mug-Steel,KITCHEN EQUIPMENT & UTENSILS,mug,mug,0.92
TDS meter,KITCHEN EQUIPMENT & UTENSILS,tds meter,tds meter,1.0
Tripod,KITCHEN EQUIPMENT & UTENSILS,tripod,tripod,1.0
dust bin,KITCHEN EQUIPMENT & UTENSILS,dust bin,dust bin,1.0
steel Scrube,KITCHEN EQUIPMENT & UTENSILS,steel fork,steel fork,0.6364
Aromat Seasoning Powder,MASALA & SEASONINGS,aromat seasoning,aromat seasoning,0.92
BBQ MIX,MASALA & SEASONINGS,bbq mix,bbq mix,1.0
BBQ Mix,MASALA & SEASONINGS,bbq mix,bbq mix,1.0
BBQ Mix Masala,MASALA & SEASONINGS,bbq mix,bbq mix,0.92
BBQ Mix-1kg,MASALA & SEASONINGS,bbq mix,bbq mix,0.92
BBQ Wings,MASALA & SEASONINGS,bbq mix,bbq mix,0.625
Black Pepper,MASALA & SEASONINGS,black pepper,black pepper,1.0
Black pepper,MASALA & SEASONINGS,black pepper,black pepper,1.0
CHILLY FLAKES SACHET 0.8GM,MASALA & SEASONINGS,chilly flakes,chilly flakes,0.92
Chefs Art-Piri Piri Marinade-1Kg,MASALA & SEASONINGS,piri piri marinade,piri piri marinade,0.92
Chettinad Mix,MASALA & SEASONINGS,herb mix,herb mix,0.5714
Chicken Masala,MASALA & SEASONINGS,chicken masala,chicken masala,1.0
Chicken Masala-Eastern,MASALA & SEASONINGS,chicken masala,chicken masala,0.92
Chicken Masala-Quality,MASALA & SEASONINGS,chicken masala,chicken masala,0.92
Chicken-Masala-Melam,MASALA & SEASONINGS,chicken masala,chicken masala,0.92
Chicken-Masala-quality,MASALA & SEASONINGS,chicken masala,chicken masala,0.92
Chilli Flakes,MASALA & SEASONINGS,chilli flakes,chilli flakes,1.0
Chilli Flakes-Eastern,MASALA & SEASONINGS,chilli flakes,chilli flakes,0.92
Chilli Flakes-Puramate-400grm,MASALA & SEASONINGS,chilli flakes,chilli flakes,0.92
Chilli Flakes-Tasty Pixel-Veeba-Sachet-0.8g,MASALA & SEASONINGS,chilli flakes,chilli flakes,0.92
Chilli Powder,MASALA & SEASONINGS,chilli powder,chilli powder,1.0
Chilli Powder Loose,MASALA & SEASONINGS,chilli powder,chilli powder,0.95
Chilly Flakes,MASALA & SEASONINGS,chilly flakes,chilly flakes,1.0
Chilly Powder 1kg-Eastern,MASALA & SEASONINGS,chilli powder,chilli powder,0.6316
Coriander Powder-loose,MASALA & SEASONINGS,coriander powder,coriander powder,0.95
Eastern Coriander 1KG,MASALA & SEASONINGS,coriander powder,coriander powder,0.5405
Grain spicy marinade,MASALA & SEASONINGS,piri piri marinade,piri piri marinade,0.5789
Green Chilly-Veg,MASALA & SEASONINGS,chilly flakes,chilly flakes,0.9
HERB MIX,MASALA & SEASONINGS,herb mix,herb mix,1.0
Herb Mix,MASALA & SEASONINGS,herb mix,herb mix,1.0
Herb Mix Masla,MASALA & SEASONINGS,herb mix,herb mix,0.92
Herb Mix-1kg,MASALA & SEASONINGS,herb mix,herb mix,0.92
KT Coriander 1kg,MASALA & SEASONINGS,coriander powder,coriander powder,0.625
Knorr-Aromat Seasoning Powder-500Grm,MASALA & SEASONINGS,aromat seasoning,aromat seasoning,0.92
Local Purchase-Chicken Masala,MASALA & SEASONINGS,chicken masala,chicken masala,0.92
Local Purchase-Chicken Masala-,MASALA & SEASONINGS,chicken masala,chicken masala,0.92
Local Purchase-Garam Masala,MASALA & SEASONINGS,garam masala,garam masala,0.92
Local Purchase-Garam Masala-,MASALA & SEASONINGS,garam masala,garam masala,0.92
Looco'S-Bbq Mix-1Kg,MASALA & SEASONINGS,bbq mix,bbq mix,0.92
Looco'S-Herb Mix-1Kg,MASALA & SEASONINGS,herb mix,herb mix,0.92
Looco'S-Mexican Mix-1Kg,MASALA & SEASONINGS,mexican mix,mexican mix,0.92
MBS Traders-Tandoori Chicken Masala-,MASALA & SEASONINGS,chicken masala,chicken masala,0.92
Mexican Masala,MASALA & SEASONINGS,mexican masala,mexican masala,1.0
Mexican Mix,MASALA & SEASONINGS,mexican mix,mexican mix,1.0
Mexican Mix-1kg,MASALA & SEASONINGS,mexican mix,mexican mix,0.92
Mixed Herb Loose,MASALA & SEASONINGS,mixed herbs,mixed herbs,0.8148
Mutton Masala,MASALA & SEASONINGS,mutton masala,mutton masala,1.0
OREGANO SACHET 0.8GM,MASALA & SEASONINGS,oregano,oregano,0.92
Oregano Sachet 0.8gm,MASALA & SEASONINGS,oregano,oregano,0.92
Oregano Sachet 0.8gm-300s,MASALA & SEASONINGS,oregano,oregano,0.92
Oregano Sprinkler,MASALA & SEASONINGS,oregano sprinkler,oregano sprinkler,1.0
Oregano Sprinkler 500g,MASALA & SEASONINGS,oregano,oregano,0.92
Oregano Sprinkler-500gm,MASALA & SEASONINGS,oregano,oregano,0.92
Piri Piri Marinade 1KG,MASALA & SEASONINGS,piri piri marinade,piri piri marinade,0.92
Piri Piri Marinade-1kg,MASALA & SEASONINGS,piri piri marinade,piri piri marinade,0.92
Salt,MASALA & SEASONINGS,salt,salt,1.0
Salt Powder,MASALA & SEASONINGS,salt,salt,0.92
Salt-sprinkle-powder,MASALA & SEASONINGS,salt,salt,0.92
TANDOORI MIX,MASALA & SEASONINGS,tandoori masala,tandoori masala,0.7407
Tandoori Chicken Masala-Bakers,MASALA & SEASONINGS,chicken masala,chicken masala,0.92
Tandoori Masala,MASALA & SEASONINGS,tandoori masala,tandoori masala,1.0
Tandoori Mix,MASALA & SEASONINGS,tandoori masala,tandoori masala,0.7407
Tandoori mix Masala,MASALA & SEASONINGS,tandoori masala,tandoori masala,0.9
Tasty Fixel Chilly Flakes 0.8gm,MASALA & SEASONINGS,chilly flakes,chilly flakes,0.92
Tasty Fixel Chilly Flakes 0.8gm-250s,MASALA & SEASONINGS,chilly flakes,chilly flakes,0.92
Tasty Fixel Oregano Mix 0.8gm,MASALA & SEASONINGS,oregano,oregano,0.92
Turmeric Powder,MASALA & SEASONINGS,turmeric powder,turmeric powder,1.0
Turmeric Powder-eastern,MASALA & SEASONINGS,turmeric powder,turmeric powder,0.92
Turmeric Powder-loose,MASALA & SEASONINGS,turmeric powder,turmeric powder,0.95
Veeba Chilli Flakes Seasoning(8G),MASALA & SEASONINGS,chilli flakes,chilli flakes,0.92
Veeba-Tasty Fixel Chilly Flakes 0.8Gm-250S,MASALA & SEASONINGS,chilly flakes,chilly flakes,0.92
Vks Chef'S Art-Chilly Flakes 0.8Gm-300S,MASALA & SEASONINGS,chilly flakes,chilly flakes,0.92
Vks Chef'S Art-Oregano Sachet 0.8Gm-300S,MASALA & SEASONINGS,oregano,oregano,0.92
Vks Chef'S Art-Oregano Sprinkler-500Gm,MASALA & SEASONINGS,oregano,oregano,0.92
Whole Chilly,MASALA & SEASONINGS,chilly flakes,chilly flakes,0.9
bbq mix,MASALA & SEASONINGS,bbq mix,bbq mix,1.0
chicken masala,MASALA & SEASONINGS,chicken masala,chicken masala,1.0
chilli flakes,MASALA & SEASONINGS,chilli flakes,chilli flakes,1.0
chilly flake sachet,MASALA & SEASONINGS,chilly flakes,chilly flakes,0.8125
chilly flakes 500 gm,MASALA & SEASONINGS,chilly flakes,chilly flakes,0.92
chilly flakes 500gm,MASALA & SEASONINGS,chilly flakes,chilly flakes,0.92
chilly flakes sachet,MASALA & SEASONINGS,chilly flakes,chilly flakes,0.92
dry basil,MASALA & SEASONINGS,dry basil,dry basil,1.0
five Star Traders-Chicken Masala,MASALA & SEASONINGS,chicken masala,chicken masala,0.92
five Star Traders-Chicken Masala-,MASALA & SEASONINGS,chicken masala,chicken masala,0.92
five Star Traders-Chilly Powder,MASALA & SEASONINGS,chilli powder,chilli powder,0.5455
five Star Traders-Coriander Powder,MASALA & SEASONINGS,coriander powder,coriander powder,0.92
five Star Traders-Coriander Powder-,MASALA & SEASONINGS,coriander powder,coriander powder,0.92
five Star Traders-Tandoori Chicken Masala,MASALA & SEASONINGS,chicken masala,chicken masala,0.92
five Star Traders-Turmeric powder,MASALA & SEASONINGS,turmeric powder,turmeric powder,0.92
five Star Traders-Turmeric powder-,MASALA & SEASONINGS,turmeric powder,turmeric powder,0.92
five Star Traders-chilli powder-,MASALA & SEASONINGS,chilli powder,chilli powder,0.92
five Star Traders-jeerakam,MASALA & SEASONINGS,jeerakam,jeerakam,0.92
five Star Traders-salt powder,MASALA & SEASONINGS,salt,salt,0.92
five Star Traders-salt powder-,MASALA & SEASONINGS,salt,salt,0.92
garam masala,MASALA & SEASONINGS,garam masala,garam masala,1.0
mexican mix,MASALA & SEASONINGS,mexican mix,mexican mix,1.0
mix herb amazon 1 kg,MASALA & SEASONINGS,herb mix,herb mix,0.9
salt powder,MASALA & SEASONINGS,salt,salt,0.92
salted cookies syrup taste craft,MASALA & SEASONINGS,salt,salt,0.92
AK Chicken Adakkaputhur-kheema-,MEAT & POULTRY,kheema,kheema,0.92
Boneless Chicken,MEAT & POULTRY,boneless chicken,boneless chicken,1.0
Bornless Chicken- Adakkaputhur,MEAT & POULTRY,whole chicken,whole chicken,0.9
CHICKEN KHEEMA MASALA,MEAT & POULTRY,chicken kheema,chicken kheema,0.92
CHICKEN POPCORN,MEAT & POULTRY,chicken popcorn,chicken popcorn,1.0
Chicken Kheema,MEAT & POULTRY,chicken kheema,chicken kheema,1.0
Chicken Kheema  Masala,MEAT & POULTRY,chicken kheema,chicken kheema,0.92
Chicken Kheema  Masala,MEAT & POULTRY,chicken kheema,chicken kheema,0.92
Chicken Nuggets-Godrej-1kg,MEAT & POULTRY,chicken nuggets,chicken nuggets,0.92
Chicken Salami,MEAT & POULTRY,chicken salami,chicken salami,1.0
Chicken Salami-1kg,MEAT & POULTRY,chicken salami,chicken salami,0.92
Chicken Sausage,MEAT & POULTRY,chicken sausage,chicken sausage,1.0
Chicken Sausage-1kg,MEAT & POULTRY,chicken sausage,chicken sausage,0.92
Chicken burger pattis,MEAT & POULTRY,chicken burger pattis,chicken burger pattis,1.0
Chicken burger pattis koonathil,MEAT & POULTRY,chicken burger pattis,chicken burger pattis,0.92
Chicken-Staff,MEAT & POULTRY,staff chicken,staff chicken,0.95
Chicken-Whole-Staff,MEAT & POULTRY,staff chicken,staff chicken,0.95
Chicken-Whole-Staff 310,MEAT & POULTRY,whole chicken,whole chicken,0.9
DEL POPCORN,MEAT & POULTRY,chicken popcorn,chicken popcorn,0.6923
Godrej chicken Nuggets,MEAT & POULTRY,chicken nuggets,chicken nuggets,0.92
Godrej chicken Nuggets -1kg,MEAT & POULTRY,chicken nuggets,chicken nuggets,0.92
LAMB PEPPERONI,MEAT & POULTRY,lamb pepperoni,lamb pepperoni,1.0
Lamp Pepperoni,MEAT & POULTRY,lamb pepperoni,lamb pepperoni,0.9286
Local Purchase-Chicken,MEAT & POULTRY,whole chicken,whole chicken,0.9
Local Purchase-Chicken Boneless,MEAT & POULTRY,boneless chicken,boneless chicken,0.9
Local Purchase-Chickenb Sausage-,MEAT & POULTRY,chicken sausage,chicken sausage,0.6522
Local Purchase-Staff Chicken,MEAT & POULTRY,staff chicken,staff chicken,0.92
Looco'S-Pepperoni-1Kg,MEAT & POULTRY,pepperoni,pepperoni,0.92
Meatza-Godrej Chicken Nuggets -1Kg,MEAT & POULTRY,chicken nuggets,chicken nuggets,0.92
Mutton,MEAT & POULTRY,mutton,mutton,1.0
Pepperoni,MEAT & POULTRY,pepperoni,pepperoni,1.0
Pepperoni-1kg,MEAT & POULTRY,pepperoni,pepperoni,0.92
SALAMI,MEAT & POULTRY,chicken salami,chicken salami,0.92
Sherif Cherpulasery-Chicken Kheema,MEAT & POULTRY,chicken kheema,chicken kheema,0.92
Sherif Cherpulasery-Whole chicken,MEAT & POULTRY,whole chicken,whole chicken,0.92
Sherif Cherpulasery-whole chicken,MEAT & POULTRY,whole chicken,whole chicken,0.92
Sherif Cherpulasery-whole chicken-,MEAT & POULTRY,whole chicken,whole chicken,0.92
Sherif Cherpulasery-whole chicken-staff,MEAT & POULTRY,whole chicken,whole chicken,0.92
Transportation-Chicken Sausage-,MEAT & POULTRY,chicken sausage,chicken sausage,0.92
Veg burger pattis,MEAT & POULTRY,chicken burger pattis,chicken burger pattis,0.9
Zippy Chicken Salami,MEAT & POULTRY,chicken salami,chicken salami,0.92
Zippy-Chicken Salami-1Kg,MEAT & POULTRY,chicken salami,chicken salami,0.92
Zippy-Chicken Sausage-1Kg,MEAT & POULTRY,chicken sausage,chicken sausage,0.92
bonless chicken,MEAT & POULTRY,boneless chicken,boneless chicken,0.9677
chicken kheema masala,MEAT & POULTRY,chicken kheema,chicken kheema,0.92
chicken kheema-Adakkaputhur,MEAT & POULTRY,chicken kheema,chicken kheema,0.92
chicken pepperoni,MEAT & POULTRY,chicken pepperoni,chicken pepperoni,1.0
chicken pop corn sneha,MEAT & POULTRY,whole chicken,whole chicken,0.9
chicken popcorn,MEAT & POULTRY,chicken popcorn,chicken popcorn,1.0
kheema Masala,MEAT & POULTRY,kheema,kheema,0.92
kheema Masala-250gr,MEAT & POULTRY,kheema,kheema,0.92
salami,MEAT & POULTRY,chicken salami,chicken salami,0.92
sneha chi burgar pattis,MEAT & POULTRY,chicken burger pattis,chicken burger pattis,0.7273
sneha chi nuggets,MEAT & POULTRY,chicken nuggets,chicken nuggets,0.6875
staff chicken,MEAT & POULTRY,staff chicken,staff chicken,1.0
sumeru chicken pop corn,MEAT & POULTRY,whole chicken,whole chicken,0.9
JIVO Pomace Olive Oil,OILS,pomace olive oil,pomace olive oil,0.92
Jivo-Pomace Olive Oil-1Ltr,OILS,pomace olive oil,pomace olive oil,0.92
LAMP OIL,OILS,lamp oil,lamp oil,1.0
Local Purchase-palm oil,OILS,palm oil,palm oil,0.92
Mustard Oil,OILS,mustard oil,mustard oil,1.0
Mustard-Oil,OILS,mustard oil,mustard oil,1.0
Nallenna-500ml-Pavan,OILS,nallenna,nallenna,0.92
Palm Oil,OILS,palm oil,palm oil,1.0
Palm Oil - Refined Oil,OILS,palm oil,palm oil,0.92
Pomace Olive oil-1ltr,OILS,pomace olive oil,pomace olive oil,0.92
five Star Traders-Mustard oil,OILS,mustard oil,mustard oil,0.92
five Star Traders-Mustard oil-,OILS,mustard oil,mustard oil,0.92
five Star Traders-palm oil,OILS,palm oil,palm oil,0.92
five Star Traders-palm oil-,OILS,palm oil,palm oil,0.92
habit olive oil,OILS,olive oil,olive oil,0.92
mustard oil,OILS,mustard oil,mustard oil,1.0
oil,OILS,palm oil,palm oil,0.92
sano pomace olive oil,OILS,pomace olive oil,pomace olive oil,0.92
Bio-Bag-10x14-140,PACKAGING MATERIALS,bio bag,bio bag,0.92
Bio-Bag-13x16-90,PACKAGING MATERIALS,bio bag,bio bag,0.92
Bio-Bag-16x20-50,PACKAGING MATERIALS,bio bag,bio bag,0.92
Bio-Bag-20x26-35,PACKAGING MATERIALS,bio bag,bio bag,0.92
Catering Cap,PACKAGING MATERIALS,catering cap,catering cap,1.0
Cling Flim,PACKAGING MATERIALS,cling flim,cling flim,1.0
Dip Bowl,PACKAGING MATERIALS,salad bowl,salad bowl,0.6667
FRENCH FRIES BOX,PACKAGING MATERIALS,french fries box,french fries box,1.0
French Fries Box,PACKAGING MATERIALS,french fries box,french fries box,1.0
French Fries Box-,PACKAGING MATERIALS,french fries box,french fries box,1.0
GARLIC BREAD BOx,PACKAGING MATERIALS,garlic bread box,garlic bread box,1.0
GBC Box,PACKAGING MATERIALS,gbc box,gbc box,1.0
GBC Box-50Nos,PACKAGING MATERIALS,gbc box,gbc box,0.92
Garlic Bread Box,PACKAGING MATERIALS,garlic bread box,garlic bread box,1.0
LARGE PIZZA BOX,PACKAGING MATERIALS,large pizza box,large pizza box,1.0
Large Box,PACKAGING MATERIALS,pizza box,pizza box,0.9
Large Box-50Nos,PACKAGING MATERIALS,large pizza box,large pizza box,0.6
Large Pizza Box,PACKAGING MATERIALS,large pizza box,large pizza box,1.0
Local Purchase-Bio Bag,PACKAGING MATERIALS,bio bag,bio bag,0.92
Local Purchase-Steel Container,PACKAGING MATERIALS,pasta container,pasta container,0.6222
Local Purchase-paper glass,PACKAGING MATERIALS,paper glass,paper glass,0.92
Local Purchase-paper plate,PACKAGING MATERIALS,paper plate,paper plate,0.92
Local Purchase-tissue Big size,PACKAGING MATERIALS,tissue,tissue,0.92
Looco'S-Gbc Box-50Nos,PACKAGING MATERIALS,gbc box,gbc box,0.92
Looco'S-Paper Bag Medium-Nos,PACKAGING MATERIALS,paper bag,paper bag,0.92
Looco'S-Paper Bag Regular-Nos,PACKAGING MATERIALS,paper bag,paper bag,0.92
Looco'S-Regular Box-50Nos,PACKAGING MATERIALS,regular pizza box,regular pizza box,0.6
MBS Traders-Catering Cap-,PACKAGING MATERIALS,catering cap,catering cap,0.92
MBS Traders-Cling Film,PACKAGING MATERIALS,cling film,cling film,0.92
MBS Traders-Cling Film-,PACKAGING MATERIALS,cling film,cling film,0.92
MBS Traders-Tissue Big size-,PACKAGING MATERIALS,tissue,tissue,0.92
MBS Traders-paper Straw-,PACKAGING MATERIALS,paper straw,paper straw,0.92
MBS Traders-paper glass,PACKAGING MATERIALS,paper glass,paper glass,0.92
MBS Traders-paper glass-,PACKAGING MATERIALS,paper glass,paper glass,0.92
MBS Traders-paper plate-,PACKAGING MATERIALS,paper plate,paper plate,0.92
MBS Traders-paper straw Big,PACKAGING MATERIALS,paper straw,paper straw,0.92
MBS Traders-paper straw Big-,PACKAGING MATERIALS,paper straw,paper straw,0.92
MBS Traders-paper straw small,PACKAGING MATERIALS,paper straw,paper straw,0.92
MBS Traders-paper straw-,PACKAGING MATERIALS,paper straw,paper straw,0.92
MBS Traders-plastic cover,PACKAGING MATERIALS,plastic cover,plastic cover,0.92
MBS Traders-plastic cover 1kg-,PACKAGING MATERIALS,plastic cover,plastic cover,0.92
MBS Traders-tissue Big size,PACKAGING MATERIALS,tissue,tissue,0.92
MBS Traders-tissue Big size-,PACKAGING MATERIALS,tissue,tissue,0.92
MBS Traders-tooth pick,PACKAGING MATERIALS,tooth pick,tooth pick,0.92
MEDIUM PIZZA BOX,PACKAGING MATERIALS,medium pizza box,medium pizza box,1.0
MOCKTAIL GLASS,PACKAGING MATERIALS,paper glass,paper glass,0.56
Mansoor Traders-Mini Burger Box-,PACKAGING MATERIALS,burger box,burger box,0.92
Mansoor Traders-Wooden Fork,PACKAGING MATERIALS,wooden fork,wooden fork,0.92
Mansoor Traders-Wooden Spoon,PACKAGING MATERIALS,wooden spoon,wooden spoon,0.92
Mansoor Traders-Wooden Spoon 140mm-,PACKAGING MATERIALS,wooden spoon,wooden spoon,0.92
Mansoor Traders-Wooden Spoon 160mm-,PACKAGING MATERIALS,wooden spoon,wooden spoon,0.92
Medium Box,PACKAGING MATERIALS,pizza box,pizza box,0.9
Medium Box-50Nos,PACKAGING MATERIALS,medium pizza box,medium pizza box,0.625
Medium Pizza Box,PACKAGING MATERIALS,medium pizza box,medium pizza box,1.0
Mini Burger Box,PACKAGING MATERIALS,burger box,burger box,0.92
Mini Burger Box-Nos,PACKAGING MATERIALS,burger box,burger box,0.92
Moktails Glass,PACKAGING MATERIALS,paper glass,paper glass,0.56
PASTHA CONTAINER,PACKAGING MATERIALS,pasta container,pasta container,0.9677
Paper Bag Large,PACKAGING MATERIALS,paper bag,paper bag,0.95
Paper Bag Large-Nos,PACKAGING MATERIALS,paper bag,paper bag,0.95
Paper Bag Medium,PACKAGING MATERIALS,paper bag,paper bag,0.95
Paper Bag Medium-Nos,PACKAGING MATERIALS,paper bag,paper bag,0.95
Paper Bag Regular,PACKAGING MATERIALS,paper bag,paper bag,0.92
Paper Bag Regular-Nos,PACKAGING MATERIALS,paper bag,paper bag,0.92
Paper Glass,PACKAGING MATERIALS,paper glass,paper glass,1.0
Paper Plates,PACKAGING MATERIALS,paper plate,paper plate,0.9565
Paper Straw,PACKAGING MATERIALS,paper straw,paper straw,1.0
Paper Straw Big,PACKAGING MATERIALS,paper straw,paper straw,0.92
Paper Straw Small,PACKAGING MATERIALS,paper straw,paper straw,0.95
Paper Straw big,PACKAGING MATERIALS,paper straw,paper straw,0.92
Paper bags regular,PACKAGING MATERIALS,paper bag,paper bag,0.92
Papper carry bag large,PACKAGING MATERIALS,paper bag,paper bag,0.5806
Papper carry bag medium,PACKAGING MATERIALS,paper bag,paper bag,0.5625
Papper carry bag small,PACKAGING MATERIALS,paper bag,paper bag,0.5806
Pasta Container,PACKAGING MATERIALS,pasta container,pasta container,1.0
Pasta Container Black,PACKAGING MATERIALS,pasta container,pasta container,0.95
Pasta Container-100Nos,PACKAGING MATERIALS,pasta container,pasta container,0.92
Plastic Cover 12X16,PACKAGING MATERIALS,plastic cover,plastic cover,0.92
Plastic Cover 16X20,PACKAGING MATERIALS,plastic cover,plastic cover,0.92
Plastic Cover 20X26,PACKAGING MATERIALS,plastic cover,plastic cover,0.92
Plastic Cover 26X30,PACKAGING MATERIALS,plastic cover,plastic cover,0.92
REGULAR PIZZA BOX,PACKAGING MATERIALS,regular pizza box,regular pizza box,1.0
Regular Box,PACKAGING MATERIALS,regular pizza box,regular pizza box,0.9
Regular Box-50Nos,PACKAGING MATERIALS,regular pizza box,regular pizza box,0.6471
Regular Pizza Box,PACKAGING MATERIALS,regular pizza box,regular pizza box,1.0
SALAD BOWL 250ML,PACKAGING MATERIALS,salad bowl,salad bowl,0.92
SALAD BOWL 500ML,PACKAGING MATERIALS,salad bowl,salad bowl,0.92
Salad Bowl (Big )500ml,PACKAGING MATERIALS,salad bowl,salad bowl,0.92
Salad Bowl (Small )250ml,PACKAGING MATERIALS,salad bowl,salad bowl,0.92
Salad Bowl (Small )250ml-Nos,PACKAGING MATERIALS,salad bowl,salad bowl,0.92
Salad Bowl 250ml,PACKAGING MATERIALS,salad bowl,salad bowl,0.92
Salad Bowl 500ml,PACKAGING MATERIALS,salad bowl,salad bowl,0.92
Shake Glass,PACKAGING MATERIALS,paper glass,paper glass,0.7273
Soda Spoon,PACKAGING MATERIALS,wooden spoon,wooden spoon,0.7273
Tissue,PACKAGING MATERIALS,tissue,tissue,1.0
Tissue Big,PACKAGING MATERIALS,tissue,tissue,0.92
Tissue Spl,PACKAGING MATERIALS,tissue,tissue,0.92
Tissue-Energy-Big,PACKAGING MATERIALS,tissue,tissue,0.92
Tooth Pick,PACKAGING MATERIALS,tooth pick,tooth pick,1.0
V Mart-Glass,PACKAGING MATERIALS,paper glass,paper glass,0.6957
Wooden Fork-160mm,PACKAGING MATERIALS,wooden fork,wooden fork,0.92
Wooden Spoon,PACKAGING MATERIALS,wooden spoon,wooden spoon,1.0
Wooden Spoon-110mm,PACKAGING MATERIALS,wooden spoon,wooden spoon,0.92
Wooden Spoon-140mm,PACKAGING MATERIALS,wooden spoon,wooden spoon,0.92
Wooden Spoon-160mm,PACKAGING MATERIALS,wooden spoon,wooden spoon,0.92
bio cover,PACKAGING MATERIALS,plastic cover,plastic cover,0.6364
bio cover 140,PACKAGING MATERIALS,plastic cover,plastic cover,0.5385
bio cup,PACKAGING MATERIALS,bio bag,bio bag,0.5714
bio glass,PACKAGING MATERIALS,bio bag,bio bag,0.625
bio plate,PACKAGING MATERIALS,bio bag,bio bag,0.625
burger box 5*5*4,PACKAGING MATERIALS,burger box,burger box,0.92
butter paper,PACKAGING MATERIALS,butter paper,butter paper,1.0
butter papper,PACKAGING MATERIALS,butter paper,butter paper,0.96
catering gloves,PACKAGING MATERIALS,gloves,gloves,0.92
five Star Traders-plastic cover 1kg,PACKAGING MATERIALS,plastic cover,plastic cover,0.92
mbS Traders-Catering Cap,PACKAGING MATERIALS,catering cap,catering cap,0.92
mbS Traders-Cling Film,PACKAGING MATERIALS,cling film,cling film,0.92
mbS Traders-paper glass,PACKAGING MATERIALS,paper glass,paper glass,0.92
mbS Traders-paper plate,PACKAGING MATERIALS,paper plate,paper plate,0.92
mbS Traders-paper straw small,PACKAGING MATERIALS,paper straw,paper straw,0.92
mbS Traders-tissue Big size,PACKAGING MATERIALS,tissue,tissue,0.92
mocktail glass,PACKAGING MATERIALS,paper glass,paper glass,0.56
moktails Glass,PACKAGING MATERIALS,paper glass,paper glass,0.56
paper bags large,PACKAGING MATERIALS,paper bag,paper bag,0.92
paper bags medium,PACKAGING MATERIALS,paper bag,paper bag,0.92
paper bags regular,PACKAGING MATERIALS,paper bag,paper bag,0.92
plastic Colour Cover,PACKAGING MATERIALS,plastic cover,plastic cover,0.9
plastic Cover-1kg,PACKAGING MATERIALS,plastic cover,plastic cover,0.92
plastic cover,PACKAGING MATERIALS,plastic cover,plastic cover,1.0
plastic cover 5kg,PACKAGING MATERIALS,plastic cover,plastic cover,0.92
plastic cover-HM- 5kg,PACKAGING MATERIALS,plastic cover,plastic cover,0.92
tissue,PACKAGING MATERIALS,tissue,tissue,1.0
wodden spoon,PACKAGING MATERIALS,wooden spoon,wooden spoon,0.9167
wooden fork,PACKAGING MATERIALS,wooden fork,wooden fork,1.0
DVC CHocolate Sauce 2 LTR,SAUCES & SPREADS,chocolate sauce,chocolate sauce,0.92
Egg,SAUCES & SPREADS,eggless mayonnaise,eggless mayonnaise,0.92
Eggless Mayonise,SAUCES & SPREADS,eggless mayonnaise,eggless mayonnaise,0.9412
Eggless Mayonise -1kg,SAUCES & SPREADS,eggless mayonnaise,eggless mayonnaise,0.8421
Garlic Chilli Spread,SAUCES & SPREADS,garlic chilli spread,garlic chilli spread,1.0
Honey,SAUCES & SPREADS,honey mustard dressing,honey mustard dressing,0.92
Honey mustard dressing,SAUCES & SPREADS,honey mustard dressing,honey mustard dressing,1.0
Kadai Gravy,SAUCES & SPREADS,makhani gravy,makhani gravy,0.75
Ketchup,SAUCES & SPREADS,tomato ketchup,tomato ketchup,0.92
Ketchup -1.2kg,SAUCES & SPREADS,ketchup sachet,ketchup sachet,0.5926
Ketchup Sachet (8g),SAUCES & SPREADS,ketchup sachet,ketchup sachet,0.92
Ketchup Sachet (8g)-100,SAUCES & SPREADS,ketchup sachet,ketchup sachet,0.92
Looco'S-Pizza Sauce Primix-1Kg,SAUCES & SPREADS,pizza sauce,pizza sauce,0.92
Makhani Sauce,SAUCES & SPREADS,makhani sauce,makhani sauce,1.0
Makhani Sauce-1kg,SAUCES & SPREADS,makhani sauce,makhani sauce,0.92
Malas Chocolate Sauce 5 ltr,SAUCES & SPREADS,chocolate sauce,chocolate sauce,0.92
Mansoor Traders-chocolate Syrup-,SAUCES & SPREADS,chocolate sauce,chocolate sauce,0.5217
PIZZA SAUCE PREMIX,SAUCES & SPREADS,pizza sauce,pizza sauce,0.92
Pasta & Pizza Sauce,SAUCES & SPREADS,pasta pizza sauce,pasta pizza sauce,1.0
Pasta & Pizza Sauce-1kg,SAUCES & SPREADS,pizza sauce,pizza sauce,0.92
Pasta and Pizza Sause,SAUCES & SPREADS,pasta pizza sauce,pasta pizza sauce,0.8421
Pasta-Gomiti Rigatte,SAUCES & SPREADS,pasta pizza sauce,pasta pizza sauce,0.5405
Pizza Sauce Premix,SAUCES & SPREADS,pizza sauce,pizza sauce,0.92
Pizza Sauce Primix,SAUCES & SPREADS,pizza sauce,pizza sauce,0.92
Pizza sauce premix,SAUCES & SPREADS,pizza sauce,pizza sauce,0.92
Salva Food Agencies-Pasta Pizza Sauce,SAUCES & SPREADS,pizza sauce,pizza sauce,0.92
Schezwan Mix,SAUCES & SPREADS,schezwan sauce,schezwan sauce,0.6923
Schezwan sauce,SAUCES & SPREADS,schezwan sauce,schezwan sauce,1.0
Tandoori Spread,SAUCES & SPREADS,tandoori spread,tandoori spread,1.0
Tandoori Spread-1kg,SAUCES & SPREADS,tandoori spread,tandoori spread,0.92
Tandoori Tikka Marinade 500Grm,SAUCES & SPREADS,tandoori mayonnaise,tandoori mayonnaise,0.5714
Tandoori Tikka Marinade-500grm,SAUCES & SPREADS,tandoori mayonnaise,tandoori mayonnaise,0.5714
Thousand island,SAUCES & SPREADS,thousand island dressing,thousand island dressing,0.92
Thousand island-1kg,SAUCES & SPREADS,thousand island dressing,thousand island dressing,0.7907
Veeba Eggless Mayonise Chef 1KG,SAUCES & SPREADS,eggless mayonnaise,eggless mayonnaise,0.6531
Veeba Gouda Flavoured Dressing,SAUCES & SPREADS,gouda flavoured dressing,gouda flavoured dressing,0.92
Veeba Ketchup Sachet,SAUCES & SPREADS,ketchup sachet,ketchup sachet,0.92
Veeba Makhani Gravy 1KG,SAUCES & SPREADS,makhani gravy,makhani gravy,0.92
Veeba Pasta & Pizza Sauce 1KG,SAUCES & SPREADS,pizza sauce,pizza sauce,0.92
Veeba T. Ketchup 1.2KG,SAUCES & SPREADS,tomato ketchup,tomato ketchup,0.5714
Veeba Tandoori Spread-1kg,SAUCES & SPREADS,tandoori spread,tandoori spread,0.92
Veeba ThousandIsland Dressing 1KG,SAUCES & SPREADS,thousand island dressing,thousand island dressing,0.807
Veeba-Eggless Mayonise -1Kg,SAUCES & SPREADS,eggless mayonnaise,eggless mayonnaise,0.7273
Veeba-Ketchup -1.2Kg,SAUCES & SPREADS,tomato ketchup,tomato ketchup,0.5455
Veeba-Ketchup Sachet (8G)-100,SAUCES & SPREADS,ketchup sachet,ketchup sachet,0.92
Veeba-Pasta & Pizza Sauce-1Kg,SAUCES & SPREADS,pizza sauce,pizza sauce,0.92
Veeba-Tandoori Spread-1Kg,SAUCES & SPREADS,tandoori spread,tandoori spread,0.92
Veeba-Thousand Island-1Kg,SAUCES & SPREADS,thousand island dressing,thousand island dressing,0.6939
Veena-Pasta Pizza Sauce-1Kg,SAUCES & SPREADS,pizza sauce,pizza sauce,0.92
cheesy spread dip,SAUCES & SPREADS,cheesy spread,cheesy spread,0.92
chilli garlic spread,SAUCES & SPREADS,garlic chilli spread,garlic chilli spread,0.95
egg,SAUCES & SPREADS,eggless mayonnaise,eggless mayonnaise,0.92
gustora tom ketchup,SAUCES & SPREADS,tomato ketchup,tomato ketchup,0.6667
kadai gravy,SAUCES & SPREADS,makhani gravy,makhani gravy,0.75
makhni gravy,SAUCES & SPREADS,makhani gravy,makhani gravy,0.96
pizza sauce,SAUCES & SPREADS,pizza sauce,pizza sauce,1.0
tandoori mayonise,SAUCES & SPREADS,tandoori mayonnaise,tandoori mayonnaise,0.9444
tomato ketchup,SAUCES & SPREADS,tomato ketchup,tomato ketchup,1.0
tomato ketchup 1.2 bottle,SAUCES & SPREADS,tomato ketchup,tomato ketchup,0.92
veeba pizza pasta sauce,SAUCES & SPREADS,pasta sauce,pasta sauce,0.92
Apron,STATIONERY & MISC,apron,apron,1.0
Battery Small,STATIONERY & MISC,battery,battery,0.95
Cash Voucher Book,STATIONERY & MISC,cash voucher book,cash voucher book,1.0
Celotape-3/4inch-,STATIONERY & MISC,tape,tape,0.92
Cotton-cloth,STATIONERY & MISC,cotton cloth,cotton cloth,1.0
Electric Wire,STATIONERY & MISC,electric wire,electric wire,1.0
Entree-Jalapeno Slices-2.9 Kg,STATIONERY & MISC,pen,pen,0.92
Eveready Battery Small,STATIONERY & MISC,battery,battery,0.92
Fathima Super Market-pen-,STATIONERY & MISC,pen,pen,0.92
HABIT JALAPENO SLICES 2.9 KG,STATIONERY & MISC,pen,pen,0.92
Insulation Tape,STATIONERY & MISC,insulation tape,insulation tape,1.0
Jalapeno Slices,STATIONERY & MISC,pen,pen,0.92
Jalapeno Slices-2.9 kg,STATIONERY & MISC,pen,pen,0.92
Knife Sharpener,STATIONERY & MISC,pen,pen,0.92
LED Bulb-Sturlite-10watt,STATIONERY & MISC,led bulb,led bulb,0.92
Local Purchase-Cello Tape,STATIONERY & MISC,tape,tape,0.92
Local Purchase-LED Bulb 9w,STATIONERY & MISC,led bulb,led bulb,0.92
Local Purchase-Note Book,STATIONERY & MISC,note book,note book,0.92
Local Purchase-Note Book-,STATIONERY & MISC,note book,note book,0.92
Local Purchase-Pen,STATIONERY & MISC,pen,pen,0.92
Local Purchase-Pen-,STATIONERY & MISC,pen,pen,0.92
Local Purchase-Spray Gun-,STATIONERY & MISC,spray gun,spray gun,0.92
Local Purchase-Sticker,STATIONERY & MISC,sticker,sticker,0.92
Local Purchase-double Tape-,STATIONERY & MISC,tape,tape,0.92
Local Purchase-pen,STATIONERY & MISC,pen,pen,0.92
Local Purchase-voucher,STATIONERY & MISC,cash voucher book,cash voucher book,0.5641
Local Purchase-voucher book-,STATIONERY & MISC,voucher book,voucher book,0.92
M Seal,STATIONERY & MISC,seal ink,seal ink,0.5714
Nandanam-Rain Coat-,STATIONERY & MISC,rain coat,rain coat,0.92
Note Book,STATIONERY & MISC,note book,note book,1.0
Note Book small,STATIONERY & MISC,note book,note book,0.95
Pad Lock,STATIONERY & MISC,pad lock,pad lock,1.0
Pasta-Penne Rigatte,STATIONERY & MISC,pen,pen,0.92
Pasta-Penne Rigatte-500gm,STATIONERY & MISC,pen,pen,0.92
Pooja Items,STATIONERY & MISC,decoration items,decoration items,0.5926
Puramate Pasta-Penne Rigatte 500g,STATIONERY & MISC,pen,pen,0.92
Puramate-Pasta-Penne Rigatte-500Gm,STATIONERY & MISC,pen,pen,0.92
Rain Coat,STATIONERY & MISC,rain coat,rain coat,1.0
Reitzel-Jalapeno Slice-2.9kg,STATIONERY & MISC,pen,pen,0.92
Safa Books -Note Book-,STATIONERY & MISC,note book,note book,0.92
Safa Books -PEN,STATIONERY & MISC,pen,pen,0.92
Safa Books -Pen,STATIONERY & MISC,pen,pen,0.92
Safa Books -pen,STATIONERY & MISC,pen,pen,0.92
Safa Books -stapler -,STATIONERY & MISC,stapler,stapler,0.92
Safa Books -voucher book,STATIONERY & MISC,voucher book,voucher book,0.92
Seal Ink,STATIONERY & MISC,seal ink,seal ink,1.0
Spray-Gun,STATIONERY & MISC,spray gun,spray gun,1.0
Staff Attendence Register,STATIONERY & MISC,attendance register,attendance register,0.8182
Stapler Pin,STATIONERY & MISC,stapler pin,stapler pin,1.0
TAJIR JALAPENO SLICES 2.5 KG,STATIONERY & MISC,pen,pen,0.92
Tajir Habit-Jalapeno Slices-2.9 Kg,STATIONERY & MISC,pen,pen,0.92
apron,STATIONERY & MISC,apron,apron,1.0
cello tape,STATIONERY & MISC,tape,tape,0.92
decoration-Baloon,STATIONERY & MISC,decoration items,decoration items,0.6667
decoration-Mala,STATIONERY & MISC,decoration items,decoration items,0.7742
decoration-New Year mala,STATIONERY & MISC,decoration items,decoration items,0.65
decoration-Star-1,STATIONERY & MISC,decoration items,decoration items,0.7273
decoration-Star-2,STATIONERY & MISC,decoration items,decoration items,0.7273
file folder,STATIONERY & MISC,file folder,file folder,1.0
led bulb,STATIONERY & MISC,led bulb,led bulb,1.0
pen,STATIONERY & MISC,pen,pen,1.0
spray paint,STATIONERY & MISC,spray gun,spray gun,0.7
stamp pad,STATIONERY & MISC,stamp pad,stamp pad,1.0
sticker,STATIONERY & MISC,sticker,sticker,1.0
voucher book,STATIONERY & MISC,voucher book,voucher book,1.0
A.N.A Agencies-Spilt Pin-,UNMAPPED,UNMAPPED,,0.45
A.N.A Agencies-screw,UNMAPPED,UNMAPPED,,0.4242
APIS Honey 1kg,UNMAPPED,UNMAPPED,,0.4444
Agarbathi,UNMAPPED,UNMAPPED,,0.45
Agarbathi-Small,UNMAPPED,UNMAPPED,,0.45
Apis-Honey-1Ltr,UNMAPPED,UNMAPPED,,0.45
Black Olives Slice,UNMAPPED,UNMAPPED,,0.45
Black Olives Slice-3 kg,UNMAPPED,UNMAPPED,,0.45
Blue curacao mojito,UNMAPPED,UNMAPPED,,0.45
Brocoli,UNMAPPED,UNMAPPED,,0.45
Brocoli-isha Vegitable,UNMAPPED,UNMAPPED,,0.45
Bulb 584,UNMAPPED,UNMAPPED,,0.5
Bush Colour,UNMAPPED,UNMAPPED,,0.45
Candyman Fantastick,UNMAPPED,UNMAPPED,,0.4375
Capcicum-Veg,UNMAPPED,UNMAPPED,,0.45
Cashew nut,UNMAPPED,UNMAPPED,,0.45
Cauli Flower-veg,UNMAPPED,UNMAPPED,,0.45
Chembu-veg,UNMAPPED,UNMAPPED,,0.45
Citymart Supermarket-egg-,UNMAPPED,UNMAPPED,,0.4242
Citymart Supermarket-lighter-,UNMAPPED,UNMAPPED,,0.4286
"Diamond Hotel ware and Cutlerys-Glare Rock Dinner Plate 10.75""",UNMAPPED,UNMAPPED,,0.45
Dvc-Mango Beverage Blend-750Ml,UNMAPPED,UNMAPPED,,0.45
ENGLISH vegetables,UNMAPPED,UNMAPPED,,0.4242
Egg 7.5,UNMAPPED,UNMAPPED,,0.3333
Egg-5.5,UNMAPPED,UNMAPPED,,0.3333
Essar Associates-Soft Drink Bill,UNMAPPED,UNMAPPED,,0.4082
Exo spnge,UNMAPPED,UNMAPPED,,0.45
Fathima Super Market-Egg-,UNMAPPED,UNMAPPED,,0.4444
Fathima Super Market-egg,UNMAPPED,UNMAPPED,,0.4444
Fathima Super Market-egg-,UNMAPPED,UNMAPPED,,0.4444
Fruits,UNMAPPED,UNMAPPED,,0.45
Gas Tube,UNMAPPED,UNMAPPED,,0.45
Grain mild breading,UNMAPPED,UNMAPPED,,0.45
Green Peas,UNMAPPED,UNMAPPED,,0.45
Hand Wash,UNMAPPED,UNMAPPED,,0.45
Hersheys Cocoa-70grm,UNMAPPED,UNMAPPED,,0.45
Hersheys Syrup-200grm,UNMAPPED,UNMAPPED,,0.4865
Honey-1ltr,UNMAPPED,UNMAPPED,,0.5
I square-V3 Pin Cable,UNMAPPED,UNMAPPED,,0.45
Ice Berg,UNMAPPED,UNMAPPED,,0.45
Ice cube,UNMAPPED,UNMAPPED,,0.45
Ice cube/70,UNMAPPED,UNMAPPED,,0.45
Ice-cube,UNMAPPED,UNMAPPED,,0.45
Indian Oil-pulser-,UNMAPPED,UNMAPPED,,0.45
Isha Fresh Vegitables-Parcely-,UNMAPPED,UNMAPPED,,0.4
Isha Fresh Vegitables-Red Yellow Capcicum-,UNMAPPED,UNMAPPED,,0.3846
Isha Fresh Vegitalbles-Eng Veg,UNMAPPED,UNMAPPED,,0.439
Jar Caplar,UNMAPPED,UNMAPPED,,0.45
Jeerakham - Loose,UNMAPPED,UNMAPPED,,0.45
Jumbo Cover-Blue,UNMAPPED,UNMAPPED,,0.45
KOT Printing Rolls,UNMAPPED,UNMAPPED,,0.45
KOT ROLLS,UNMAPPED,UNMAPPED,,0.45
KTP Vegitables-vegitables,UNMAPPED,UNMAPPED,,0.359
KTP Vegitables-vegitables-,UNMAPPED,UNMAPPED,,0.359
LED Star,UNMAPPED,UNMAPPED,,0.5
Lime Pickle-500GRM-Rahath,UNMAPPED,UNMAPPED,,0.4348
Lion Honey 1kg,UNMAPPED,UNMAPPED,,0.4444
Local Purchase-Baloon,UNMAPPED,UNMAPPED,,0.45
Local Purchase-Baloon Handle,UNMAPPED,UNMAPPED,,0.45
Local Purchase-Bolt-,UNMAPPED,UNMAPPED,,0.45
Local Purchase-Egg,UNMAPPED,UNMAPPED,,0.45
Local Purchase-Egg-,UNMAPPED,UNMAPPED,,0.45
Local Purchase-Floor Spring EBCO-,UNMAPPED,UNMAPPED,,0.4286
Local Purchase-Gas HP,UNMAPPED,UNMAPPED,,0.45
Local Purchase-Green Plants,UNMAPPED,UNMAPPED,,0.4211
Local Purchase-Hanging Holder Metal-,UNMAPPED,UNMAPPED,,0.45
Local Purchase-Ice-Cube,UNMAPPED,UNMAPPED,,0.45
Local Purchase-Local Purchase,UNMAPPED,UNMAPPED,,0.3913
Local Purchase-Mixer Repair-coupler,UNMAPPED,UNMAPPED,,0.4082
Local Purchase-Poly Dust,UNMAPPED,UNMAPPED,,0.45
Local Purchase-SR200 Grip Plus,UNMAPPED,UNMAPPED,,0.4
Local Purchase-Stick,UNMAPPED,UNMAPPED,,0.45
Local Purchase-Washer,UNMAPPED,UNMAPPED,,0.45
Local Purchase-agarbatti,UNMAPPED,UNMAPPED,,0.439
Local Purchase-bike spare parts-,UNMAPPED,UNMAPPED,,0.45
Local Purchase-cashew nut,UNMAPPED,UNMAPPED,,0.4103
Local Purchase-egg,UNMAPPED,UNMAPPED,,0.45
Local Purchase-egg-,UNMAPPED,UNMAPPED,,0.45
Local Purchase-kadala,UNMAPPED,UNMAPPED,,0.45
Local Purchase-knife-,UNMAPPED,UNMAPPED,,0.45
Local Purchase-lighter,UNMAPPED,UNMAPPED,,0.4444
Local Purchase-micro,UNMAPPED,UNMAPPED,,0.45
Local Purchase-stick,UNMAPPED,UNMAPPED,,0.45
Local Purchase-vegetable,UNMAPPED,UNMAPPED,,0.45
Local Purchase-vegitables,UNMAPPED,UNMAPPED,,0.45
Looco'S-Large Box-50Nos,UNMAPPED,UNMAPPED,,0.4737
Looco'S-Medium Box-50Nos,UNMAPPED,UNMAPPED,,0.5
Looco'S-Moktails Glass-50Nos,UNMAPPED,UNMAPPED,,0.45
Looco'S-Schezwan Mix-1Kg,UNMAPPED,UNMAPPED,,0.4737
Looco'S-Tandoori Mix-1Kg,UNMAPPED,UNMAPPED,,0.5128
M Thuvara,UNMAPPED,UNMAPPED,,0.4348
MBS Traders-Egg,UNMAPPED,UNMAPPED,,0.45
MBS Traders-Micro 20x26,UNMAPPED,UNMAPPED,,0.45
MBS Traders-Micro 20x26-,UNMAPPED,UNMAPPED,,0.45
MBS Traders-Micro 27x30-,UNMAPPED,UNMAPPED,,0.45
MBS Traders-Micro-,UNMAPPED,UNMAPPED,,0.45
MBS Traders-agarbatti,UNMAPPED,UNMAPPED,,0.4375
MBS Traders-egg,UNMAPPED,UNMAPPED,,0.45
MBS Traders-jumbo cover,UNMAPPED,UNMAPPED,,0.45
MBS Traders-jumbo cover-,UNMAPPED,UNMAPPED,,0.45
MBS Traders-micro 16x20,UNMAPPED,UNMAPPED,,0.45
MBS Traders-micro 16x20-,UNMAPPED,UNMAPPED,,0.45
Maintenance-Chair Welding charges-,UNMAPPED,UNMAPPED,,0.5091
Maintenance-Make line Repair,UNMAPPED,UNMAPPED,,0.5
Mango Crush Sauce 750ml Malas,UNMAPPED,UNMAPPED,,0.45
Mayonise premium,UNMAPPED,UNMAPPED,,0.45
Micro 10x13,UNMAPPED,UNMAPPED,,0.3704
Micro 13x16,UNMAPPED,UNMAPPED,,0.3704
Micro 16x20,UNMAPPED,UNMAPPED,,0.4
Micro 16x20-Small pkt,UNMAPPED,UNMAPPED,,0.4
Micro 20x26,UNMAPPED,UNMAPPED,,0.4
Micro 26x30,UNMAPPED,UNMAPPED,,0.4
Micro 27x30,UNMAPPED,UNMAPPED,,0.4
"Mix Veg, pickle-250g-tholur",UNMAPPED,UNMAPPED,,0.45
Neo Black Sliced Olives,UNMAPPED,UNMAPPED,,0.45
Neo Red Paprika 3Kg,UNMAPPED,UNMAPPED,,0.45
Neo-Black Sliced Olives-3kg,UNMAPPED,UNMAPPED,,0.45
Neo-Red Paprika Slice-2.5Kg,UNMAPPED,UNMAPPED,,0.45
PVC Bend,UNMAPPED,UNMAPPED,,0.45
Padlock,UNMAPPED,UNMAPPED,,0.45
Parsely- Isga Vegitable,UNMAPPED,UNMAPPED,,0.45
Parsely- Isha Vegitable,UNMAPPED,UNMAPPED,,0.45
Parsely-Veg,UNMAPPED,UNMAPPED,,0.45
Pasta-Gomiti Rigatte-500gm,UNMAPPED,UNMAPPED,,0.4651
Phoenix Ice Cubes-Ice Cubes-,UNMAPPED,UNMAPPED,,0.4186
Phoenix Ice Cubes-ice cubes,UNMAPPED,UNMAPPED,,0.4186
Phoenix Ice Cubes-ice cubes-,UNMAPPED,UNMAPPED,,0.4186
Puramate Pasta-Gomiti Rigate - macroni - 500g,UNMAPPED,UNMAPPED,,0.45
Puramate Pasta-Gomiti Rigate 500g,UNMAPPED,UNMAPPED,,0.45
Puramate-Pasta-Gomiti Rigatte-500Gm,UNMAPPED,UNMAPPED,,0.45
Rat Trap,UNMAPPED,UNMAPPED,,0.45
Red Paprika Slice,UNMAPPED,UNMAPPED,,0.45
Red Paprika Slice-2.5kg,UNMAPPED,UNMAPPED,,0.45
Red Yellow Capcicum,UNMAPPED,UNMAPPED,,0.45
Rose lichy crush mojito,UNMAPPED,UNMAPPED,,0.45
Royal HyperMarket-Hersheys Chocolate syrup,UNMAPPED,UNMAPPED,,0.45
Rubber Seal,UNMAPPED,UNMAPPED,,0.45
Safa Books -Whitner,UNMAPPED,UNMAPPED,,0.45
Sarwar Black Olive SLices 3.1KG,UNMAPPED,UNMAPPED,,0.45
Sirocco-Black Olives Slice-3 Kg,UNMAPPED,UNMAPPED,,0.45
Snakeguard-Veg,UNMAPPED,UNMAPPED,,0.45
Sumeru Nuggets Premium 1Kg,UNMAPPED,UNMAPPED,,0.5
Summeru Neggets Premium 1KG,UNMAPPED,UNMAPPED,,0.449
Surya Auto Agencies-Engine Oil-,UNMAPPED,UNMAPPED,,0.45
TAJIR HABIT Pinaple Slice 50g,UNMAPPED,UNMAPPED,,0.45
Towel,UNMAPPED,UNMAPPED,,0.45
UrumbPodi-Fenval,UNMAPPED,UNMAPPED,,0.45
VEG,UNMAPPED,UNMAPPED,,0.4444
Veeba Barbequesauce 1KG,UNMAPPED,UNMAPPED,,0.4375
Veeba-Schezwansauce-1Kg,UNMAPPED,UNMAPPED,,0.45
Vegitables,UNMAPPED,UNMAPPED,,0.45
Vilekkenna,UNMAPPED,UNMAPPED,,0.45
Vineger,UNMAPPED,UNMAPPED,,0.45
W/L Mouse Glid Pro,UNMAPPED,UNMAPPED,,0.4138
Wall Hook,UNMAPPED,UNMAPPED,,0.45
Whitner,UNMAPPED,UNMAPPED,,0.45
Zippy  B.Fast Sausage,UNMAPPED,UNMAPPED,,0.5143
badam,UNMAPPED,UNMAPPED,,0.45
bio covers,UNMAPPED,UNMAPPED,,0.4706
black olive slice Habit,UNMAPPED,UNMAPPED,,0.5128
black olive slice btl 450gm,UNMAPPED,UNMAPPED,,0.4651
brinjal-veg,UNMAPPED,UNMAPPED,,0.45
bucket-Plastic,UNMAPPED,UNMAPPED,,0.5185
cashew,UNMAPPED,UNMAPPED,,0.45
cheese cake cassata syrup,UNMAPPED,UNMAPPED,,0.5
churanga,UNMAPPED,UNMAPPED,,0.45
coffee mocha syrup taste craft,UNMAPPED,UNMAPPED,,0.4783
colour,UNMAPPED,UNMAPPED,,0.45
cover colour,UNMAPPED,UNMAPPED,,0.45
diya wicks,UNMAPPED,UNMAPPED,,0.45
egg 40,UNMAPPED,UNMAPPED,,0.4
egg 6,UNMAPPED,UNMAPPED,,0.3529
egg 7,UNMAPPED,UNMAPPED,,0.3529
egg 8,UNMAPPED,UNMAPPED,,0.3529
egg-6.50,UNMAPPED,UNMAPPED,,0.3529
eng veg,UNMAPPED,UNMAPPED,,0.45
eng.veg,UNMAPPED,UNMAPPED,,0.45
five Star Traders-Agarbatti-,UNMAPPED,UNMAPPED,,0.449
five Star Traders-Badam-,UNMAPPED,UNMAPPED,,0.4444
five Star Traders-Chilly whole-,UNMAPPED,UNMAPPED,,0.45
five Star Traders-Jeerakham-,UNMAPPED,UNMAPPED,,0.45
five Star Traders-Nool,UNMAPPED,UNMAPPED,,0.45
five Star Traders-Soya chunk,UNMAPPED,UNMAPPED,,0.5128
five Star Traders-badam,UNMAPPED,UNMAPPED,,0.4444
five Star Traders-black papper,UNMAPPED,UNMAPPED,,0.45
five Star Traders-black papper-,UNMAPPED,UNMAPPED,,0.45
five Star Traders-cashew nut,UNMAPPED,UNMAPPED,,0.45
five Star Traders-cashew nut-,UNMAPPED,UNMAPPED,,0.45
five Star Traders-cashewnut-,UNMAPPED,UNMAPPED,,0.45
five Star Traders-exo dish wash soap-,UNMAPPED,UNMAPPED,,0.45
five Star Traders-honey 250grm,UNMAPPED,UNMAPPED,,0.3913
five Star Traders-kadala,UNMAPPED,UNMAPPED,,0.45
fruits,UNMAPPED,UNMAPPED,,0.45
fruits and vegetables,UNMAPPED,UNMAPPED,,0.45
funel,UNMAPPED,UNMAPPED,,0.4286
grocery,UNMAPPED,UNMAPPED,,0.45
hungritos premium,UNMAPPED,UNMAPPED,,0.45
ice cube,UNMAPPED,UNMAPPED,,0.45
ice cube/70,UNMAPPED,UNMAPPED,,0.45
ice cube/80,UNMAPPED,UNMAPPED,,0.45
isha veg,UNMAPPED,UNMAPPED,,0.45
isham veg,UNMAPPED,UNMAPPED,,0.45
kadala brown,UNMAPPED,UNMAPPED,,0.45
kitchen towel,UNMAPPED,UNMAPPED,,0.45
kovakka-veg,UNMAPPED,UNMAPPED,,0.45
lighter,UNMAPPED,UNMAPPED,,0.45
mango crush taste craft,UNMAPPED,UNMAPPED,,0.4706
mbS Traders-Egg,UNMAPPED,UNMAPPED,,0.45
mbS Traders-Micro 20x26,UNMAPPED,UNMAPPED,,0.45
mbS Traders-Vilakenna,UNMAPPED,UNMAPPED,,0.45
mbS Traders-agarbatti,UNMAPPED,UNMAPPED,,0.4375
mbS Traders-egg,UNMAPPED,UNMAPPED,,0.45
mbS Traders-jumbo cover,UNMAPPED,UNMAPPED,,0.45
mbS Traders-micro 10x14,UNMAPPED,UNMAPPED,,0.45
mbS Traders-micro 13x16,UNMAPPED,UNMAPPED,,0.45
mbS Traders-micro 16x20,UNMAPPED,UNMAPPED,,0.45
mbS Traders-micro 27x30,UNMAPPED,UNMAPPED,,0.45
mosquito bat,UNMAPPED,UNMAPPED,,0.4762
nimboz,UNMAPPED,UNMAPPED,,0.45
nuggets sneha,UNMAPPED,UNMAPPED,,0.5143
nuggets sumeru,UNMAPPED,UNMAPPED,,0.5
packing meterials,UNMAPPED,UNMAPPED,,0.45
pappaya-veg,UNMAPPED,UNMAPPED,,0.45
parsely,UNMAPPED,UNMAPPED,,0.45
payar,UNMAPPED,UNMAPPED,,0.45
payyar-veg,UNMAPPED,UNMAPPED,,0.45
plaster-Medical,UNMAPPED,UNMAPPED,,0.45
red paprica 680gm,UNMAPPED,UNMAPPED,,0.45
red paprika habit,UNMAPPED,UNMAPPED,,0.45
red paprika habit 670ml,UNMAPPED,UNMAPPED,,0.45
roasted peanuts,UNMAPPED,UNMAPPED,,0.45
rubber band,UNMAPPED,UNMAPPED,,0.45
sirocco black olive,UNMAPPED,UNMAPPED,,0.5143
sky vanilla 4 ltr,UNMAPPED,UNMAPPED,,0.4444
stationery,UNMAPPED,UNMAPPED,,0.45
veg,UNMAPPED,UNMAPPED,,0.4444
veg fruit grocery,UNMAPPED,UNMAPPED,,0.45
vegetable n fruit,UNMAPPED,UNMAPPED,,0.45
vegetables,UNMAPPED,UNMAPPED,,0.45
Airtel-mobile recharge,UTILITIES & EXPENSES,mobile recharge,mobile recharge,0.92
Airtel-recharge-,UTILITIES & EXPENSES,recharge,recharge,0.92
Bike Maintenance-Puncture repair-Discover,UTILITIES & EXPENSES,bike maintenance,bike maintenance,0.92
Bike Maintenance-Tyre And Tube change-,UTILITIES & EXPENSES,bike maintenance,bike maintenance,0.92
Gas-LPG-HPCL,UTILITIES & EXPENSES,lpg gas,lpg gas,0.9
Gas-LPG-IOCL,UTILITIES & EXPENSES,lpg gas,lpg gas,0.9
HPCL-GAS,UTILITIES & EXPENSES,lpg gas,lpg gas,0.6667
HPCL-Gas,UTILITIES & EXPENSES,lpg gas,lpg gas,0.6667
HPCL-Gas-,UTILITIES & EXPENSES,lpg gas,lpg gas,0.6667
HPCL-Petrol,UTILITIES & EXPENSES,petrol,petrol,0.92
HPCL-gas,UTILITIES & EXPENSES,lpg gas,lpg gas,0.6667
HPCL-gas-,UTILITIES & EXPENSES,lpg gas,lpg gas,0.6667
Indian Oil-Generator-,UTILITIES & EXPENSES,generator fuel,generator fuel,0.5294
Indian Oil-petrol,UTILITIES & EXPENSES,petrol,petrol,0.92
Maintenance-Bike tube replace,UTILITIES & EXPENSES,bike maintenance,bike maintenance,0.9
Nayara Energy-petrol,UTILITIES & EXPENSES,petrol,petrol,0.92
Petrol,UTILITIES & EXPENSES,petrol,petrol,1.0
Petrol-BPCL,UTILITIES & EXPENSES,petrol,petrol,0.92
Petrol-HPCL,UTILITIES & EXPENSES,petrol,petrol,0.92
Petrol-IOCL,UTILITIES & EXPENSES,petrol,petrol,0.92
Petrol-Nayara,UTILITIES & EXPENSES,petrol,petrol,0.92
Rent-Staff Room Remt,UTILITIES & EXPENSES,rent,rent,0.92
Satheesh-Waste Collection,UTILITIES & EXPENSES,waste collection,waste collection,0.92
Satheesh-Waste Collection-,UTILITIES & EXPENSES,waste collection,waste collection,0.92
Transportation-,UTILITIES & EXPENSES,transportation charges,transportation charges,0.92
Transportation-Auto fare,UTILITIES & EXPENSES,transportation charges,transportation charges,0.7826
Transportation-Auto fare from Otp-,UTILITIES & EXPENSES,transportation charges,transportation charges,0.6545
Transportation-Origano-,UTILITIES & EXPENSES,transportation charges,transportation charges,0.7727
Transportation-transportation-,UTILITIES & EXPENSES,transportation charges,transportation charges,0.9
Transportation-transportation-vegitables,UTILITIES & EXPENSES,transportation charges,transportation charges,0.6129
Transportation-vegitables,UTILITIES & EXPENSES,transportation charges,transportation charges,0.766
Transportation-vegitables-,UTILITIES & EXPENSES,transportation charges,transportation charges,0.766
jio-mobile recharge-,UTILITIES & EXPENSES,mobile recharge,mobile recharge,0.92
labour Charges-Union Charges,UTILITIES & EXPENSES,labour charges,labour charges,0.92
petrol,UTILITIES & EXPENSES,petrol,petrol,1.0
BASIL,VEGETABLES,fresh basil,fresh basil,0.95
Baby Corn Tasty 450G,VEGETABLES,baby corn,baby corn,0.92
Baby Corn Whole,VEGETABLES,baby corn,baby corn,0.95
Baby Corn Whole-450GM-Golden Crown,VEGETABLES,baby corn,baby corn,0.92
Baby Corn Whole-450gm,VEGETABLES,baby corn,baby corn,0.92
Baby Corn Whole-800GM-Tajir Habit,VEGETABLES,baby corn,baby corn,0.92
Baby Corn Whole-Fresh,VEGETABLES,baby corn,baby corn,0.95
Baby Corn Whole-Fresh-Isha Vegitables,VEGETABLES,baby corn,baby corn,0.92
Basil,VEGETABLES,fresh basil,fresh basil,0.95
Basil-fresh,VEGETABLES,fresh basil,fresh basil,0.95
Basil-fresh-Isha Vegitables,VEGETABLES,fresh basil,fresh basil,0.9
Beans-veg,VEGETABLES,beans,beans,0.95
Bitter Guard-Veg,VEGETABLES,bitter gourd,bitter gourd,0.7857
Broccoli-royal,VEGETABLES,broccoli,broccoli,0.92
Carrot-Veg,VEGETABLES,carrot,carrot,0.95
Centreal Bazar-Parsley Herbs,VEGETABLES,parsley,parsley,0.92
Cheera-veg,VEGETABLES,cheera,cheera,0.95
Coriander Leaves-Veg,VEGETABLES,coriander leaves,coriander leaves,0.95
Cucumber-veg,VEGETABLES,cucumber,cucumber,0.95
DVC Mint Flavoured Syrup 750 ml,VEGETABLES,mint,mint,0.92
Dvc-Cucumber-750Ml,VEGETABLES,cucumber,cucumber,0.92
Dvc-Fresh Garden Mint-750Ml,VEGETABLES,mint,mint,0.92
Fresh Garden Mint,VEGETABLES,mint,mint,0.92
Fresh Garden Mint-750ml,VEGETABLES,mint,mint,0.92
G.Crown Mushroom Slice 800g,VEGETABLES,mushroom,mushroom,0.92
Garlic Paste,VEGETABLES,garlic,garlic,0.92
Garlic-Veg,VEGETABLES,garlic,garlic,0.95
Ginger-Veg,VEGETABLES,ginger,ginger,0.95
Golden Crown-Baby Corn Whole-450Gm,VEGETABLES,baby corn,baby corn,0.92
Golden Crown-Mushroom Slice-800Gm,VEGETABLES,mushroom,mushroom,0.92
Isha Fresh Vegitables-Basil leaf-,VEGETABLES,fresh basil,fresh basil,0.9
Isha Fresh Vegitables-Broccoli-,VEGETABLES,broccoli,broccoli,0.92
Ladyfinger,VEGETABLES,ladyfinger,ladyfinger,1.0
Lemon Pickle-500grm-pkt,VEGETABLES,lemon,lemon,0.92
Lemon-Veg,VEGETABLES,lemon,lemon,0.95
Local Purchase-Mint,VEGETABLES,mint,mint,0.92
Local Purchase-lemon,VEGETABLES,lemon,lemon,0.92
Local Purchase-whole chilli,VEGETABLES,green chilli,green chilli,0.9
Maida yamuna,VEGETABLES,yam,yam,0.92
Mint-Veg,VEGETABLES,mint,mint,0.95
Mushroom Slice,VEGETABLES,mushroom,mushroom,0.92
Mushroom Slice-800gm,VEGETABLES,mushroom,mushroom,0.92
Okra-Veg,VEGETABLES,okra,okra,0.95
Onion-Veg,VEGETABLES,onion,onion,0.95
PTM stores-whole chilli,VEGETABLES,green chilli,green chilli,0.9
Potato-Veg,VEGETABLES,potato,potato,0.95
Puramate Basil 250g Pouch,VEGETABLES,fresh basil,fresh basil,0.9
Red yellow capsicum,VEGETABLES,capsicum,capsicum,0.95
Red yellow capsicum-isha Vegitable,VEGETABLES,capsicum,capsicum,0.92
TOMATO 10KG,VEGETABLES,tomato,tomato,0.92
Tajir Habit-Baby Corn Whole-800Gm,VEGETABLES,baby corn,baby corn,0.92
Tomato,VEGETABLES,tomato,tomato,1.0
Tomato-Veg,VEGETABLES,tomato,tomato,0.95
baby corn,VEGETABLES,baby corn,baby corn,1.0
bottle gourd,VEGETABLES,bitter gourd,bitter gourd,0.8333
cabbage-veg,VEGETABLES,cabbage,cabbage,0.95
canvill button mushroom,VEGETABLES,mushroom,mushroom,0.92
capsicum,VEGETABLES,capsicum,capsicum,1.0
chilly garlic spread,VEGETABLES,garlic,garlic,0.92
five Star Traders-whole chilli,VEGETABLES,green chilli,green chilli,0.9
garlic,VEGETABLES,garlic,garlic,1.0
ginger,VEGETABLES,ginger,ginger,1.0
habit baby corn,VEGETABLES,baby corn,baby corn,0.92
hybrid tomato,VEGETABLES,tomato,tomato,0.92
lemon,VEGETABLES,lemon,lemon,1.0
maida yamuna,VEGETABLES,yam,yam,0.92
mint,VEGETABLES,mint,mint,1.0
mushroom slice Food coast,VEGETABLES,mushroom,mushroom,0.92
onion,VEGETABLES,onion,onion,1.0
raw papaya,VEGETABLES,raw papaya,raw papaya,1.0
tomato,VEGETABLES,tomato,tomato,1.0
tomato and fruits,VEGETABLES,tomato,tomato,0.92
tomato hibreed,VEGETABLES,tomato,tomato,0.92
yam-veg,VEGETABLES,yam,yam,0.95
