Month_code,Category,consumed-stock_amount,Total Sales[POS Sales less GST + Swiggy to Loocos],consumed-stock_amount%
2026-03,PACKAGING MATERIALS,23358.8,19444.6,120.13
2026-03,CHEESE & DAIRY,21701.79,19444.6,111.61
2026-03,MASALA & SEASONINGS,17116.6,19444.6,88.03
2026-03,UNMAPPED,14417.17,19444.6,74.14
2026-03,SAUCES & SPREADS,9635.9,19444.6,49.56
2026-03,MEAT & POULTRY,9052.02,19444.6,46.55
2026-03,BAKERY & PREMIX,7461.8,19444.6,38.37
2026-03,FRUITS,4369.95,19444.6,22.47
2026-03,UTILITIES & EXPENSES,3560.0,19444.6,18.31
2026-03,VEGETABLES,3390.0,19444.6,17.43
2026-03,OILS,2619.0,19444.6,13.47
2026-03,STATIONERY & MISC,1025.0,19444.6,5.27
2026-03,BEVERAGES,1012.0,19444.6,5.2
2026-03,"FLOUR, GRAINS & DRY GOODS",875.0,19444.6,4.5
2026-03,KITCHEN EQUIPMENT & UTENSILS,675.0,19444.6,3.47
2026-03,FROZEN ITEMS,635.46,19444.6,3.27
2026-02,UNMAPPED,30935.66,375917.45,8.23
2026-02,CHEESE & DAIRY,28254.300000000003,375917.45,7.52
2026-02,MEAT & POULTRY,20199.38,375917.45,5.37
2026-02,BEVERAGES,17541.53,375917.45,4.67
2026-02,UTILITIES & EXPENSES,15005.0,375917.45,3.99
2026-02,SAUCES & SPREADS,12173.72,375917.45,3.24
2026-02,MASALA & SEASONINGS,10170.1,375917.45,2.71
2026-02,PACKAGING MATERIALS,9274.3,375917.45,2.47
2026-02,"FLOUR, GRAINS & DRY GOODS",7808.0,375917.45,2.08
2026-02,BAKERY & PREMIX,5128.400000000001,375917.45,1.36
2026-02,VEGETABLES,4882.0,375917.45,1.3
2026-02,OILS,3764.0,375917.45,1.0
2026-02,FROZEN ITEMS,3422.54,375917.45,0.91
2026-02,STATIONERY & MISC,2450.0,375917.45,0.65
2026-02,FRUITS,2267.3199999999997,375917.45,0.6
2026-02,KITCHEN EQUIPMENT & UTENSILS,0.0,375917.45,0.0
2026-01,CHEESE & DAIRY,50197.24,464506.6,10.81
2026-01,MEAT & POULTRY,30813.64,464506.6,6.63
2026-01,UNMAPPED,30035.32,464506.6,6.47
2026-01,UTILITIES & EXPENSES,15570.0,464506.6,3.35
2026-01,BEVERAGES,12361.42,464506.6,2.66
2026-01,PACKAGING MATERIALS,9541.45,464506.6,2.05
2026-01,"FLOUR, GRAINS & DRY GOODS",8568.0,464506.6,1.84
2026-01,SAUCES & SPREADS,7792.83,464506.6,1.68
2026-01,OILS,6797.5,464506.6,1.46
2026-01,BAKERY & PREMIX,5107.400000000001,464506.6,1.1
2026-01,MASALA & SEASONINGS,5111.950000000001,464506.6,1.1
2026-01,VEGETABLES,4969.0,464506.6,1.07
2026-01,FROZEN ITEMS,3561.13,464506.6,0.77
2026-01,FRUITS,1586.68,464506.6,0.34
2026-01,STATIONERY & MISC,1410.0,464506.6,0.3
2025-12,CHEESE & DAIRY,43296.12,494089.55,8.76
2025-12,UNMAPPED,36067.06,494089.55,7.3
2025-12,MEAT & POULTRY,23848.09,494089.55,4.83
2025-12,PACKAGING MATERIALS,15010.95,494089.55,3.04
2025-12,SAUCES & SPREADS,11448.25,494089.55,2.32
2025-12,BEVERAGES,11116.49,494089.55,2.25
2025-12,MASALA & SEASONINGS,8795.949999999999,494089.55,1.78
2025-12,"FLOUR, GRAINS & DRY GOODS",7212.9,494089.55,1.46
2025-12,UTILITIES & EXPENSES,7125.0,494089.55,1.44
2025-12,BAKERY & PREMIX,6848.4,494089.55,1.39
2025-12,VEGETABLES,5718.0,494089.55,1.16
2025-12,FROZEN ITEMS,4808.34,494089.55,0.97
2025-12,OILS,3361.9,494089.55,0.68
2025-12,FRUITS,3014.25,494089.55,0.61
2025-12,STATIONERY & MISC,2031.0,494089.55,0.41
2025-12,KITCHEN EQUIPMENT & UTENSILS,675.0,494089.55,0.14
2025-12,CLEANING SUPPLIES,287.5,494089.55,0.06
2025-11,UNMAPPED,47576.44,454730.6,10.46
2025-11,CHEESE & DAIRY,40894.78,454730.6,8.99
2025-11,MEAT & POULTRY,26040.17,454730.6,5.73
2025-11,UTILITIES & EXPENSES,19580.0,454730.6,4.31
2025-11,VEGETABLES,14033.0,454730.6,3.09
2025-11,PACKAGING MATERIALS,11583.0,454730.6,2.55
2025-11,BEVERAGES,9778.68,454730.6,2.15
2025-11,SAUCES & SPREADS,8607.2,454730.6,1.89
2025-11,BAKERY & PREMIX,6435.4,454730.6,1.42
2025-11,MASALA & SEASONINGS,6312.37,454730.6,1.39
2025-11,FRUITS,2061.25,454730.6,0.45
2025-11,STATIONERY & MISC,1830.0,454730.6,0.4
2025-11,FROZEN ITEMS,874.4799999999998,454730.6,0.19
2025-11,OILS,299.7,454730.6,0.07
2025-11,"FLOUR, GRAINS & DRY GOODS",245.5,454730.6,0.05
2025-11,KITCHEN EQUIPMENT & UTENSILS,0.0,454730.6,0.0
2025-11,CLEANING SUPPLIES,-287.5,454730.6,-0.06
2025-10,CHEESE & DAIRY,43172.77,455473.55,9.48
2025-10,UNMAPPED,38636.43,455473.55,8.48
2025-10,MEAT & POULTRY,23429.210000000003,455473.55,5.14
2025-10,UTILITIES & EXPENSES,15530.0,455473.55,3.41
2025-10,BEVERAGES,12141.19,455473.55,2.67
2025-10,SAUCES & SPREADS,9096.58,455473.55,2.0
2025-10,PACKAGING MATERIALS,8489.6,455473.55,1.86
2025-10,MASALA & SEASONINGS,7924.990000000001,455473.55,1.74
2025-10,VEGETABLES,5787.0,455473.55,1.27
2025-10,BAKERY & PREMIX,2903.6,455473.55,0.64
2025-10,STATIONERY & MISC,2615.0,455473.55,0.57
2025-10,FROZEN ITEMS,1666.97,455473.55,0.37
2025-10,FRUITS,1482.25,455473.55,0.33
2025-10,OILS,828.9,455473.55,0.18
2025-10,"FLOUR, GRAINS & DRY GOODS",461.5,455473.55,0.1
2025-09,CHEESE & DAIRY,40139.770000000004,480840.35,8.35
2025-09,UNMAPPED,34968.69,480840.35,7.27
2025-09,MEAT & POULTRY,22126.72,480840.35,4.6
2025-09,UTILITIES & EXPENSES,15490.0,480840.35,3.22
2025-09,BEVERAGES,12059.89,480840.35,2.51
2025-09,PACKAGING MATERIALS,11879.800000000001,480840.35,2.47
2025-09,VEGETABLES,11601.8,480840.35,2.41
2025-09,SAUCES & SPREADS,10660.5,480840.35,2.22
2025-09,FROZEN ITEMS,9596.01,480840.35,2.0
2025-09,BAKERY & PREMIX,8066.0,480840.35,1.68
2025-09,MASALA & SEASONINGS,6972.16,480840.35,1.45
2025-09,FRUITS,2150.4,480840.35,0.45
2025-09,STATIONERY & MISC,1859.0,480840.35,0.39
2025-09,OILS,505.5,480840.35,0.11
2025-09,"FLOUR, GRAINS & DRY GOODS",-435.0,480840.35,-0.09
2025-08,CHEESE & DAIRY,43636.94,507628.39999999997,8.6
2025-08,UNMAPPED,38765.27,507628.39999999997,7.64
2025-08,MEAT & POULTRY,29422.19,507628.39999999997,5.8
2025-08,BEVERAGES,14646.28,507628.39999999997,2.89
2025-08,UTILITIES & EXPENSES,13440.0,507628.39999999997,2.65
2025-08,VEGETABLES,11777.2,507628.39999999997,2.32
2025-08,PACKAGING MATERIALS,11239.85,507628.39999999997,2.21
2025-08,SAUCES & SPREADS,9614.42,507628.39999999997,1.89
2025-08,MASALA & SEASONINGS,8321.7,507628.39999999997,1.64
2025-08,FROZEN ITEMS,7768.18,507628.39999999997,1.53
2025-08,BAKERY & PREMIX,6059.0,507628.39999999997,1.19
2025-08,STATIONERY & MISC,1776.0,507628.39999999997,0.35
2025-08,CLEANING SUPPLIES,1150.0,507628.39999999997,0.23
2025-08,"FLOUR, GRAINS & DRY GOODS",1164.0,507628.39999999997,0.23
2025-08,FRUITS,529.48,507628.39999999997,0.1
2025-08,OILS,-402.0,507628.39999999997,-0.08
2025-07,UNMAPPED,42839.34,470467.1,9.11
2025-07,CHEESE & DAIRY,40556.01,470467.1,8.62
2025-07,MEAT & POULTRY,25255.870000000003,470467.1,5.37
2025-07,UTILITIES & EXPENSES,15510.0,470467.1,3.3
2025-07,VEGETABLES,13468.02,470467.1,2.86
2025-07,PACKAGING MATERIALS,11811.2,470467.1,2.51
2025-07,SAUCES & SPREADS,8634.94,470467.1,1.84
2025-07,BEVERAGES,8357.54,470467.1,1.78
2025-07,FROZEN ITEMS,7665.35,470467.1,1.63
2025-07,MASALA & SEASONINGS,7095.849999999999,470467.1,1.51
2025-07,BAKERY & PREMIX,5513.0,470467.1,1.17
2025-07,FRUITS,2291.76,470467.1,0.49
2025-07,STATIONERY & MISC,2300.3,470467.1,0.49
2025-07,CLEANING SUPPLIES,1150.0,470467.1,0.24
2025-07,OILS,740.1,470467.1,0.16
2025-07,"FLOUR, GRAINS & DRY GOODS",-128.0,470467.1,-0.03
2025-06,CHEESE & DAIRY,32843.57,403429.0,8.14
2025-06,UNMAPPED,31633.329999999998,403429.0,7.84
2025-06,MEAT & POULTRY,21415.04,403429.0,5.31
2025-06,BEVERAGES,13420.03,403429.0,3.33
2025-06,UTILITIES & EXPENSES,11535.0,403429.0,2.86
2025-06,VEGETABLES,10009.18,403429.0,2.48
2025-06,PACKAGING MATERIALS,9622.55,403429.0,2.39
2025-06,SAUCES & SPREADS,8424.88,403429.0,2.09
2025-06,MASALA & SEASONINGS,7202.55,403429.0,1.79
2025-06,FROZEN ITEMS,6726.91,403429.0,1.67
2025-06,BAKERY & PREMIX,2876.6,403429.0,0.71
2025-06,"FLOUR, GRAINS & DRY GOODS",1532.92,403429.0,0.38
2025-06,OILS,1470.9,403429.0,0.36
2025-06,STATIONERY & MISC,1292.8000000000002,403429.0,0.32
2025-06,FRUITS,726.01,403429.0,0.18
2025-06,KITCHEN EQUIPMENT & UTENSILS,675.0,403429.0,0.17
2025-06,CLEANING SUPPLIES,-2300.0,403429.0,-0.57
2025-05,CHEESE & DAIRY,40923.94,517650.44999999995,7.91
2025-05,UNMAPPED,34552.729999999996,517650.44999999995,6.67
2025-05,MEAT & POULTRY,30778.04,517650.44999999995,5.95
2025-05,UTILITIES & EXPENSES,17005.0,517650.44999999995,3.29
2025-05,VEGETABLES,14599.8,517650.44999999995,2.82
2025-05,BEVERAGES,13193.260000000002,517650.44999999995,2.55
2025-05,PACKAGING MATERIALS,13047.300000000001,517650.44999999995,2.52
2025-05,SAUCES & SPREADS,12743.72,517650.44999999995,2.46
2025-05,FROZEN ITEMS,8454.64,517650.44999999995,1.63
2025-05,BAKERY & PREMIX,8331.6,517650.44999999995,1.61
2025-05,MASALA & SEASONINGS,7046.6900000000005,517650.44999999995,1.36
2025-05,FRUITS,2326.83,517650.44999999995,0.45
2025-05,STATIONERY & MISC,1813.1499999999999,517650.44999999995,0.35
2025-05,OILS,1467.1,517650.44999999995,0.28
2025-05,"FLOUR, GRAINS & DRY GOODS",1255.04,517650.44999999995,0.24
2025-05,KITCHEN EQUIPMENT & UTENSILS,405.0,517650.44999999995,0.08
2025-04,CHEESE & DAIRY,49751.81,523213.8,9.51
2025-04,UNMAPPED,41056.76,523213.8,7.85
2025-04,MEAT & POULTRY,25748.88,523213.8,4.92
2025-04,PACKAGING MATERIALS,13333.95,523213.8,2.55
2025-04,UTILITIES & EXPENSES,12630.0,523213.8,2.41
2025-04,VEGETABLES,10904.0,523213.8,2.08
2025-04,BEVERAGES,10592.93,523213.8,2.02
2025-04,MASALA & SEASONINGS,8842.71,523213.8,1.69
2025-04,FROZEN ITEMS,7731.41,523213.8,1.48
2025-04,BAKERY & PREMIX,7367.799999999999,523213.8,1.41
2025-04,SAUCES & SPREADS,6752.86,523213.8,1.29
2025-04,"FLOUR, GRAINS & DRY GOODS",4516.54,523213.8,0.86
2025-04,CLEANING SUPPLIES,2615.0,523213.8,0.5
2025-04,FRUITS,2087.62,523213.8,0.4
2025-04,STATIONERY & MISC,1882.6999999999998,523213.8,0.36
2025-04,OILS,-300.5999999999999,523213.8,-0.06
2025-04,KITCHEN EQUIPMENT & UTENSILS,-769.5,523213.8,-0.15
2025-03,UNMAPPED,35749.03,358957.6,9.96
2025-03,CHEESE & DAIRY,34461.909999999996,358957.6,9.6
2025-03,BEVERAGES,32240.1,358957.6,8.98
2025-03,UTILITIES & EXPENSES,22094.0,358957.6,6.16
2025-03,MEAT & POULTRY,18916.17,358957.6,5.27
2025-03,VEGETABLES,14452.74,358957.6,4.03
2025-03,PACKAGING MATERIALS,8973.4,358957.6,2.5
2025-03,SAUCES & SPREADS,8206.16,358957.6,2.29
2025-03,FROZEN ITEMS,6649.93,358957.6,1.85
2025-03,MASALA & SEASONINGS,5073.54,358957.6,1.41
2025-03,BAKERY & PREMIX,4624.5,358957.6,1.29
2025-03,OILS,2604.0,358957.6,0.73
2025-03,FRUITS,2258.6499999999996,358957.6,0.63
2025-03,STATIONERY & MISC,1237.0500000000002,358957.6,0.34
2025-03,KITCHEN EQUIPMENT & UTENSILS,229.5,358957.6,0.06
2025-03,CLEANING SUPPLIES,-2300.0,358957.6,-0.64
2025-03,"FLOUR, GRAINS & DRY GOODS",-4155.5,358957.6,-1.16
2025-02,UNMAPPED,36127.51,383291.2,9.43
2025-02,CHEESE & DAIRY,35636.22,383291.2,9.3
2025-02,SAUCES & SPREADS,18897.420000000002,383291.2,4.93
2025-02,MEAT & POULTRY,16036.65,383291.2,4.18
2025-02,BEVERAGES,15714.810000000001,383291.2,4.1
2025-02,UTILITIES & EXPENSES,15655.0,383291.2,4.08
2025-02,VEGETABLES,11904.0,383291.2,3.11
2025-02,PACKAGING MATERIALS,10574.9,383291.2,2.76
2025-02,MASALA & SEASONINGS,7622.55,383291.2,1.99
2025-02,FROZEN ITEMS,6772.789999999999,383291.2,1.77
2025-02,BAKERY & PREMIX,4811.5,383291.2,1.26
2025-02,STATIONERY & MISC,3250.65,383291.2,0.85
2025-02,FRUITS,1632.3899999999999,383291.2,0.43
2025-02,OILS,1281.0,383291.2,0.33
2025-02,KITCHEN EQUIPMENT & UTENSILS,591.0,383291.2,0.15
2025-02,"FLOUR, GRAINS & DRY GOODS",224.0,383291.2,0.06
2025-01,UNMAPPED,47871.07,438268.3,10.92
2025-01,CHEESE & DAIRY,36213.99,438268.3,8.26
2025-01,MEAT & POULTRY,18549.030000000002,438268.3,4.23
2025-01,SAUCES & SPREADS,16998.92,438268.3,3.88
2025-01,UTILITIES & EXPENSES,16635.0,438268.3,3.8
2025-01,VEGETABLES,16468.25,438268.3,3.76
2025-01,BEVERAGES,11777.94,438268.3,2.69
2025-01,PACKAGING MATERIALS,9629.0,438268.3,2.2
2025-01,FROZEN ITEMS,7075.72,438268.3,1.61
2025-01,MASALA & SEASONINGS,6272.9,438268.3,1.43
2025-01,BAKERY & PREMIX,6163.0,438268.3,1.41
2025-01,STATIONERY & MISC,4634.1,438268.3,1.06
2025-01,FRUITS,2019.9299999999998,438268.3,0.46
2025-01,OILS,1475.1,438268.3,0.34
2025-01,"FLOUR, GRAINS & DRY GOODS",-145.0,438268.3,-0.03
2025-01,KITCHEN EQUIPMENT & UTENSILS,-675.0,438268.3,-0.15
2024-12,CHEESE & DAIRY,52707.22,537780.95,9.8
2024-12,UNMAPPED,45663.43,537780.95,8.49
2024-12,MEAT & POULTRY,20703.309999999998,537780.95,3.85
2024-12,BEVERAGES,20400.9,537780.95,3.79
2024-12,UTILITIES & EXPENSES,17630.0,537780.95,3.28
2024-12,PACKAGING MATERIALS,15223.2,537780.95,2.83
2024-12,VEGETABLES,10395.55,537780.95,1.93
2024-12,FROZEN ITEMS,8974.859999999999,537780.95,1.67
2024-12,SAUCES & SPREADS,7205.759999999999,537780.95,1.34
2024-12,BAKERY & PREMIX,6821.0,537780.95,1.27
2024-12,MASALA & SEASONINGS,6557.14,537780.95,1.22
2024-12,"FLOUR, GRAINS & DRY GOODS",3797.5,537780.95,0.71
2024-12,FRUITS,2356.42,537780.95,0.44
2024-12,STATIONERY & MISC,1823.2000000000003,537780.95,0.34
2024-12,KITCHEN EQUIPMENT & UTENSILS,1350.0,537780.95,0.25
2024-12,OILS,893.4,537780.95,0.17
2024-11,CHEESE & DAIRY,50671.72,483662.0,10.48
2024-11,UNMAPPED,38883.9,483662.0,8.04
2024-11,MEAT & POULTRY,23594.94,483662.0,4.88
2024-11,BEVERAGES,15697.66,483662.0,3.25
2024-11,PACKAGING MATERIALS,14738.5,483662.0,3.05
2024-11,UTILITIES & EXPENSES,14600.0,483662.0,3.02
2024-11,SAUCES & SPREADS,12539.75,483662.0,2.59
2024-11,FROZEN ITEMS,10274.36,483662.0,2.12
2024-11,VEGETABLES,8852.0,483662.0,1.83
2024-11,MASALA & SEASONINGS,7673.35,483662.0,1.59
2024-11,OILS,6255.6,483662.0,1.29
2024-11,BAKERY & PREMIX,5210.0,483662.0,1.08
2024-11,"FLOUR, GRAINS & DRY GOODS",3909.5,483662.0,0.81
2024-11,STATIONERY & MISC,2243.68,483662.0,0.46
2024-11,FRUITS,1717.63,483662.0,0.36
2024-11,CLEANING SUPPLIES,35.0,483662.0,0.01
2024-11,KITCHEN EQUIPMENT & UTENSILS,0.0,483662.0,0.0
2024-10,CHEESE & DAIRY,46309.6,482997.1,9.59
2024-10,UNMAPPED,43356.090000000004,482997.1,8.98
2024-10,MEAT & POULTRY,22703.440000000002,482997.1,4.7
2024-10,BEVERAGES,17062.27,482997.1,3.53
2024-10,UTILITIES & EXPENSES,16910.0,482997.1,3.5
2024-10,PACKAGING MATERIALS,12310.05,482997.1,2.55
2024-10,FROZEN ITEMS,8827.85,482997.1,1.83
2024-10,SAUCES & SPREADS,8667.42,482997.1,1.79
2024-10,BAKERY & PREMIX,7332.0,482997.1,1.52
2024-10,VEGETABLES,7232.0,482997.1,1.5
2024-10,MASALA & SEASONINGS,6406.07,482997.1,1.33
2024-10,"FLOUR, GRAINS & DRY GOODS",6168.9,482997.1,1.28
2024-10,STATIONERY & MISC,2206.69,482997.1,0.46
2024-10,FRUITS,1529.6799999999998,482997.1,0.32
2024-10,OILS,1513.9,482997.1,0.31
2024-10,CLEANING SUPPLIES,287.5,482997.1,0.06
2024-10,KITCHEN EQUIPMENT & UTENSILS,-675.0,482997.1,-0.14
2024-09,CHEESE & DAIRY,41267.69,441945.6,9.34
2024-09,UNMAPPED,39232.590000000004,441945.6,8.88
2024-09,BEVERAGES,18321.79,441945.6,4.15
2024-09,MEAT & POULTRY,15565.85,441945.6,3.52
2024-09,PACKAGING MATERIALS,13235.380000000001,441945.6,2.99
2024-09,SAUCES & SPREADS,9190.970000000001,441945.6,2.08
2024-09,UTILITIES & EXPENSES,7650.0,441945.6,1.73
2024-09,FROZEN ITEMS,7236.87,441945.6,1.64
2024-09,MASALA & SEASONINGS,6235.29,441945.6,1.41
2024-09,VEGETABLES,6062.0,441945.6,1.37
2024-09,BAKERY & PREMIX,4922.0,441945.6,1.11
2024-09,FRUITS,3490.3900000000003,441945.6,0.79
2024-09,"FLOUR, GRAINS & DRY GOODS",2550.54,441945.6,0.58
2024-09,OILS,2112.5,441945.6,0.48
2024-09,STATIONERY & MISC,1821.0,441945.6,0.41
2024-09,KITCHEN EQUIPMENT & UTENSILS,740.0,441945.6,0.17
2024-09,CLEANING SUPPLIES,-287.5,441945.6,-0.07
2024-08,CHEESE & DAIRY,38715.05,498293.25,7.77
2024-08,UNMAPPED,38119.44,498293.25,7.65
2024-08,MEAT & POULTRY,19099.23,498293.25,3.83
2024-08,BEVERAGES,16928.21,498293.25,3.4
2024-08,UTILITIES & EXPENSES,11880.0,498293.25,2.38
2024-08,FROZEN ITEMS,9424.98,498293.25,1.89
2024-08,VEGETABLES,7620.25,498293.25,1.53
2024-08,MASALA & SEASONINGS,7507.41,498293.25,1.51
2024-08,BAKERY & PREMIX,5692.0,498293.25,1.14
2024-08,SAUCES & SPREADS,5408.58,498293.25,1.09
2024-08,FRUITS,3706.87,498293.25,0.74
2024-08,"FLOUR, GRAINS & DRY GOODS",3022.66,498293.25,0.61
2024-08,OILS,2251.37,498293.25,0.45
2024-08,STATIONERY & MISC,1761.88,498293.25,0.35
2024-08,CLEANING SUPPLIES,1140.0,498293.25,0.23
2024-08,KITCHEN EQUIPMENT & UTENSILS,0.0,498293.25,0.0
2024-08,PACKAGING MATERIALS,-2797.88,498293.25,-0.56
2024-07,CHEESE & DAIRY,41817.549999999996,432201.55,9.68
2024-07,UNMAPPED,36129.13,432201.55,8.36
2024-07,MEAT & POULTRY,20583.93,432201.55,4.76
2024-07,BEVERAGES,16035.06,432201.55,3.71
2024-07,PACKAGING MATERIALS,10312.43,432201.55,2.39
2024-07,UTILITIES & EXPENSES,7620.0,432201.55,1.76
2024-07,FROZEN ITEMS,7479.950000000001,432201.55,1.73
2024-07,"FLOUR, GRAINS & DRY GOODS",5835.1,432201.55,1.35
2024-07,VEGETABLES,5666.25,432201.55,1.31
2024-07,SAUCES & SPREADS,5547.02,432201.55,1.28
2024-07,MASALA & SEASONINGS,3812.8500000000004,432201.55,0.88
2024-07,STATIONERY & MISC,1591.62,432201.55,0.37
2024-07,OILS,437.88,432201.55,0.1
2024-07,FRUITS,392.3899999999999,432201.55,0.09
2024-07,KITCHEN EQUIPMENT & UTENSILS,206.0,432201.55,0.05
2024-07,BAKERY & PREMIX,168.0,432201.55,0.04
2024-07,CLEANING SUPPLIES,-920.0,432201.55,-0.21
2024-06,CHEESE & DAIRY,43613.6,429482.64999999997,10.15
2024-06,UNMAPPED,38275.7,429482.64999999997,8.91
2024-06,MEAT & POULTRY,31645.47,429482.64999999997,7.37
2024-06,BEVERAGES,22398.31,429482.64999999997,5.22
2024-06,PACKAGING MATERIALS,17503.08,429482.64999999997,4.08
2024-06,UTILITIES & EXPENSES,11320.0,429482.64999999997,2.64
2024-06,SAUCES & SPREADS,10947.51,429482.64999999997,2.55
2024-06,BAKERY & PREMIX,8405.0,429482.64999999997,1.96
2024-06,FROZEN ITEMS,7621.38,429482.64999999997,1.77
2024-06,MASALA & SEASONINGS,7263.76,429482.64999999997,1.69
2024-06,VEGETABLES,5553.0,429482.64999999997,1.29
2024-06,"FLOUR, GRAINS & DRY GOODS",3829.1,429482.64999999997,0.89
2024-06,OILS,2592.35,429482.64999999997,0.6
2024-06,STATIONERY & MISC,1993.0,429482.64999999997,0.46
2024-06,CLEANING SUPPLIES,800.0,429482.64999999997,0.19
2024-06,FRUITS,559.6099999999999,429482.64999999997,0.13
2024-06,KITCHEN EQUIPMENT & UTENSILS,-740.0,429482.64999999997,-0.17
2024-05,CHEESE & DAIRY,44697.07,481157.89999999997,9.29
2024-05,UNMAPPED,34562.840000000004,481157.89999999997,7.18
2024-05,MEAT & POULTRY,26166.079999999994,481157.89999999997,5.44
2024-05,BEVERAGES,18646.01,481157.89999999997,3.88
2024-05,SAUCES & SPREADS,15664.53,481157.89999999997,3.26
2024-05,UTILITIES & EXPENSES,14380.0,481157.89999999997,2.99
2024-05,PACKAGING MATERIALS,13713.1,481157.89999999997,2.85
2024-05,VEGETABLES,9167.0,481157.89999999997,1.91
2024-05,FROZEN ITEMS,7111.530000000001,481157.89999999997,1.48
2024-05,MASALA & SEASONINGS,5947.86,481157.89999999997,1.24
2024-05,BAKERY & PREMIX,5835.0,481157.89999999997,1.21
2024-05,"FLOUR, GRAINS & DRY GOODS",3921.4,481157.89999999997,0.81
2024-05,STATIONERY & MISC,2329.0,481157.89999999997,0.48
2024-05,OILS,1334.9,481157.89999999997,0.28
2024-05,KITCHEN EQUIPMENT & UTENSILS,740.0,481157.89999999997,0.15
2024-05,CLEANING SUPPLIES,607.0,481157.89999999997,0.13
2024-05,FRUITS,442.48,481157.89999999997,0.09
2024-04,CHEESE & DAIRY,47408.270000000004,469828.19999999995,10.09
2024-04,UNMAPPED,29668.6,469828.19999999995,6.31
2024-04,MEAT & POULTRY,25797.93,469828.19999999995,5.49
2024-04,BEVERAGES,25516.34,469828.19999999995,5.43
2024-04,UTILITIES & EXPENSES,15430.0,469828.19999999995,3.28
2024-04,PACKAGING MATERIALS,14125.74,469828.19999999995,3.01
2024-04,FROZEN ITEMS,10192.26,469828.19999999995,2.17
2024-04,VEGETABLES,9983.79,469828.19999999995,2.12
2024-04,SAUCES & SPREADS,8484.23,469828.19999999995,1.81
2024-04,"FLOUR, GRAINS & DRY GOODS",7426.5,469828.19999999995,1.58
2024-04,BAKERY & PREMIX,5548.0,469828.19999999995,1.18
2024-04,MASALA & SEASONINGS,4502.65,469828.19999999995,0.96
2024-04,FRUITS,3137.45,469828.19999999995,0.67
2024-04,OILS,2173.0,469828.19999999995,0.46
2024-04,STATIONERY & MISC,1718.0,469828.19999999995,0.37
2024-04,KITCHEN EQUIPMENT & UTENSILS,296.0,469828.19999999995,0.06
2024-04,CLEANING SUPPLIES,220.0,469828.19999999995,0.05
2024-03,CHEESE & DAIRY,36763.450000000004,331666.85,11.08
2024-03,UNMAPPED,25821.81,331666.85,7.79
2024-03,BEVERAGES,19704.14,331666.85,5.94
2024-03,MEAT & POULTRY,18178.649999999998,331666.85,5.48
2024-03,PACKAGING MATERIALS,17285.57,331666.85,5.21
2024-03,UTILITIES & EXPENSES,11900.0,331666.85,3.59
2024-03,MASALA & SEASONINGS,9312.77,331666.85,2.81
2024-03,FROZEN ITEMS,6569.36,331666.85,1.98
2024-03,SAUCES & SPREADS,5635.78,331666.85,1.7
2024-03,BAKERY & PREMIX,4322.0,331666.85,1.3
2024-03,STATIONERY & MISC,1271.0,331666.85,0.38
2024-03,FRUITS,756.3,331666.85,0.23
2024-03,CLEANING SUPPLIES,575.0,331666.85,0.17
2024-03,"FLOUR, GRAINS & DRY GOODS",362.0,331666.85,0.11
2024-03,OILS,309.3000000000002,331666.85,0.09
2024-03,KITCHEN EQUIPMENT & UTENSILS,148.0,331666.85,0.04
2024-03,VEGETABLES,-914.0500000000002,331666.85,-0.28
2024-02,CHEESE & DAIRY,41546.39,338566.7,12.27
2024-02,UNMAPPED,30774.180000000004,338566.7,9.09
2024-02,MEAT & POULTRY,17258.86,338566.7,5.1
2024-02,PACKAGING MATERIALS,15230.25,338566.7,4.5
2024-02,BEVERAGES,13317.58,338566.7,3.93
2024-02,UTILITIES & EXPENSES,10840.0,338566.7,3.2
2024-02,BAKERY & PREMIX,6460.0,338566.7,1.91
2024-02,SAUCES & SPREADS,5791.24,338566.7,1.71
2024-02,FROZEN ITEMS,5144.1,338566.7,1.52
2024-02,"FLOUR, GRAINS & DRY GOODS",3961.5800000000004,338566.7,1.17
2024-02,MASALA & SEASONINGS,3141.58,338566.7,0.93
2024-02,VEGETABLES,3007.9,338566.7,0.89
2024-02,STATIONERY & MISC,1928.0,338566.7,0.57
2024-02,OILS,739.5,338566.7,0.22
2024-02,FRUITS,193.60000000000014,338566.7,0.06
2024-02,CLEANING SUPPLIES,29.0,338566.7,0.01
2024-02,KITCHEN EQUIPMENT & UTENSILS,-444.0,338566.7,-0.13
2024-01,CHEESE & DAIRY,31103.45,378809.64999999997,8.21
2024-01,UNMAPPED,29667.53,378809.64999999997,7.83
2024-01,MEAT & POULTRY,20768.03,378809.64999999997,5.48
2024-01,BEVERAGES,19133.77,378809.64999999997,5.05
2024-01,UTILITIES & EXPENSES,16200.0,378809.64999999997,4.28
2024-01,SAUCES & SPREADS,8907.91,378809.64999999997,2.35
2024-01,MASALA & SEASONINGS,7312.5,378809.64999999997,1.93
2024-01,VEGETABLES,6276.35,378809.64999999997,1.66
2024-01,FROZEN ITEMS,5953.9,378809.64999999997,1.57
2024-01,"FLOUR, GRAINS & DRY GOODS",4371.2,378809.64999999997,1.15
2024-01,PACKAGING MATERIALS,3116.88,378809.64999999997,0.82
2024-01,BAKERY & PREMIX,2522.0,378809.64999999997,0.67
2024-01,STATIONERY & MISC,1996.0,378809.64999999997,0.53
2024-01,FRUITS,1445.1,378809.64999999997,0.38
2024-01,OILS,1324.5,378809.64999999997,0.35
2024-01,KITCHEN EQUIPMENT & UTENSILS,-740.0,378809.64999999997,-0.2
2023-12,CHEESE & DAIRY,50953.5,473347.0,10.76
2023-12,UNMAPPED,38265.2,473347.0,8.08
2023-12,BEVERAGES,21685.37,473347.0,4.58
2023-12,MEAT & POULTRY,20543.1,473347.0,4.34
2023-12,FROZEN ITEMS,17096.3,473347.0,3.61
2023-12,UTILITIES & EXPENSES,14800.0,473347.0,3.13
2023-12,SAUCES & SPREADS,12601.09,473347.0,2.66
2023-12,PACKAGING MATERIALS,10272.65,473347.0,2.17
2023-12,MASALA & SEASONINGS,6629.55,473347.0,1.4
2023-12,"FLOUR, GRAINS & DRY GOODS",6012.6,473347.0,1.27
2023-12,VEGETABLES,6014.95,473347.0,1.27
2023-12,BAKERY & PREMIX,2632.5,473347.0,0.56
2023-12,STATIONERY & MISC,2561.66,473347.0,0.54
2023-12,KITCHEN EQUIPMENT & UTENSILS,1480.0,473347.0,0.31
2023-12,FRUITS,1433.63,473347.0,0.3
2023-12,OILS,817.4499999999998,473347.0,0.17
2023-11,CHEESE & DAIRY,50840.28,405453.35,12.54
2023-11,UNMAPPED,32743.46,405453.35,8.08
2023-11,MEAT & POULTRY,20776.489999999998,405453.35,5.12
2023-11,PACKAGING MATERIALS,14660.68,405453.35,3.62
2023-11,UTILITIES & EXPENSES,13000.0,405453.35,3.21
2023-11,SAUCES & SPREADS,12144.65,405453.35,3.0
2023-11,BEVERAGES,10744.01,405453.35,2.65
2023-11,BAKERY & PREMIX,7173.6,405453.35,1.77
2023-11,MASALA & SEASONINGS,6073.99,405453.35,1.5
2023-11,"FLOUR, GRAINS & DRY GOODS",5607.36,405453.35,1.38
2023-11,FROZEN ITEMS,3550.29,405453.35,0.88
2023-11,OILS,2420.35,405453.35,0.6
2023-11,STATIONERY & MISC,2280.44,405453.35,0.56
2023-11,KITCHEN EQUIPMENT & UTENSILS,148.0,405453.35,0.04
2023-11,VEGETABLES,155.32999999999993,405453.35,0.04
2023-11,CLEANING SUPPLIES,31.0,405453.35,0.01
2023-11,FRUITS,1.4399999999999409,405453.35,0.0
2023-10,CHEESE & DAIRY,59530.31,427381.25,13.93
2023-10,MEAT & POULTRY,20747.51,427381.25,4.85
2023-10,UTILITIES & EXPENSES,18785.02,427381.25,4.4
2023-10,PACKAGING MATERIALS,16925.97,427381.25,3.96
2023-10,BEVERAGES,16418.76,427381.25,3.84
2023-10,UNMAPPED,14357.04,427381.25,3.36
2023-10,"FLOUR, GRAINS & DRY GOODS",14278.77,427381.25,3.34
2023-10,MASALA & SEASONINGS,12797.89,427381.25,2.99
2023-10,SAUCES & SPREADS,12369.87,427381.25,2.89
2023-10,VEGETABLES,8629.43,427381.25,2.02
2023-10,FROZEN ITEMS,7613.24,427381.25,1.78
2023-10,BAKERY & PREMIX,5344.75,427381.25,1.25
2023-10,OILS,4432.5,427381.25,1.04
2023-10,STATIONERY & MISC,4089.5000000000005,427381.25,0.96
2023-10,FRUITS,2536.67,427381.25,0.59
2023-10,CLEANING SUPPLIES,272.0,427381.25,0.06
2023-10,KITCHEN EQUIPMENT & UTENSILS,148.0,427381.25,0.03
2023-09,CHEESE & DAIRY,29210.269999999997,441300.64999999997,6.62
2023-09,MEAT & POULTRY,24934.49,441300.64999999997,5.65
2023-09,BEVERAGES,18014.72,441300.64999999997,4.08
2023-09,UTILITIES & EXPENSES,15855.0,441300.64999999997,3.59
2023-09,VEGETABLES,11728.07,441300.64999999997,2.66
2023-09,"FLOUR, GRAINS & DRY GOODS",11441.09,441300.64999999997,2.59
2023-09,FROZEN ITEMS,9523.75,441300.64999999997,2.16
2023-09,MASALA & SEASONINGS,6601.33,441300.64999999997,1.5
2023-09,SAUCES & SPREADS,6516.87,441300.64999999997,1.48
2023-09,OILS,6079.5,441300.64999999997,1.38
2023-09,UNMAPPED,3605.7799999999997,441300.64999999997,0.82
2023-09,STATIONERY & MISC,2267.08,441300.64999999997,0.51
2023-09,FRUITS,2136.96,441300.64999999997,0.48
2023-09,CLEANING SUPPLIES,83.0,441300.64999999997,0.02
2023-09,BAKERY & PREMIX,-1785.75,441300.64999999997,-0.4
2023-09,KITCHEN EQUIPMENT & UTENSILS,-1776.0,441300.64999999997,-0.4
2023-09,PACKAGING MATERIALS,-20618.74,441300.64999999997,-4.67
2023-08,CHEESE & DAIRY,95237.23,434914.75,21.9
2023-08,PACKAGING MATERIALS,60040.23,434914.75,13.81
2023-08,UNMAPPED,40970.64,434914.75,9.42
2023-08,"FLOUR, GRAINS & DRY GOODS",23408.88,434914.75,5.38
2023-08,MEAT & POULTRY,17527.39,434914.75,4.03
2023-08,UTILITIES & EXPENSES,15759.0,434914.75,3.62
2023-08,BAKERY & PREMIX,13909.369999999999,434914.75,3.2
2023-08,VEGETABLES,13694.279999999999,434914.75,3.15
2023-08,MASALA & SEASONINGS,12403.06,434914.75,2.85
2023-08,BEVERAGES,12264.4,434914.75,2.82
2023-08,SAUCES & SPREADS,9853.98,434914.75,2.27
2023-08,FROZEN ITEMS,8853.029999999999,434914.75,2.04
2023-08,KITCHEN EQUIPMENT & UTENSILS,5733.52,434914.75,1.32
2023-08,STATIONERY & MISC,2698.98,434914.75,0.62
2023-08,OILS,2375.5,434914.75,0.55
2023-08,FRUITS,1643.8899999999999,434914.75,0.38
2023-08,CLEANING SUPPLIES,123.8,434914.75,0.03
2023-07,UNMAPPED,42969.29,532297.35,8.07
2023-07,CHEESE & DAIRY,35662.16,532297.35,6.7
2023-07,BEVERAGES,24237.43,532297.35,4.55
2023-07,"FLOUR, GRAINS & DRY GOODS",18391.11,532297.35,3.46
2023-07,UTILITIES & EXPENSES,14610.0,532297.35,2.74
2023-07,PACKAGING MATERIALS,14366.73,532297.35,2.7
2023-07,SAUCES & SPREADS,9558.76,532297.35,1.8
2023-07,OILS,7932.65,532297.35,1.49
2023-07,VEGETABLES,7648.34,532297.35,1.44
2023-07,MASALA & SEASONINGS,5810.92,532297.35,1.09
2023-07,MEAT & POULTRY,4083.16,532297.35,0.77
2023-07,STATIONERY & MISC,2842.31,532297.35,0.53
2023-07,BAKERY & PREMIX,2764.63,532297.35,0.52
2023-07,FRUITS,1808.69,532297.35,0.34
2023-07,FROZEN ITEMS,724.0800000000008,532297.35,0.14
2023-07,CLEANING SUPPLIES,256.6,532297.35,0.05
2023-07,KITCHEN EQUIPMENT & UTENSILS,142.20000000000005,532297.35,0.03
2023-06,CHEESE & DAIRY,64554.63,446505.69999999995,14.46
2023-06,FROZEN ITEMS,22096.68,446505.69999999995,4.95
2023-06,PACKAGING MATERIALS,20545.27,446505.69999999995,4.6
2023-06,BEVERAGES,19614.59,446505.69999999995,4.39
2023-06,UNMAPPED,15291.07,446505.69999999995,3.42
2023-06,UTILITIES & EXPENSES,14640.0,446505.69999999995,3.28
2023-06,"FLOUR, GRAINS & DRY GOODS",14185.74,446505.69999999995,3.18
2023-06,BAKERY & PREMIX,11974.65,446505.69999999995,2.68
2023-06,SAUCES & SPREADS,8234.77,446505.69999999995,1.84
2023-06,MASALA & SEASONINGS,7259.81,446505.69999999995,1.63
2023-06,VEGETABLES,6263.67,446505.69999999995,1.4
2023-06,OILS,5932.9,446505.69999999995,1.33
2023-06,MEAT & POULTRY,3894.33,446505.69999999995,0.87
2023-06,STATIONERY & MISC,2117.6,446505.69999999995,0.47
2023-06,FRUITS,1538.0,446505.69999999995,0.34
2023-06,CLEANING SUPPLIES,149.0,446505.69999999995,0.03
2023-06,KITCHEN EQUIPMENT & UTENSILS,37.0,446505.69999999995,0.01
2023-05,CHEESE & DAIRY,70409.11,593731.0,11.86
2023-05,BEVERAGES,25492.02,593731.0,4.29
2023-05,UNMAPPED,22776.71,593731.0,3.84
2023-05,UTILITIES & EXPENSES,21948.0,593731.0,3.7
2023-05,PACKAGING MATERIALS,21073.26,593731.0,3.55
2023-05,"FLOUR, GRAINS & DRY GOODS",14463.92,593731.0,2.44
2023-05,SAUCES & SPREADS,9388.61,593731.0,1.58
2023-05,VEGETABLES,8625.44,593731.0,1.45
2023-05,OILS,8364.0,593731.0,1.41
2023-05,MASALA & SEASONINGS,7811.72,593731.0,1.32
2023-05,FROZEN ITEMS,7559.43,593731.0,1.27
2023-05,MEAT & POULTRY,5077.13,593731.0,0.86
2023-05,STATIONERY & MISC,3129.02,593731.0,0.53
2023-05,FRUITS,2468.96,593731.0,0.42
2023-05,BAKERY & PREMIX,2249.35,593731.0,0.38
2023-05,CLEANING SUPPLIES,160.6,593731.0,0.03
2023-05,KITCHEN EQUIPMENT & UTENSILS,205.0,593731.0,0.03
2023-04,CHEESE & DAIRY,54098.47,446139.94999999995,12.13
2023-04,BEVERAGES,23792.87,446139.94999999995,5.33
2023-04,MEAT & POULTRY,20226.37,446139.94999999995,4.53
2023-04,UNMAPPED,18722.7,446139.94999999995,4.2
2023-04,UTILITIES & EXPENSES,16560.0,446139.94999999995,3.71
2023-04,SAUCES & SPREADS,15068.92,446139.94999999995,3.38
2023-04,FROZEN ITEMS,14521.5,446139.94999999995,3.25
2023-04,PACKAGING MATERIALS,13088.880000000001,446139.94999999995,2.93
2023-04,"FLOUR, GRAINS & DRY GOODS",12041.66,446139.94999999995,2.7
2023-04,MASALA & SEASONINGS,8627.74,446139.94999999995,1.93
2023-04,BAKERY & PREMIX,7367.46,446139.94999999995,1.65
2023-04,VEGETABLES,6595.58,446139.94999999995,1.48
2023-04,OILS,3170.0,446139.94999999995,0.71
2023-04,FRUITS,2512.3,446139.94999999995,0.56
2023-04,STATIONERY & MISC,1596.0,446139.94999999995,0.36
2023-04,CLEANING SUPPLIES,26.8,446139.94999999995,0.01
2023-04,KITCHEN EQUIPMENT & UTENSILS,0.0,446139.94999999995,0.0
2023-03,CHEESE & DAIRY,41544.71,384028.94999999995,10.82
2023-03,BEVERAGES,19275.43,384028.94999999995,5.02
2023-03,MEAT & POULTRY,16561.32,384028.94999999995,4.31
2023-03,PACKAGING MATERIALS,15116.779999999999,384028.94999999995,3.94
2023-03,UTILITIES & EXPENSES,12900.0,384028.94999999995,3.36
2023-03,"FLOUR, GRAINS & DRY GOODS",10431.71,384028.94999999995,2.72
2023-03,SAUCES & SPREADS,10398.22,384028.94999999995,2.71
2023-03,VEGETABLES,10080.27,384028.94999999995,2.62
2023-03,MASALA & SEASONINGS,8644.98,384028.94999999995,2.25
2023-03,FROZEN ITEMS,8400.589999999998,384028.94999999995,2.19
2023-03,OILS,5155.0,384028.94999999995,1.34
2023-03,BAKERY & PREMIX,4868.73,384028.94999999995,1.27
2023-03,UNMAPPED,2673.99,384028.94999999995,0.7
2023-03,FRUITS,2630.0199999999995,384028.94999999995,0.68
2023-03,STATIONERY & MISC,1750.1999999999998,384028.94999999995,0.46
2023-03,CLEANING SUPPLIES,145.8,384028.94999999995,0.04
2023-03,KITCHEN EQUIPMENT & UTENSILS,-651.0,384028.94999999995,-0.17
2023-02,CHEESE & DAIRY,41416.93,360952.5,11.47
2023-02,UTILITIES & EXPENSES,22879.83,360952.5,6.34
2023-02,PACKAGING MATERIALS,17043.84,360952.5,4.72
2023-02,MEAT & POULTRY,16588.7,360952.5,4.6
2023-02,BEVERAGES,15746.06,360952.5,4.36
2023-02,VEGETABLES,11506.04,360952.5,3.19
2023-02,"FLOUR, GRAINS & DRY GOODS",11416.36,360952.5,3.16
2023-02,FROZEN ITEMS,9238.86,360952.5,2.56
2023-02,SAUCES & SPREADS,9009.119999999999,360952.5,2.5
2023-02,UNMAPPED,8725.66,360952.5,2.42
2023-02,MASALA & SEASONINGS,7516.570000000001,360952.5,2.08
2023-02,OILS,5044.5,360952.5,1.4
2023-02,BAKERY & PREMIX,4552.650000000001,360952.5,1.26
2023-02,FRUITS,647.0700000000002,360952.5,0.18
2023-02,CLEANING SUPPLIES,143.8,360952.5,0.04
2023-02,KITCHEN EQUIPMENT & UTENSILS,55.85000000000002,360952.5,0.02
2023-02,STATIONERY & MISC,-276.84000000000015,360952.5,-0.08
2023-01,CHEESE & DAIRY,44049.829999999994,414134.44999999995,10.64
2023-01,UTILITIES & EXPENSES,23109.83,414134.44999999995,5.58
2023-01,MEAT & POULTRY,20719.07,414134.44999999995,5.0
2023-01,BEVERAGES,16926.01,414134.44999999995,4.09
2023-01,"FLOUR, GRAINS & DRY GOODS",14148.95,414134.44999999995,3.42
2023-01,VEGETABLES,12609.98,414134.44999999995,3.04
2023-01,FROZEN ITEMS,12000.93,414134.44999999995,2.9
2023-01,PACKAGING MATERIALS,11129.48,414134.44999999995,2.69
2023-01,SAUCES & SPREADS,11079.1,414134.44999999995,2.68
2023-01,MASALA & SEASONINGS,8316.529999999999,414134.44999999995,2.01
2023-01,BAKERY & PREMIX,6400.16,414134.44999999995,1.55
2023-01,UNMAPPED,6090.09,414134.44999999995,1.47
2023-01,OILS,5882.5,414134.44999999995,1.42
2023-01,STATIONERY & MISC,4185.88,414134.44999999995,1.01
2023-01,KITCHEN EQUIPMENT & UTENSILS,1966.15,414134.44999999995,0.47
2023-01,FRUITS,1644.1699999999998,414134.44999999995,0.4
2023-01,CLEANING SUPPLIES,254.6,414134.44999999995,0.06
2022-12,CHEESE & DAIRY,52248.770000000004,461247.8,11.33
2022-12,UTILITIES & EXPENSES,22500.27,461247.8,4.88
2022-12,PACKAGING MATERIALS,22045.82,461247.8,4.78
2022-12,BEVERAGES,16740.12,461247.8,3.63
2022-12,"FLOUR, GRAINS & DRY GOODS",15938.23,461247.8,3.46
2022-12,MEAT & POULTRY,14974.609999999999,461247.8,3.25
2022-12,VEGETABLES,14925.52,461247.8,3.24
2022-12,FROZEN ITEMS,14438.76,461247.8,3.13
2022-12,SAUCES & SPREADS,12525.26,461247.8,2.72
2022-12,MASALA & SEASONINGS,8503.94,461247.8,1.84
2022-12,UNMAPPED,8250.64,461247.8,1.79
2022-12,OILS,6530.0,461247.8,1.42
2022-12,BAKERY & PREMIX,6346.16,461247.8,1.38
2022-12,STATIONERY & MISC,2825.84,461247.8,0.61
2022-12,FRUITS,990.01,461247.8,0.21
2022-12,CLEANING SUPPLIES,757.4,461247.8,0.16
2022-12,KITCHEN EQUIPMENT & UTENSILS,655.25,461247.8,0.14
2022-11,CHEESE & DAIRY,48776.69,426001.85,11.45
2022-11,"FLOUR, GRAINS & DRY GOODS",26359.63,426001.85,6.19
2022-11,UTILITIES & EXPENSES,23515.1,426001.85,5.52
2022-11,BEVERAGES,18380.41,426001.85,4.31
2022-11,PACKAGING MATERIALS,13520.01,426001.85,3.17
2022-11,VEGETABLES,13185.48,426001.85,3.1
2022-11,FROZEN ITEMS,11162.1,426001.85,2.62
2022-11,MASALA & SEASONINGS,11098.36,426001.85,2.61
2022-11,SAUCES & SPREADS,10070.45,426001.85,2.36
2022-11,UNMAPPED,9081.52,426001.85,2.13
2022-11,OILS,6422.0,426001.85,1.51
2022-11,BAKERY & PREMIX,6326.780000000001,426001.85,1.49
2022-11,STATIONERY & MISC,2255.0,426001.85,0.53
2022-11,FRUITS,1149.99,426001.85,0.27
2022-11,CLEANING SUPPLIES,355.6,426001.85,0.08
2022-11,KITCHEN EQUIPMENT & UTENSILS,-242.75,426001.85,-0.06
2022-11,MEAT & POULTRY,-534.46,426001.85,-0.13
2022-10,CHEESE & DAIRY,69344.23000000001,525426.0,13.2
2022-10,"FLOUR, GRAINS & DRY GOODS",30102.74,525426.0,5.73
2022-10,UTILITIES & EXPENSES,25565.52,525426.0,4.87
2022-10,BEVERAGES,25348.83,525426.0,4.82
2022-10,PACKAGING MATERIALS,22272.32,525426.0,4.24
2022-10,VEGETABLES,14048.0,525426.0,2.67
2022-10,SAUCES & SPREADS,13529.1,525426.0,2.57
2022-10,FROZEN ITEMS,10912.9,525426.0,2.08
2022-10,UNMAPPED,10466.76,525426.0,1.99
2022-10,MASALA & SEASONINGS,9795.66,525426.0,1.86
2022-10,BAKERY & PREMIX,8391.0,525426.0,1.6
2022-10,OILS,7155.0,525426.0,1.36
2022-10,STATIONERY & MISC,5100.0,525426.0,0.97
2022-10,MEAT & POULTRY,2767.77,525426.0,0.53
2022-10,FRUITS,436.0,525426.0,0.08
2022-10,CLEANING SUPPLIES,206.95,525426.0,0.04
2022-10,KITCHEN EQUIPMENT & UTENSILS,148.0,525426.0,0.03
2022-09,"FLOUR, GRAINS & DRY GOODS",3882.1,455930.64999999997,0.85
2022-09,BAKERY & PREMIX,2866.05,455930.64999999997,0.63
2022-09,PACKAGING MATERIALS,2795.0799999999995,455930.64999999997,0.61
2022-09,BEVERAGES,2729.8999999999996,455930.64999999997,0.6
2022-09,CHEESE & DAIRY,1379.699999999997,455930.64999999997,0.3
2022-09,MASALA & SEASONINGS,1140.2099999999998,455930.64999999997,0.25
2022-09,SAUCES & SPREADS,1096.96,455930.64999999997,0.24
2022-09,KITCHEN EQUIPMENT & UTENSILS,740.0,455930.64999999997,0.16
2022-09,OILS,-252.0,455930.64999999997,-0.06
2022-09,VEGETABLES,-306.0,455930.64999999997,-0.07
2022-09,FRUITS,-491.0,455930.64999999997,-0.11
2022-09,STATIONERY & MISC,-672.0,455930.64999999997,-0.15
2022-09,FROZEN ITEMS,-1799.0,455930.64999999997,-0.39
2022-09,MEAT & POULTRY,-1951.29,455930.64999999997,-0.43
2022-09,UNMAPPED,-2649.91,455930.64999999997,-0.58
