Year-Month,start_date,end_date,AOV,number_of_orders,Swiggy Marketing %,Swiggy Total commission%,Loocos Recieved%,Loocos Amount,Marketing Charges,payout_date,Source File
2026-02,2026-02-15 13:40:30,2026-02-21 20:17:09,350.0,28,4.1%,29.16%,67.27%,9811.0,599.0,2026-02-25,invoice Annexure_708466_25022026_1772031831108.xlsx
2026-02,2026-02-08 15:01:03,2026-02-14 21:34:14,367.0,26,4.3%,34.58%,65.42%,9538.0,639.0,2026-02-18,invoice Annexure_708466_18022026_1771416405791.xlsx
2026-02,2026-02-01 17:22:58,2026-02-07 20:42:45,314.0,23,7.3%,36.64%,63.36%,7224.0,823.0,2026-02-11,invoice Annexure_708466_11022026_1770803259503.xlsx
2026-01,2026-01-25 15:28:53,2026-01-31 21:39:27,389.0,28,6.4%,32.41%,67.59%,10903.0,1015.0,2026-02-04,invoice Annexure_708466_04022026_1770201001536.xlsx
2026-01,2026-01-18 14:24:38,2026-01-23 20:28:28,344.0,23,7.0%,33.77%,66.23%,7920.0,817.0,2026-01-28,invoice Annexure_708466_28012026_1769593665631.xlsx
2026-01,2026-01-11 13:19:34,2026-01-17 16:03:24,291.0,29,7.1%,35.99%,64.01%,8433.0,903.0,2026-01-21,invoice Annexure_708466_21012026_1768989344158.xlsx
2026-01,2026-01-04 12:03:37,2026-01-10 20:55:19,378.0,33,6.4%,32.84%,67.16%,12476.0,1155.0,2026-01-14,invoice Annexure_708466_14012026_1768383358468.xlsx
2026-01,2026-01-01 12:40:26,2026-01-03 20:40:29,309.0,16,2.1%,27.65%,72.35%,4943.0,140.0,2026-01-07,invoice Annexure_708466_07012026_1767785994034.xlsx
2025-12,2025-12-28 17:14:05,2025-12-31 19:42:50,462.0,25,3.7%,29.57%,70.43%,11548.0,598.0,2026-01-03,invoice Annexure_708466_03012026_1767461554293.xlsx
2025-12,2025-12-14 18:18:39,2025-12-20 19:40:39,537.0,27,3.7%,30.31%,69.69%,14504.0,742.0,2025-12-24,invoice Annexure_708466_24122025_1766571078215.xlsx
2025-12,2025-12-07 11:48:33,2025-12-13 21:44:54,282.0,28,7.1%,34.14%,65.86%,7907.0,830.0,2025-12-17,invoice Annexure_708466_17122025_1765962184322.xlsx
2025-12,2025-12-01 19:40:22,2025-12-06 19:42:34,305.0,17,10.5%,38.18%,61.82%,5186.0,844.0,2025-12-10,invoice Annexure_708466_10122025_1765351042770.xlsx
2025-11,2025-11-23 16:35:09,2025-11-30 18:58:22,343.0,27,8.2%,36.53%,63.47%,9248.0,1151.0,2025-12-04,invoice Annexure_708466_04122025_1764853397263.xlsx
2025-11,2025-11-16 15:38:48,2025-11-22 16:22:19,320.0,27,7.1%,29.49%,59.4%,8640.0,915.0,2025-11-26,invoice Annexure_708466_26112025_1764157630032.xlsx
2025-11,2025-11-09 14:55:22,2025-11-15 21:23:38,312.0,24,8.2%,35.94%,64.06%,7491.0,931.0,2025-11-19,invoice Annexure_708466_19112025_1763548435123.xlsx
2025-11,2025-11-01 16:59:42,2025-11-08 17:43:40,348.0,31,7.0%,35.29%,64.71%,10793.0,1126.0,2025-11-12,invoice Annexure_708466_12112025_1762944096182.xlsx
2025-10,2025-10-26 11:26:14,2025-10-31 20:37:15,334.0,25,6.4%,35.46%,64.54%,8350.0,788.0,2025-11-05,invoice Annexure_708466_05112025_1762343073295.xlsx
2025-10,2025-10-19 17:29:22,2025-10-25 20:42:43,398.0,23,6.6%,34.98%,65.02%,9147.0,895.0,2025-10-29,invoice Annexure_708466_29102025_1761730251405.xlsx
2025-10,2025-10-05 11:12:09,2025-10-11 21:46:00,291.0,31,9.7%,41.42%,58.58%,9020.0,1411.0,2025-10-15,invoice Annexure_708466_15102025_1760533551904.xlsx
2025-10,2025-10-01 11:59:17,2025-10-04 19:18:46,484.0,18,3.9%,33.13%,66.87%,8706.0,477.0,2025-10-08,invoice Annexure_708466_08102025_1759916615179.xlsx
2025-09,2025-09-28 12:02:52,2025-09-30 20:36:53,370.0,18,4.2%,32.2%,67.8%,6658.0,400.0,2025-10-04,invoice Annexure_708466_04102025_1759518012195.xlsx
2025-09,2025-09-21 11:21:28,2025-09-27 19:57:07,317.0,19,9.4%,37.38%,62.62%,6032.0,867.0,2025-10-01,invoice Annexure_708466_01102025_1759319383920.xlsx
2025-09,2025-09-14 11:32:02,2025-09-20 21:42:57,318.0,30,7.7%,36.22%,63.78%,9536.0,1103.0,2025-09-24,invoice Annexure_708466_24092025_1758710925345.xlsx
2025-09,2025-09-06 16:40:59,2025-09-13 18:25:49,329.0,28,9.5%,38.01%,61.99%,9215.0,1352.0,2025-09-17,invoice Annexure_708466_17092025_1758098699212.xlsx
2025-09,2025-09-01 16:03:26,2025-09-06 19:24:34,477.0,33,4.5%,33.01%,66.99%,15731.0,1014.0,2025-09-10,invoice Annexure_708466_10092025_1757496734221.xlsx
2025-08,2025-08-24 17:23:28,2025-08-31 17:48:25,367.0,35,5.5%,34.33%,65.67%,12855.0,1029.0,2025-09-05,invoice Annexure_708466_05092025_1757032834755.xlsx
2025-08,2025-08-17 11:04:02,2025-08-23 21:15:37,445.0,42,0.4%,26.25%,73.75%,18687.0,112.0,2025-08-27,invoice Annexure_708466_27082025_1756295139869.xlsx
2025-08,2025-08-10 17:39:25,2025-08-16 21:54:53,349.0,26,5.3%,32.59%,67.41%,9084.0,700.0,2025-08-20,invoice Annexure_708466_20082025_1755699277331.xlsx
2025-08,2025-08-01 18:43:04,2025-08-09 20:10:17,301.0,25,12.1%,40.94%,59.06%,7514.0,1444.0,2025-08-13,invoice Annexure_708466_13082025_1755073343843.xlsx
2025-07,2025-07-20 12:01:19,2025-07-26 21:24:34,338.0,42,5.0%,32.3%,67.7%,14193.0,1018.0,2025-07-30,invoice Annexure_708466_30072025_1753871967947.xlsx
2025-07,2025-07-13 13:57:47,2025-07-19 19:28:45,365.0,40,5.6%,35.06%,64.94%,14599.0,1216.0,2025-07-23,invoice Annexure_708466_23072025_1753259390726.xlsx
2025-07,2025-07-06 15:21:23,2025-07-12 20:23:05,314.0,32,4.3%,32.39%,67.61%,10055.0,616.0,2025-07-17,invoice Annexure_708466_17072025_1752720130959.xlsx
2025-07,2025-07-01 19:33:34,2025-07-05 20:34:44,311.0,20,3.5%,30.84%,69.16%,6212.0,314.0,2025-07-09,invoice Annexure_708466_09072025_1752076317331.xlsx
2025-06,2025-06-22 12:21:00,2025-06-30 21:59:13,342.0,41,4.8%,33.24%,66.76%,14023.0,990.0,2025-07-05,invoice Annexure_708466_05072025_1751693717366.xlsx
2025-06,2025-06-15 13:09:21,2025-06-21 19:32:47,385.0,32,2.9%,28.58%,71.42%,12330.0,496.0,2025-06-25,invoice Annexure_708466_25062025_1750860524008.xlsx
2025-06,2025-06-08 15:33:12,2025-06-14 21:49:33,393.0,29,2.3%,28.8%,71.2%,11401.0,365.0,2025-06-18,invoice Annexure_708466_18062025_1750240993036.xlsx
2025-06,2025-06-01 18:30:29,2025-06-07 20:27:18,299.0,21,12.3%,40.77%,59.23%,6271.0,1219.0,2025-06-11,invoice Annexure_708466_11062025_1749651621472.xlsx
2025-05,2025-05-25 12:31:14,2025-05-31 20:34:21,349.0,43,4.0%,30.05%,69.95%,15019.0,841.0,2025-06-04,invoice Annexure_708466_04062025_1749046608166.xlsx
2025-05,2025-05-18 11:15:20,2025-05-24 21:57:01,350.0,40,4.8%,30.86%,69.14%,14008.0,971.0,2025-05-28,invoice Annexure_708466_28052025_1748438123345.xlsx
2025-05,2025-05-11 12:51:29,2025-05-17 20:50:32,351.0,32,4.8%,30.58%,66.3%,11236.0,795.0,2025-05-21,invoice Annexure_708466_21052025_1747829848234.xlsx
2025-05,2025-05-04 14:00:14,2025-05-10 20:12:15,315.0,36,5.0%,31.72%,68.28%,11342.0,820.0,2025-05-14,invoice Annexure_708466_14052025_1747220309745.xlsx
2025-05,2025-05-01 12:10:46,2025-05-03 20:15:39,329.0,23,0.9%,27.25%,72.75%,7565.0,95.0,2025-05-07,invoice Annexure_708466_07052025_1746618616858.xlsx
2025-04,2025-04-27 13:58:04,2025-04-30 21:09:35,294.0,22,1.5%,27.48%,72.52%,6465.0,134.0,2025-05-05,invoice Annexure_708466_05052025_1746446930119.xlsx
2025-04,2025-04-20 11:52:06,2025-04-26 21:35:25,334.0,44,2.9%,29.86%,70.14%,14680.0,601.0,2025-04-30,invoice Annexure_708466_30042025_1746010912013.xlsx
2025-04,2025-04-13 11:22:05,2025-04-19 19:20:11,358.0,33,4.0%,31.56%,68.44%,11825.0,688.0,2025-04-23,invoice Annexure_708466_23042025_1745400606564.xlsx
2025-04,2025-04-06 12:07:24,2025-04-12 20:17:21,352.0,37,2.2%,31.18%,68.82%,13042.0,420.0,2025-04-16,invoice Annexure_708466_16042025_1744751189392.xlsx
2025-04,2025-04-01 17:12:00,2025-04-05 20:41:27,304.0,26,5.4%,30.29%,65.86%,7898.0,614.0,2025-04-09,invoice Annexure_708466_09042025_1744186942965.xlsx
2025-03,2025-03-23 15:29:07,2025-03-30 21:03:24,361.0,39,2.3%,28.39%,69.05%,14087.0,461.0,2025-04-04,invoice Annexure_708466_04042025_1743776579475.xlsx
2025-03,2025-03-16 16:22:41,2025-03-22 20:48:33,298.0,33,2.9%,29.41%,70.59%,9835.0,409.0,2025-03-26,invoice Annexure_708466_26032025_1742979027367.xlsx
2025-03,2025-03-09 11:15:55,2025-03-15 21:58:30,276.0,30,1.4%,25.29%,68.04%,8268.0,160.0,2025-03-19,invoice Annexure_708466_19032025_1742397952591.xlsx
2025-03,2025-03-01 12:25:58,2025-03-08 20:00:14,288.0,41,2.4%,28.98%,71.02%,11816.0,393.0,2025-03-12,invoice Annexure_708466_12032025_1741788487628.xlsx
2025-02,2025-02-23 16:14:36,2025-02-28 20:52:23,329.0,28,4.9%,31.33%,68.67%,9222.0,637.0,2025-03-05,invoice Annexure_708466_05032025_1741189432727.xlsx
2025-02,2025-02-16 12:08:55,2025-02-22 19:25:47,301.0,24,6.5%,33.12%,66.88%,7235.0,686.0,2025-02-26,invoice Annexure_708466_26022025_1740590459785.xlsx
2025-02,2025-02-09 14:40:24,2025-02-15 20:27:31,413.0,24,1.8%,30.14%,69.86%,9907.0,256.0,2025-02-20,invoice Annexure_708466_20022025_1740001854674.xlsx
2025-02,2025-02-01 15:38:41,2025-02-08 20:25:39,344.0,37,1.8%,27.33%,69.96%,12727.0,327.0,2025-02-12,invoice Annexure_708466_12022025_1739359066228.xlsx
2025-01,2025-01-26 11:04:17,2025-01-31 20:04:48,352.0,22,1.7%,27.15%,72.85%,7740.0,179.0,2025-02-05,invoice Annexure_708466_05022025_1738760130394.xlsx
2025-01,2025-01-19 11:35:51,2025-01-25 19:38:53,328.0,21,0.7%,25.26%,74.74%,6891.0,62.0,2025-01-29,invoice Annexure_708466_29012025_1738156578636.xlsx
2025-01,2025-01-12 12:43:56,2025-01-18 21:48:35,301.0,27,1.7%,26.81%,73.19%,8137.0,184.0,2025-01-22,invoice Annexure_708466_22012025_1737538308020.xlsx
2025-01,2025-01-05 18:16:20,2025-01-11 20:26:16,326.0,24,0.7%,26.18%,73.82%,7824.0,71.0,2025-01-15,invoice Annexure_708466_15012025_1736960236292.xlsx
2025-01,2025-01-01 13:07:45,2025-01-04 20:09:35,383.0,19,2.4%,30.56%,69.44%,7276.0,251.0,2025-01-08,invoice Annexure_708466_08012025_1736340075611.xlsx
2024-12,2024-12-29 19:02:16,2024-12-31 21:57:12,331.0,21,2.5%,29.01%,70.99%,6961.0,241.0,2025-01-04,invoice Annexure_708466_04012025_1735991041088.xlsx
2024-12,2024-12-22 12:04:44,2024-12-28 17:10:40,336.0,31,6.5%,34.67%,65.33%,10424.0,1009.0,2025-01-02,invoice Annexure_708466_02012025_1735829233383.xlsx
2024-12,2024-12-15 13:03:02,2024-12-21 16:47:15,392.0,23,6.8%,35.36%,64.64%,9009.0,909.0,2024-12-25,invoice Annexure_708466_25122024_1735148562916.xlsx
2024-12,2024-12-07 20:35:26,2024-12-14 21:31:41,332.0,28,5.9%,33.82%,66.18%,9285.0,837.0,2024-12-18,invoice Annexure_708466_18122024_1734525193164.xlsx
2024-12,2024-12-01 14:38:51,2024-12-07 20:09:45,364.0,35,3.2%,31.55%,68.45%,12737.0,591.0,2024-12-11,invoice Annexure_708466_11122024_1733915578204.xlsx
2024-11,2024-11-24 11:46:01,2024-11-30 20:16:12,418.0,22,4.2%,32.25%,67.75%,9188.0,566.0,2024-12-04,invoice Annexure_708466_04122024_1733327318367.xlsx
2024-11,2024-11-17 17:57:27,2024-11-23 20:38:04,285.0,22,4.8%,31.18%,68.82%,6281.0,433.0,2024-11-27,invoice Annexure_708466_27112024_1732723115564.xlsx
2024-11,2024-11-10 11:15:44,2024-11-16 17:31:55,313.0,26,6.7%,33.09%,66.91%,8141.0,799.0,2024-11-20,invoice Annexure_708466_20112024_1732105120816.xlsx
2024-11,2024-11-01 18:07:10,2024-11-09 18:26:02,313.0,43,3.0%,29.0%,68.68%,13438.0,588.0,2024-11-13,invoice Annexure_708466_13112024_1731506837292.xlsx
2024-10,2024-10-27 12:20:42,2024-10-31 20:48:40,299.0,23,4.4%,29.03%,70.97%,6877.0,416.0,2024-11-05,invoice Annexure_708466_05112024_1730826863846.xlsx
2024-10,2024-10-16 13:35:14,2024-10-26 20:42:16,210.0,18,7.7%,34.57%,65.43%,3776.0,435.0,2024-10-30,invoice Annexure_708466_30102024_1730307786353.xlsx
2024-10,2024-10-13 13:03:56,2024-10-19 20:48:04,319.0,26,4.4%,29.79%,70.21%,8301.0,520.0,2024-10-24,invoice Annexure_708466_24102024_1729708468823.xlsx
2024-10,2024-10-06 11:56:08,2024-10-12 21:40:48,262.0,30,3.6%,29.66%,67.01%,7868.0,412.0,2024-10-16,invoice Annexure_708466_16102024_1729065039973.xlsx
2024-10,2024-10-01 11:54:02,2024-10-05 18:02:21,282.0,22,3.4%,30.28%,69.72%,6200.0,297.0,2024-10-09,invoice Annexure_708466_09102024_1728465187665.xlsx
2024-09,2024-09-22 15:33:58,2024-09-30 21:58:58,298.0,33,2.4%,29.17%,70.83%,9850.0,327.0,2024-10-04,invoice Annexure_708466_04102024_1728058070949.xlsx
2024-09,2024-09-15 12:53:44,2024-09-21 20:02:32,336.0,38,1.2%,28.63%,71.37%,12757.0,209.0,2024-09-25,invoice Annexure_708466_25092024_1727231573370.xlsx
2024-09,2024-09-08 15:58:29,2024-09-14 21:28:28,276.0,27,0.0%,25.06%,74.94%,7456.0,0.0,2024-09-18,invoice Annexure_708466_18092024_1726664697742.xlsx
2024-09,2024-09-01 13:15:05,2024-09-07 20:14:52,290.0,35,0.0%,26.21%,73.79%,10158.0,0.0,2024-09-11,invoice Annexure_708466_11092024_1726052825104.xlsx
2024-08,2024-08-25 17:37:32,2024-08-31 21:29:41,313.0,19,3.1%,29.58%,70.42%,5949.0,258.0,2024-09-04,invoice Annexure_708466_04092024_1725460397762.xlsx
2024-08,2024-08-18 11:13:41,2024-08-24 19:37:27,310.0,34,0.0%,25.82%,74.18%,10543.0,0.0,2024-08-28,invoice Annexure_708466_28082024_1724855881437.xlsx
2024-08,2024-08-11 12:13:12,2024-08-17 21:51:02,338.0,27,0.0%,25.11%,74.89%,9113.0,0.0,2024-08-21,invoice Annexure_708466_21082024_1724246339829.xlsx
2024-08,2024-08-04 11:39:30,2024-08-10 19:43:34,338.0,32,3.1%,29.74%,70.26%,10814.0,477.0,2024-08-14,invoice Annexure_708466_14082024_1723650813502.xlsx
2024-08,2024-08-01 11:12:36,2024-08-03 19:17:40,234.0,10,5.4%,28.7%,61.3%,2345.0,187.0,2024-08-08,invoice Annexure_708466_08082024_1723135775085.xlsx
