Date,UPI-Statement,UPI-Cashbook,UPI - Match?,CARD-Statement,CARD-Cashbook,Card - Match?
2026-02-28,8705.0,8705.0,,0.0,0.0,
2026-02-27,9558.0,9558.0,,0.0,0.0,
2026-02-26,4597.0,4597.0,,1275.0,1275.0,
2026-02-25,2589.0,2589.0,,0.0,0.0,
2026-02-24,6379.0,6254.0,Cashbook has lesser value by 125.0,608.0,608.0,
2026-02-23,5902.0,5902.0,,0.0,0.0,
2026-02-22,13809.0,13809.0,,686.0,686.0,
2026-02-21,11558.0,11558.0,,0.0,0.0,
2026-02-20,9171.0,9171.0,,2703.0,2703.0,
2026-02-19,5475.0,5475.0,,0.0,0.0,
2026-02-18,10556.0,10556.0,,0.0,0.0,
2026-02-17,5991.0,5991.0,,0.0,0.0,
2026-02-16,11573.0,11573.0,,0.0,0.0,
2026-02-15,11336.0,11336.0,,1498.0,1498.0,
2026-02-14,7805.0,7805.0,,2572.0,2572.0,
2026-02-13,8819.0,8819.0,,0.0,0.0,
2026-02-12,5872.0,5872.0,,524.0,524.0,
2026-02-11,4632.0,4632.0,,0.0,0.0,
2026-02-10,11746.0,11746.0,,0.0,0.0,
2026-02-09,9621.0,9621.0,,399.0,399.0,
2026-02-08,12492.0,12492.0,,524.0,524.0,
2026-02-07,14468.0,14468.0,,0.0,0.0,
2026-02-06,7603.0,7603.0,,0.0,0.0,
2026-02-05,12096.0,12096.0,,0.0,0.0,
2026-02-04,6190.0,6190.0,,0.0,0.0,
2026-02-03,8223.0,8223.0,,0.0,0.0,
2026-02-02,3854.0,3854.0,,2042.0,2042.0,
2026-02-01,11365.0,11365.0,,0.0,0.0,
2026-01-31,10017.0,10017.0,,0.0,0.0,
2026-01-30,5525.0,5525.0,,499.0,499.0,
2026-01-29,11962.0,11962.0,,2543.0,2543.0,
2026-01-28,7969.0,7969.0,,1080.0,1080.0,
2026-01-27,3751.0,3751.0,,356.0,356.0,
2026-01-26,9392.0,9392.0,,0.0,0.0,
2026-01-25,15224.0,15099.0,Cashbook has lesser value by 125.0,3663.0,3663.0,
2026-01-24,14939.0,14939.0,,922.0,922.0,
2026-01-23,8804.0,8804.0,,0.0,0.0,
2026-01-22,6616.0,6616.0,,0.0,0.0,
2026-01-21,8478.0,8478.0,,0.0,0.0,
2026-01-20,12819.0,12819.0,,0.0,0.0,
2026-01-19,7127.0,7127.0,,1240.0,1240.0,
2026-01-18,10402.0,10402.0,,1645.0,1645.0,
2026-01-17,10393.0,10393.0,,2540.0,2540.0,
2026-01-16,5862.0,5862.0,,0.0,0.0,
2026-01-15,13441.0,13441.0,,0.0,0.0,
2026-01-14,7404.0,7404.0,,0.0,499.0,Cashbook has greater value by 499.0
2026-01-13,7138.0,7158.0,Cashbook has greater value by 20.0,0.0,0.0,
2026-01-12,9845.0,9845.0,,0.0,0.0,
2026-01-11,10291.0,10291.0,,0.0,0.0,
2026-01-10,15510.0,15510.0,,1033.0,1033.0,
2026-01-09,12224.0,12224.0,,1058.0,1058.0,
2026-01-08,5483.0,5483.0,,0.0,0.0,
2026-01-07,12731.0,12731.0,,95.0,95.0,
2026-01-06,7808.0,7808.0,,788.0,788.0,
2026-01-05,5441.0,5441.0,,0.0,0.0,
2026-01-04,15535.0,15535.0,,0.0,0.0,
2026-01-03,11385.0,11385.0,,0.0,0.0,
2026-01-02,11042.0,11042.0,,0.0,0.0,
2026-01-01,20651.0,20651.0,,0.0,0.0,
2025-12-31,18913.0,18913.0,,944.0,944.0,
2025-12-30,13426.0,13426.0,,0.0,4495.0,Cashbook has greater value by 4495.0
2025-12-29,13961.0,13961.0,,0.0,1821.0,Cashbook has greater value by 1821.0
2025-12-28,14171.0,14171.0,,0.0,1111.0,Cashbook has greater value by 1111.0
2025-12-27,14148.0,14023.0,Cashbook has lesser value by 125.0,0.0,404.0,Cashbook has greater value by 404.0
2025-12-26,10757.0,10757.0,,0.0,1159.0,Cashbook has greater value by 1159.0
2025-12-25,20861.0,20861.0,,0.0,1652.0,Cashbook has greater value by 1652.0
2025-12-24,17481.0,17481.0,,0.0,1016.0,Cashbook has greater value by 1016.0
2025-12-23,11208.0,11208.0,,0.0,566.0,Cashbook has greater value by 566.0
2025-12-22,7853.0,7853.0,,0.0,1248.0,Cashbook has greater value by 1248.0
2025-12-21,15327.0,15327.0,,0.0,1002.0,Cashbook has greater value by 1002.0
2025-12-20,9868.0,9868.0,,0.0,1107.0,Cashbook has greater value by 1107.0
2025-12-19,8825.0,8825.0,,0.0,362.0,Cashbook has greater value by 362.0
2025-12-18,4995.0,4995.0,,0.0,538.0,Cashbook has greater value by 538.0
2025-12-17,3622.0,3622.0,,0.0,0.0,
2025-12-16,6701.0,6701.0,,0.0,0.0,
2025-12-15,8050.0,8050.0,,0.0,0.0,
2025-12-14,11482.0,11482.0,,0.0,1046.0,Cashbook has greater value by 1046.0
2025-12-13,18053.0,18053.0,,0.0,1797.0,Cashbook has greater value by 1797.0
2025-12-12,10596.0,10596.0,,0.0,858.0,Cashbook has greater value by 858.0
2025-12-11,10714.0,10714.0,,0.0,0.0,
2025-12-10,11473.0,11473.0,,0.0,2035.0,Cashbook has greater value by 2035.0
2025-12-09,6000.0,6000.0,,0.0,0.0,
2025-12-08,10904.0,10904.0,,0.0,600.0,Cashbook has greater value by 600.0
2025-12-07,5271.0,5271.0,,0.0,0.0,
2025-12-06,7335.0,7335.0,,0.0,0.0,
2025-12-05,10474.0,10474.0,,0.0,1050.0,Cashbook has greater value by 1050.0
2025-12-04,7695.0,7695.0,,0.0,0.0,
2025-12-03,11507.0,11507.0,,0.0,1457.0,Cashbook has greater value by 1457.0
2025-12-02,9801.0,9676.0,Cashbook has lesser value by 125.0,0.0,1058.0,Cashbook has greater value by 1058.0
2025-12-01,5034.0,5034.0,,0.0,0.0,
2025-11-30,12243.0,12243.0,,0.0,0.0,
2025-11-29,7705.0,7705.0,,1279.0,1279.0,
2025-11-28,7945.0,7945.0,,0.0,0.0,
2025-11-27,9866.0,9866.0,,0.0,0.0,
2025-11-26,13109.0,13109.0,,907.0,907.0,
2025-11-25,4253.0,4253.0,,0.0,0.0,
2025-11-24,6329.0,6329.0,,0.0,0.0,
2025-11-23,10954.0,10954.0,,456.0,456.0,
2025-11-22,12340.0,12340.0,,429.0,429.0,
2025-11-21,8078.0,8078.0,,657.0,657.0,
2025-11-20,8658.0,8658.0,,429.0,429.0,
2025-11-19,36183.0,36183.0,,1478.0,1478.0,
2025-11-18,6064.0,6064.0,,0.0,0.0,
2025-11-17,9426.0,9426.0,,0.0,0.0,
2025-11-16,14689.0,14689.0,,0.0,0.0,
2025-11-15,8096.0,8096.0,,346.0,346.0,
2025-11-14,5968.0,5968.0,,707.0,707.0,
2025-11-13,10760.0,10760.0,,0.0,0.0,
2025-11-12,8040.0,8040.0,,0.0,0.0,
2025-11-11,11273.0,11273.0,,0.0,0.0,
2025-11-10,4499.0,4499.0,,0.0,0.0,
2025-11-09,9843.0,9843.0,,1845.0,1845.0,
2025-11-08,12789.0,12789.0,,0.0,0.0,
2025-11-07,6956.0,6956.0,,0.0,0.0,
2025-11-06,5830.0,5830.0,,0.0,0.0,
2025-11-05,4756.0,4756.0,,0.0,0.0,
2025-11-04,5682.0,5682.0,,719.0,719.0,
2025-11-03,9600.0,9600.0,,0.0,0.0,
2025-11-02,11637.0,11637.0,,1562.0,1562.0,
2025-11-01,7122.0,7122.0,,1528.0,1528.0,
2025-10-31,7533.0,7533.0,,314.0,314.0,
2025-10-30,12001.0,12001.0,,0.0,1137.0,Cashbook has greater value by 1137.0
2025-10-29,10217.0,10217.0,,0.0,0.0,
2025-10-28,8165.0,8165.0,,0.0,1245.0,Cashbook has greater value by 1245.0
2025-10-27,7146.0,7146.0,,0.0,0.0,
2025-10-26,8695.0,8695.0,,0.0,2774.0,Cashbook has greater value by 2774.0
2025-10-25,12463.0,12463.0,,0.0,2467.0,Cashbook has greater value by 2467.0
2025-10-24,10637.0,10637.0,,0.0,1121.0,Cashbook has greater value by 1121.0
2025-10-23,7945.0,7945.0,,0.0,198.0,Cashbook has greater value by 198.0
2025-10-22,12117.0,12117.0,,0.0,0.0,
2025-10-21,13140.0,13140.0,,0.0,0.0,
2025-10-20,7241.0,7241.0,,0.0,1652.0,Cashbook has greater value by 1652.0
2025-10-19,4789.0,4789.0,,0.0,5644.0,Cashbook has greater value by 5644.0
2025-10-18,10633.0,10633.0,,0.0,0.0,
2025-10-17,7805.0,7805.0,,0.0,406.0,Cashbook has greater value by 406.0
2025-10-16,6654.0,6654.0,,0.0,0.0,
2025-10-15,9628.0,9628.0,,0.0,0.0,
2025-10-14,8861.0,8861.0,,0.0,0.0,
2025-10-13,4819.0,4819.0,,0.0,0.0,
2025-10-12,9813.0,9813.0,,0.0,596.0,Cashbook has greater value by 596.0
2025-10-11,9071.0,9071.0,,0.0,0.0,
2025-10-10,6917.0,6917.0,,0.0,499.0,Cashbook has greater value by 499.0
2025-10-09,10583.0,10583.0,,0.0,0.0,
2025-10-08,8440.0,8440.0,,0.0,0.0,
2025-10-07,7000.0,7000.0,,0.0,0.0,
2025-10-06,6797.0,6797.0,,0.0,0.0,
2025-10-05,16807.0,16807.0,,0.0,774.0,Cashbook has greater value by 774.0
2025-10-04,11781.0,11781.0,,0.0,4727.0,Cashbook has greater value by 4727.0
2025-10-03,8026.0,8026.0,,0.0,0.0,
2025-10-02,10724.0,12223.0,Cashbook has greater value by 1499.0,0.0,1412.0,Cashbook has greater value by 1412.0
2025-10-01,11135.0,11135.0,,0.0,4900.0,Cashbook has greater value by 4900.0
2025-09-30,19392.0,19392.0,,923.0,923.0,
2025-09-29,7693.0,7693.0,,0.0,0.0,
2025-09-28,10183.0,10183.0,,989.0,989.0,
2025-09-27,9372.0,9372.0,,6237.0,6237.0,
2025-09-26,11211.0,11211.0,,0.0,0.0,
2025-09-25,7451.0,7451.0,,583.0,583.0,
2025-09-24,5655.0,5655.0,,1342.0,1342.0,
2025-09-23,6016.0,6016.0,,0.0,0.0,
2025-09-22,5026.0,5026.0,,519.0,519.0,
2025-09-21,8796.0,8796.0,,1510.0,1510.0,
2025-09-20,10086.0,10086.0,,1283.0,1283.0,
2025-09-19,12946.0,12946.0,,0.0,0.0,
2025-09-18,4116.0,4116.0,,0.0,0.0,
2025-09-17,2146.0,2146.0,,701.0,701.0,
2025-09-16,9164.0,9039.0,Cashbook has lesser value by 125.0,1932.0,1932.0,
2025-09-15,9172.0,9172.0,,0.0,0.0,
2025-09-14,14481.0,14481.0,,0.0,0.0,
2025-09-13,15740.0,15740.0,,0.0,0.0,
2025-09-12,3577.0,3577.0,,0.0,0.0,
2025-09-11,10812.0,10812.0,,0.0,0.0,
2025-09-10,10415.0,10415.0,,0.0,0.0,
2025-09-09,7244.0,7244.0,,1401.0,1401.0,
2025-09-08,7665.0,7665.0,,1773.0,1773.0,
2025-09-07,12267.0,12267.0,,457.0,457.0,
2025-09-06,23528.0,23528.0,,0.0,0.0,
2025-09-05,11481.0,11481.0,,2806.0,2806.0,
2025-09-04,10620.0,10620.0,,1228.0,1228.0,
2025-09-03,12511.0,12511.0,,3038.0,3038.0,
2025-09-02,11231.0,11231.0,,0.0,0.0,
2025-09-01,5544.0,5544.0,,0.0,0.0,
2025-08-31,14846.0,14846.0,,0.0,0.0,
2025-08-30,10434.0,10434.0,,0.0,0.0,
2025-08-29,14780.0,14780.0,,0.0,0.0,
2025-08-28,8647.0,8647.0,,0.0,0.0,
2025-08-27,8673.0,8673.0,,702.0,702.0,
2025-08-26,12959.0,12959.0,,0.0,0.0,
2025-08-25,8521.0,8521.0,,346.0,345.0,Cashbook has lesser value by 1.0
2025-08-24,6476.0,6476.0,,1126.0,1126.0,
2025-08-23,11907.0,11907.0,,341.0,341.0,
2025-08-22,2355.0,2355.0,,0.0,0.0,
2025-08-21,10045.0,10045.0,,0.0,0.0,
2025-08-20,8905.0,8905.0,,0.0,0.0,
2025-08-19,11511.0,11511.0,,0.0,0.0,
2025-08-18,11516.0,11516.0,,0.0,0.0,
2025-08-17,9602.0,9602.0,,0.0,0.0,
2025-08-16,14806.0,14806.0,,1764.0,1764.0,
2025-08-15,13774.0,13774.0,,1137.0,1137.0,
2025-08-14,7728.0,7728.0,,0.0,0.0,
2025-08-13,10711.0,10711.0,,314.0,314.0,
2025-08-12,8773.0,8773.0,,0.0,0.0,
2025-08-11,6489.0,6489.0,,0.0,0.0,
2025-08-10,14428.0,14428.0,,1463.0,1463.0,
2025-08-09,14321.0,14321.0,,806.0,806.0,
2025-08-08,11123.0,11123.0,,0.0,0.0,
2025-08-07,7957.0,7957.0,,0.0,0.0,
2025-08-06,6643.0,6643.0,,974.0,974.0,
2025-08-05,6318.0,6318.0,,0.0,0.0,
2025-08-04,9896.0,9896.0,,0.0,0.0,
2025-08-03,12560.0,12560.0,,812.0,812.0,
2025-08-02,15178.0,15178.0,,2487.0,2487.0,
2025-08-01,4590.0,4590.0,,1933.0,1933.0,
2025-07-31,6707.0,6707.0,,0.0,0.0,
2025-07-30,4537.0,4537.0,,1369.0,1369.0,
2025-07-29,8583.0,8583.0,,0.0,0.0,
2025-07-28,8926.0,8926.0,,0.0,0.0,
2025-07-27,13561.0,13561.0,,0.0,0.0,
2025-07-26,7987.0,7987.0,,1053.0,1053.0,
2025-07-25,7317.0,7317.0,,0.0,0.0,
2025-07-24,11309.0,11309.0,,0.0,0.0,
2025-07-23,9000.0,9000.0,,662.0,662.0,
2025-07-22,7141.0,7141.0,,0.0,0.0,
2025-07-21,3363.0,3363.0,,0.0,0.0,
2025-07-20,14694.0,14694.0,,2105.0,2105.0,
2025-07-19,12376.0,12376.0,,2077.0,2077.0,
2025-07-18,12554.0,12554.0,,0.0,0.0,
2025-07-17,6323.0,6323.0,,0.0,0.0,
2025-07-16,12172.0,12172.0,,0.0,0.0,
2025-07-15,8351.0,8351.0,,0.0,0.0,
2025-07-14,6706.0,6706.0,,373.0,373.0,
2025-07-13,5837.0,5837.0,,0.0,0.0,
2025-07-12,5752.0,5752.0,,3259.0,3259.0,
2025-07-11,17469.0,17469.0,,0.0,0.0,
2025-07-10,9164.0,9164.0,,636.0,636.0,
2025-07-09,0.0,0.0,,0.0,0.0,
2025-07-08,10692.0,10692.0,,1399.0,1399.0,
2025-07-07,6695.0,6695.0,,0.0,0.0,
2025-07-06,13535.0,13535.0,,1572.0,1572.0,
2025-07-05,17199.0,17199.0,,1244.0,1244.0,
2025-07-04,8049.0,8049.0,,819.0,819.0,
2025-07-03,10953.0,10953.0,,0.0,0.0,
2025-07-02,8801.0,8801.0,,1389.0,1389.0,
2025-07-01,7328.0,7328.0,,1708.0,1708.0,
2025-06-30,5300.0,5300.0,,0.0,0.0,
2025-06-29,11322.0,11322.0,,630.0,630.0,
2025-06-28,12205.0,12205.0,,0.0,0.0,
2025-06-27,4717.0,4717.0,,0.0,0.0,
2025-06-26,8136.0,8136.0,,354.0,354.0,
2025-06-25,5879.0,5879.0,,540.0,540.0,
2025-06-24,8907.0,8907.0,,0.0,0.0,
2025-06-23,3645.0,3645.0,,0.0,0.0,
2025-06-22,9112.0,9112.0,,497.0,497.0,
2025-06-21,12256.0,12256.0,,499.0,1388.0,Cashbook has greater value by 889.0
2025-06-20,7633.0,7633.0,,0.0,0.0,
2025-06-19,1996.0,1996.0,,0.0,0.0,
2025-06-18,6826.0,6826.0,,0.0,0.0,
2025-06-17,5956.0,5956.0,,0.0,0.0,
2025-06-16,9901.0,9901.0,,0.0,0.0,
2025-06-15,8877.0,8877.0,,513.0,513.0,
2025-06-14,8937.0,8937.0,,595.0,595.0,
2025-06-13,8139.0,8139.0,,334.0,334.0,
2025-06-12,12130.0,12130.0,,0.0,0.0,
2025-06-11,10191.0,10191.0,,0.0,0.0,
2025-06-10,12748.0,12748.0,,2216.0,2216.0,
2025-06-09,5490.0,5490.0,,0.0,0.0,
2025-06-08,9061.0,9061.0,,799.0,799.0,
2025-06-07,17303.0,17303.0,,3697.0,3697.0,
2025-06-06,8729.0,8729.0,,331.0,331.0,
2025-06-05,5559.0,5559.0,,0.0,0.0,
2025-06-04,6818.0,6818.0,,1887.0,1887.0,
2025-06-03,8247.0,8247.0,,1332.0,1332.0,
2025-06-02,5769.0,5769.0,,0.0,0.0,
2025-06-01,9011.0,9011.0,,0.0,0.0,
2025-05-31,11736.0,11736.0,,499.0,499.0,
2025-05-30,10546.0,10546.0,,0.0,1613.0,Cashbook has greater value by 1613.0
2025-05-29,13633.0,13633.0,,0.0,948.0,Cashbook has greater value by 948.0
2025-05-28,9486.0,9486.0,,0.0,0.0,
2025-05-27,5749.0,5749.0,,0.0,110.0,Cashbook has greater value by 110.0
2025-05-26,5255.0,5255.0,,0.0,0.0,
2025-05-25,6985.0,6985.0,,0.0,198.0,Cashbook has greater value by 198.0
2025-05-24,8968.0,8968.0,,0.0,0.0,
2025-05-23,3394.0,3394.0,,0.0,0.0,
2025-05-22,11300.0,11300.0,,0.0,0.0,
2025-05-21,11797.0,11797.0,,0.0,786.0,Cashbook has greater value by 786.0
2025-05-20,3658.0,3658.0,,0.0,3758.0,Cashbook has greater value by 3758.0
2025-05-19,5148.0,5148.0,,0.0,681.0,Cashbook has greater value by 681.0
2025-05-18,9101.0,9101.0,,0.0,1090.0,Cashbook has greater value by 1090.0
2025-05-17,7811.0,7811.0,,0.0,855.0,Cashbook has greater value by 855.0
2025-05-16,5606.0,5606.0,,0.0,334.0,Cashbook has greater value by 334.0
2025-05-15,9116.0,9116.0,,0.0,2413.0,Cashbook has greater value by 2413.0
2025-05-14,12390.0,12390.0,,0.0,0.0,
2025-05-13,11280.0,11280.0,,0.0,0.0,
2025-05-12,10146.0,10146.0,,0.0,0.0,
2025-05-11,9197.0,9197.0,,0.0,1204.0,Cashbook has greater value by 1204.0
2025-05-10,14490.0,14490.0,,0.0,1237.0,Cashbook has greater value by 1237.0
2025-05-09,9694.0,9694.0,,0.0,277.0,Cashbook has greater value by 277.0
2025-05-08,8407.0,8407.0,,0.0,0.0,
2025-05-07,10494.0,10494.0,,0.0,1422.0,Cashbook has greater value by 1422.0
2025-05-06,8917.0,8917.0,,0.0,1113.0,Cashbook has greater value by 1113.0
2025-05-05,14829.0,14829.0,,0.0,2590.0,Cashbook has greater value by 2590.0
2025-05-04,9461.0,9461.0,,0.0,3535.0,Cashbook has greater value by 3535.0
2025-05-03,19485.0,19485.0,,0.0,2415.0,Cashbook has greater value by 2415.0
2025-05-02,11943.0,11943.0,,0.0,0.0,
2025-05-01,10052.0,10052.0,,0.0,0.0,
2025-04-30,10197.0,10197.0,,0.0,0.0,
2025-04-29,9885.0,9885.0,,0.0,0.0,
2025-04-28,10458.0,10458.0,,0.0,0.0,
2025-04-27,15214.0,15214.0,,0.0,0.0,
2025-04-26,9636.0,9636.0,,3071.0,3071.0,
2025-04-25,7332.0,7332.0,,0.0,0.0,
2025-04-24,6757.0,6757.0,,725.0,725.0,
2025-04-23,5765.0,5765.0,,500.0,500.0,
2025-04-22,4916.0,4916.0,,0.0,0.0,
2025-04-21,5741.0,5741.0,,0.0,0.0,
2025-04-20,14728.0,14728.0,,0.0,0.0,
2025-04-19,8511.0,8511.0,,0.0,0.0,
2025-04-18,12736.0,12736.0,,0.0,0.0,
2025-04-17,13451.0,13451.0,,0.0,0.0,
2025-04-16,9690.0,9690.0,,1148.0,1148.0,
2025-04-15,13611.0,13611.0,,0.0,0.0,
2025-04-14,12524.0,12524.0,,3076.0,3076.0,
2025-04-13,14309.0,14309.0,,1028.0,1028.0,
2025-04-12,13381.0,13381.0,,1239.0,1239.0,
2025-04-11,12825.0,12825.0,,0.0,0.0,
2025-04-10,6786.0,6786.0,,0.0,0.0,
2025-04-09,5388.0,5388.0,,0.0,0.0,
2025-04-08,7360.0,7360.0,,973.0,973.0,
2025-04-07,8041.0,8041.0,,928.0,928.0,
2025-04-06,7319.0,7319.0,,151.0,151.0,
2025-04-05,10256.0,10256.0,,0.0,0.0,
2025-04-04,8045.0,8045.0,,0.0,0.0,
2025-04-03,9058.0,9058.0,,734.0,734.0,
2025-04-02,13501.0,13501.0,,2179.0,2179.0,
2025-04-01,14580.0,14580.0,,392.0,392.0,
2025-03-31,15838.0,15838.0,,324.0,324.0,
2025-03-30,16237.0,16237.0,,0.0,587.0,Cashbook has greater value by 587.0
2025-03-29,9532.0,9532.0,,0.0,0.0,
2025-03-28,6256.0,6256.0,,0.0,0.0,
2025-03-27,5014.0,5014.0,,0.0,0.0,
2025-03-26,3482.0,3482.0,,0.0,0.0,
2025-03-25,5539.0,5539.0,,0.0,1988.0,Cashbook has greater value by 1988.0
2025-03-24,7060.0,7060.0,,0.0,0.0,
2025-03-23,5587.0,5587.0,,0.0,0.0,
2025-03-22,7529.0,7529.0,,0.0,1638.0,Cashbook has greater value by 1638.0
2025-03-21,6221.0,6221.0,,0.0,0.0,
2025-03-20,10023.0,10023.0,,0.0,0.0,
2025-03-19,6820.0,6820.0,,0.0,0.0,
2025-03-18,5065.0,5065.0,,0.0,0.0,
2025-03-17,1263.0,1263.0,,0.0,0.0,
2025-03-16,7860.0,7860.0,,0.0,1241.0,Cashbook has greater value by 1241.0
2025-03-15,7596.0,7596.0,,0.0,0.0,
2025-03-14,5189.0,5189.0,,0.0,1268.0,Cashbook has greater value by 1268.0
2025-03-13,7049.0,7049.0,,0.0,498.0,Cashbook has greater value by 498.0
2025-03-12,1797.0,1797.0,,0.0,0.0,
2025-03-11,4406.0,4406.0,,0.0,0.0,
2025-03-10,6452.0,6452.0,,0.0,1452.0,Cashbook has greater value by 1452.0
2025-03-09,8156.0,8156.0,,0.0,1327.0,Cashbook has greater value by 1327.0
2025-03-08,7614.0,7614.0,,0.0,1025.0,Cashbook has greater value by 1025.0
2025-03-07,4587.0,4587.0,,0.0,355.0,Cashbook has greater value by 355.0
2025-03-06,3237.0,3237.0,,0.0,0.0,
2025-03-05,4012.0,4012.0,,0.0,0.0,
2025-03-04,4234.0,4234.0,,0.0,0.0,
2025-03-03,8075.0,8075.0,,0.0,1200.0,Cashbook has greater value by 1200.0
2025-03-02,8594.0,8594.0,,0.0,0.0,
2025-03-01,13746.0,13746.0,,0.0,446.0,Cashbook has greater value by 446.0
2025-02-28,4225.0,4225.0,,728.0,728.0,
2025-02-27,10019.0,10019.0,,293.0,293.0,
2025-02-26,3653.0,3653.0,,0.0,0.0,
2025-02-25,6899.0,6899.0,,0.0,0.0,
2025-02-24,4465.0,4465.0,,1342.0,1342.0,
2025-02-23,12158.0,12158.0,,963.0,963.0,
2025-02-22,13759.0,13759.0,,0.0,0.0,
2025-02-21,9238.0,9238.0,,0.0,0.0,
2025-02-20,2790.0,2790.0,,0.0,0.0,
2025-02-19,12464.0,12464.0,,0.0,0.0,
2025-02-18,5770.0,5770.0,,875.0,875.0,
2025-02-17,10386.0,10386.0,,0.0,0.0,
2025-02-16,7134.0,7134.0,,0.0,0.0,
2025-02-15,8763.0,8763.0,,95.0,95.0,
2025-02-14,3213.0,3213.0,,2372.0,2372.0,
2025-02-13,6110.0,6110.0,,345.0,345.0,
2025-02-12,4900.0,4900.0,,293.0,293.0,
2025-02-11,5877.0,5877.0,,634.0,634.0,
2025-02-10,4870.0,4870.0,,0.0,0.0,
2025-02-09,6377.0,6377.0,,1202.0,1202.0,
2025-02-08,12053.0,12053.0,,713.0,713.0,
2025-02-07,7609.0,7609.0,,0.0,0.0,
2025-02-06,10818.0,10818.0,,0.0,0.0,
2025-02-05,9270.0,9270.0,,587.0,587.0,
2025-02-04,7210.0,7210.0,,0.0,0.0,
2025-02-03,9959.0,9959.0,,865.0,865.0,
2025-02-02,6600.0,6600.0,,0.0,0.0,
2025-02-01,10446.0,10446.0,,1031.0,1031.0,
2025-01-31,5415.0,5415.0,,985.0,985.0,
2025-01-30,6985.0,6985.0,,854.0,854.0,
2025-01-29,2809.0,2809.0,,0.0,0.0,
2025-01-28,5177.0,5177.0,,1018.0,1018.0,
2025-01-27,7913.0,7913.0,,0.0,0.0,
2025-01-26,15757.0,15757.0,,965.0,965.0,
2025-01-25,9082.0,9082.0,,4281.0,4281.0,
2025-01-24,7368.0,7368.0,,597.0,597.0,
2025-01-23,8016.0,8016.0,,1715.0,1715.0,
2025-01-22,9555.0,9555.0,,1338.0,1338.0,
2025-01-21,9401.0,9401.0,,0.0,0.0,
2025-01-20,3457.0,3457.0,,855.0,855.0,
2025-01-19,7953.0,7953.0,,1349.0,1349.0,
2025-01-18,15153.0,15153.0,,604.0,604.0,
2025-01-17,13680.0,13680.0,,1582.0,1582.0,
2025-01-16,7717.0,7717.0,,0.0,0.0,
2025-01-15,2971.0,2971.0,,110.0,110.0,
2025-01-14,7680.0,7680.0,,0.0,0.0,
2025-01-13,4106.0,4106.0,,570.0,570.0,
2025-01-12,9192.0,9192.0,,0.0,0.0,
2025-01-11,12213.0,12213.0,,408.0,408.0,
2025-01-10,5224.0,5224.0,,0.0,0.0,
2025-01-09,6041.0,6041.0,,0.0,0.0,
2025-01-08,10472.0,10472.0,,193.0,193.0,
2025-01-07,4504.0,4504.0,,375.0,375.0,
2025-01-06,9160.0,9160.0,,390.0,390.0,
2025-01-05,14502.0,14502.0,,688.0,688.0,
2025-01-04,11026.0,11026.0,,955.0,955.0,
2025-01-03,10962.0,10962.0,,546.0,546.0,
2025-01-02,8311.0,8311.0,,0.0,0.0,
2025-01-01,14548.0,14548.0,,2513.0,2513.0,
2024-12-31,20617.0,20617.0,,1738.0,1738.0,
2024-12-30,3364.0,3364.0,,0.0,0.0,
2024-12-29,8038.0,8038.0,,3265.0,3265.0,
2024-12-28,13684.0,13684.0,,268.0,268.0,
2024-12-27,13635.0,13635.0,,0.0,0.0,
2024-12-26,7922.0,7922.0,,283.0,283.0,
2024-12-25,11293.0,11293.0,,293.0,293.0,
2024-12-24,13518.0,13518.0,,0.0,0.0,
2024-12-23,6563.0,6563.0,,1077.0,1077.0,
2024-12-22,11941.0,11941.0,,729.0,729.0,
2024-12-21,8392.0,8392.0,,1918.0,1918.0,
2024-12-20,5400.0,5400.0,,977.0,977.0,
2024-12-19,7426.0,7426.0,,904.0,904.0,
2024-12-18,5354.0,5354.0,,4303.0,4303.0,
2024-12-17,6247.0,6247.0,,2126.0,2126.0,
2024-12-16,6306.0,6306.0,,0.0,0.0,
2024-12-15,7313.0,7313.0,,4278.0,4278.0,
2024-12-14,14122.0,14122.0,,0.0,0.0,
2024-12-13,7995.1,7995.0,,0.0,0.0,
2024-12-12,6076.0,6076.0,,1637.0,1637.0,
2024-12-11,5544.0,5544.0,,753.0,753.0,
2024-12-10,10358.0,10358.0,,0.0,0.0,
2024-12-09,6272.0,6272.0,,503.0,503.0,
2024-12-08,14222.0,14222.0,,691.0,691.0,
2024-12-07,13164.0,13164.0,,3053.0,3053.0,
2024-12-06,10635.0,10635.0,,0.0,0.0,
2024-12-05,14311.0,14311.0,,2106.0,2106.0,
2024-12-04,11048.0,11048.0,,0.0,0.0,
2024-12-03,8757.0,8757.0,,0.0,0.0,
2024-12-02,10847.0,10847.0,,461.0,461.0,
2024-12-01,17372.0,17372.0,,0.0,0.0,
2024-11-30,14212.0,14212.0,,0.0,0.0,
2024-11-29,8262.0,8262.0,,247.0,247.0,
2024-11-28,2321.0,2321.0,,0.0,0.0,
2024-11-27,10498.0,10498.0,,220.0,220.0,
2024-11-26,9885.0,9885.0,,471.0,471.0,
2024-11-25,6101.0,6101.0,,824.0,824.0,
2024-11-24,9756.0,9756.0,,1273.0,1273.0,
2024-11-23,8958.0,8958.0,,567.0,567.0,
2024-11-22,8956.0,8956.0,,0.0,0.0,
2024-11-21,7784.0,7784.0,,478.0,478.0,
2024-11-20,9390.0,9390.0,,839.0,839.0,
2024-11-19,5399.0,5399.0,,839.0,839.0,
2024-11-18,10365.0,10365.0,,0.0,0.0,
2024-11-17,8498.0,8498.0,,394.0,394.0,
2024-11-16,12071.0,12071.0,,0.0,0.0,
2024-11-15,12077.0,12077.0,,0.0,0.0,
2024-11-14,10977.0,10977.0,,1343.0,1343.0,
2024-11-13,34310.0,34310.0,,3842.0,3842.0,
2024-11-12,5760.0,5760.0,,0.0,0.0,
2024-11-11,9838.0,9838.0,,425.0,425.0,
2024-11-10,11240.0,11240.0,,0.0,0.0,
2024-11-09,13060.0,13060.0,,341.0,341.0,
2024-11-08,7698.0,7698.0,,0.0,0.0,
2024-11-07,9059.0,9059.0,,0.0,0.0,
2024-11-06,6619.0,6619.0,,572.0,572.0,
2024-11-05,11436.0,11436.0,,887.0,887.0,
2024-11-04,7787.0,7787.0,,1376.0,1376.0,
2024-11-03,11886.0,11886.0,,2691.0,2691.0,
2024-11-02,9975.0,9975.0,,2472.0,2472.0,
2024-11-01,11683.0,11683.0,,0.0,0.0,
2024-10-31,14138.0,14138.0,,1168.0,1168.0,
2024-10-30,3509.0,3509.0,,293.0,293.0,
2024-10-29,4807.0,4807.0,,0.0,0.0,
2024-10-28,6461.0,6461.0,,188.0,188.0,
2024-10-27,9624.0,9499.0,Cashbook has lesser value by 125.0,1961.0,1961.0,
2024-10-26,10292.0,10292.0,,1902.0,1902.0,
2024-10-25,5638.0,5638.0,,932.0,932.0,
2024-10-24,7280.0,7280.0,,382.0,382.0,
2024-10-23,5348.0,5348.0,,0.0,0.0,
2024-10-22,9094.0,9094.0,,0.0,0.0,
2024-10-21,7107.0,7107.0,,729.0,729.0,
2024-10-20,12159.0,12159.0,,2059.0,2059.0,
2024-10-19,11258.0,11258.0,,448.0,448.0,
2024-10-18,6485.0,6485.0,,357.0,357.0,
2024-10-17,9163.0,9163.0,,400.0,400.0,
2024-10-16,3342.0,3342.0,,0.0,0.0,
2024-10-15,6816.0,6816.0,,897.0,897.0,
2024-10-14,9361.0,9361.0,,450.0,450.0,
2024-10-13,11782.0,11782.0,,0.0,0.0,
2024-10-12,16019.0,16019.0,,1207.0,1207.0,
2024-10-11,18237.0,18237.0,,478.0,478.0,
2024-10-10,7405.0,7405.0,,0.0,0.0,
2024-10-09,8172.0,8172.0,,0.0,0.0,
2024-10-08,13405.0,13405.0,,0.0,0.0,
2024-10-07,2545.0,2545.0,,0.0,0.0,
2024-10-06,11908.0,11908.0,,2392.0,2392.0,
2024-10-05,12269.0,12269.0,,0.0,0.0,
2024-10-04,8904.0,8904.0,,792.0,792.0,
2024-10-03,7060.0,7060.0,,1479.0,1479.0,
2024-10-02,8866.0,8866.0,,524.0,524.0,
2024-10-01,8795.0,8795.0,,0.0,0.0,
2024-09-30,4167.0,4167.0,,0.0,0.0,
2024-09-29,9894.0,9894.0,,0.0,0.0,
2024-09-28,8086.0,8086.0,,0.0,0.0,
2024-09-27,8421.0,8421.0,,0.0,0.0,
2024-09-26,6844.0,6844.0,,0.0,0.0,
2024-09-25,7906.0,7906.0,,0.0,0.0,
2024-09-24,7898.0,7898.0,,0.0,0.0,
2024-09-23,3424.0,3424.0,,1285.0,1285.0,
2024-09-22,3817.0,3817.0,,3246.0,3246.0,
2024-09-21,8135.0,8135.0,,696.0,696.0,
2024-09-20,12554.0,12554.0,,525.0,525.0,
2024-09-19,8214.0,8214.0,,0.0,0.0,
2024-09-18,12673.0,12673.0,,3194.0,4129.0,Cashbook has greater value by 935.0
2024-09-17,8739.0,8739.0,,318.0,318.0,
2024-09-16,11919.0,11919.0,,3026.0,3026.0,
2024-09-15,14606.0,14606.0,,817.0,817.0,
2024-09-14,8355.0,8355.0,,1095.0,1095.0,
2024-09-13,13686.0,13686.0,,0.0,0.0,
2024-09-12,9078.0,9078.0,,0.0,0.0,
2024-09-11,7336.0,7336.0,,0.0,0.0,
2024-09-10,5234.0,5234.0,,0.0,0.0,
2024-09-09,4095.0,4095.0,,0.0,0.0,
2024-09-08,10637.0,10637.0,,371.0,371.0,
2024-09-07,6278.0,6278.0,,848.0,848.0,
2024-09-06,5573.0,5573.0,,0.0,0.0,
2024-09-05,6199.0,6199.0,,0.0,0.0,
2024-09-04,10370.0,10370.0,,0.0,0.0,
2024-09-03,7264.0,7264.0,,293.0,293.0,
2024-09-02,5314.0,5314.0,,615.0,615.0,
2024-09-01,7704.0,7704.0,,478.0,478.0,
2024-08-31,13451.0,13451.0,,788.0,788.0,
2024-08-30,4366.0,4366.0,,0.0,0.0,
2024-08-29,5393.0,5393.0,,0.0,0.0,
2024-08-28,10892.0,10892.0,,0.0,0.0,
2024-08-27,4470.0,4470.0,,0.0,0.0,
2024-08-26,10428.0,10428.0,,0.0,0.0,
2024-08-25,8862.0,8862.0,,1314.0,1314.0,
2024-08-24,6982.0,6982.0,,356.0,356.0,
2024-08-23,7587.0,7587.0,,1412.0,1412.0,
2024-08-22,5389.0,5389.0,,0.0,0.0,
2024-08-21,6042.0,6042.0,,0.0,0.0,
2024-08-20,5614.0,5614.0,,0.0,0.0,
2024-08-19,4657.0,4657.0,,0.0,0.0,
2024-08-18,8498.0,8498.0,,1376.0,1376.0,
2024-08-17,10527.0,10527.0,,0.0,0.0,
2024-08-16,9679.0,9679.0,,0.0,0.0,
2024-08-15,11025.0,11025.0,,1054.0,1054.0,
2024-08-14,6993.0,6993.0,,345.0,345.0,
2024-08-13,6560.0,6560.0,,0.0,0.0,
2024-08-12,6681.0,6681.0,,849.0,849.0,
2024-08-11,12879.0,12879.0,,1730.0,1730.0,
2024-08-10,14064.0,14064.0,,3140.0,3140.0,
2024-08-09,6962.0,6962.0,,1943.0,1943.0,
2024-08-08,5674.0,5674.0,,1106.0,1106.0,
2024-08-07,11205.0,11205.0,,1600.0,1600.0,
2024-08-06,4695.0,4695.0,,0.0,0.0,
2024-08-05,8691.0,8691.0,,543.0,543.0,
2024-08-04,10650.0,10650.0,,490.0,490.0,
2024-08-03,9704.0,9704.0,,1266.0,1266.0,
2024-08-02,12038.0,12038.0,,0.0,0.0,
2024-08-01,9846.0,9846.0,,607.0,607.0,
2024-07-31,6106.0,6106.0,,450.0,450.0,
2024-07-30,5088.0,5088.0,,0.0,0.0,
2024-07-29,7183.0,7183.0,,314.0,314.0,
2024-07-28,11818.0,11818.0,,4717.0,4717.0,
2024-07-27,10908.0,10908.0,,498.0,498.0,
2024-07-26,9590.0,9590.0,,408.0,408.0,
2024-07-25,8357.0,8357.0,,335.0,335.0,
2024-07-24,4294.0,4294.0,,1446.0,1446.0,
2024-07-23,8937.0,8937.0,,1510.0,1510.0,
2024-07-22,5975.0,5975.0,,1352.0,1352.0,
2024-07-21,10227.0,10227.0,,268.0,268.0,
2024-07-20,16804.0,16804.0,,1578.0,1578.0,
2024-07-19,7383.0,7383.0,,989.0,989.0,
2024-07-18,8877.0,8877.0,,247.0,247.0,
2024-07-17,8174.0,8174.0,,345.0,345.0,
2024-07-16,5246.0,5246.0,,1170.0,1170.0,
2024-07-15,9229.0,9229.0,,618.0,618.0,
2024-07-14,9304.0,9304.0,,624.0,624.0,
2024-07-13,13835.0,13835.0,,1912.0,1912.0,
2024-07-12,5138.0,5138.0,,0.0,0.0,
2024-07-11,7497.0,7497.0,,272.0,272.0,
2024-07-10,9042.0,9042.0,,283.0,283.0,
2024-07-09,8000.0,8000.0,,756.0,756.0,
2024-07-08,10953.0,10953.0,,3336.0,3336.0,
2024-07-07,3581.0,3581.0,,2580.0,2580.0,
2024-07-06,10361.0,10361.0,,2531.0,2531.0,
2024-07-05,4350.0,4350.0,,1129.0,1129.0,
2024-07-04,7342.0,7342.0,,0.0,0.0,
2024-07-03,10269.0,10269.0,,918.0,918.0,
2024-07-02,6686.0,6686.0,,2363.0,2363.0,
2024-07-01,7347.0,7347.0,,1135.0,1135.0,
2024-06-30,13760.0,13760.0,,0.0,0.0,
2024-06-29,10957.0,10957.0,,5877.0,5877.0,
2024-06-28,10930.0,10930.0,,594.0,594.0,
2024-06-27,6641.0,6641.0,,330.0,330.0,
2024-06-26,1534.0,1534.0,,0.0,0.0,
2024-06-25,11547.0,11547.0,,0.0,0.0,
2024-06-24,8517.0,8517.0,,366.0,366.0,
2024-06-23,10457.0,10457.0,,786.0,786.0,
2024-06-22,13625.0,13625.0,,0.0,0.0,
2024-06-21,6795.0,6795.0,,0.0,0.0,
2024-06-20,6079.0,6079.0,,0.0,0.0,
2024-06-19,6754.0,6754.0,,1196.0,1196.0,
2024-06-18,6953.0,6953.0,,2323.0,2323.0,
2024-06-17,12303.0,12303.0,,406.0,406.0,
2024-06-16,13566.0,13566.0,,0.0,0.0,
2024-06-15,12481.0,12481.0,,543.0,543.0,
2024-06-14,5897.0,5897.0,,3163.0,3163.0,
2024-06-13,7319.0,7319.0,,20.0,20.0,
2024-06-12,5184.0,5184.0,,529.0,529.0,
2024-06-11,4641.0,4641.0,,0.0,0.0,
2024-06-10,5766.0,5766.0,,949.0,949.0,
2024-06-09,6312.0,6312.0,,0.0,0.0,
2024-06-08,16256.0,16256.0,,1174.0,1174.0,
2024-06-07,9483.0,9483.0,,697.0,697.0,
2024-06-06,7210.0,7210.0,,1084.0,1084.0,
2024-06-05,5551.0,5551.0,,713.0,713.0,
2024-06-04,9934.0,9934.0,,2138.0,2138.0,
2024-06-03,5424.0,5424.0,,1001.0,1001.0,
2024-06-02,11485.0,11485.0,,1710.0,1710.0,
2024-06-01,10877.0,10877.0,,3140.0,3140.0,
2024-05-31,8525.0,8525.0,,1625.0,1625.0,
2024-05-30,6426.0,6426.0,,0.0,0.0,
2024-05-29,7900.0,7900.0,,1750.0,1750.0,
2024-05-28,5444.0,5444.0,,873.04,873.0,
2024-05-27,7229.0,7229.0,,1245.0,1245.0,
2024-05-26,9134.0,9134.0,,2686.0,2686.0,
2024-05-25,5195.0,5195.0,,0.0,0.0,
2024-05-24,9442.0,9442.0,,985.0,985.0,
2024-05-23,10048.0,10048.0,,576.0,576.0,
2024-05-22,11864.0,11864.0,,0.0,0.0,
2024-05-21,7327.0,7327.0,,330.0,330.0,
2024-05-20,8819.0,8819.0,,0.0,0.0,
2024-05-19,9735.0,9735.0,,272.0,272.0,
2024-05-18,11301.0,11301.0,,0.0,0.0,
2024-05-17,45922.0,10922.0,Cashbook has lesser value by 35000.0,2563.0,2563.0,
2024-05-16,11908.0,11908.0,,0.0,0.0,
2024-05-15,12156.0,12156.0,,0.0,0.0,
2024-05-14,6447.0,6447.0,,3105.0,3105.0,
2024-05-13,17144.0,17144.0,,272.0,272.0,
2024-05-12,10407.0,9821.0,Cashbook has lesser value by 586.0,1018.0,1604.0,Cashbook has greater value by 586.0
2024-05-11,11792.0,11792.0,,633.0,633.0,
2024-05-10,10850.0,10850.0,,0.0,0.0,
2024-05-09,6494.0,6494.0,,1173.0,1173.0,
2024-05-08,7622.0,7622.0,,3170.0,3170.0,
2024-05-07,8206.0,8206.0,,0.0,0.0,
2024-05-06,10467.0,10467.0,,0.0,0.0,
2024-05-05,4336.0,4336.0,,331.0,331.0,
2024-05-04,4161.0,4161.0,,352.0,352.0,
2024-05-03,7128.0,7128.0,,320.0,320.0,
2024-05-02,7073.0,7073.0,,397.0,397.0,
2024-05-01,4862.0,4862.0,,390.0,390.0,
2024-04-30,9665.0,9665.0,,366.0,366.0,
2024-04-29,10661.0,10661.0,,514.0,514.0,
2024-04-28,6999.0,6999.0,,861.0,861.0,
2024-04-27,16266.0,16266.0,,1524.0,1524.0,
2024-04-26,6413.0,6413.0,,0.0,0.0,
2024-04-25,14080.0,14080.0,,0.0,0.0,
2024-04-24,9949.0,9949.0,,0.0,0.0,
2024-04-23,5941.0,5941.0,,3573.0,3573.0,
2024-04-22,5930.0,5930.0,,0.0,0.0,
2024-04-21,10795.0,10795.0,,3225.0,3225.0,
2024-04-20,6289.0,6289.0,,2049.0,2049.0,
2024-04-19,12891.0,12891.0,,440.0,440.0,
2024-04-18,6968.0,6968.0,,1220.0,1220.0,
2024-04-17,8771.0,8771.0,,0.0,0.0,
2024-04-16,8469.0,8469.0,,2216.0,2216.0,
2024-04-15,5285.0,5285.0,,2444.0,2444.0,
2024-04-14,14984.0,14984.0,,3977.0,3977.0,
2024-04-13,15075.0,15075.0,,5006.0,5006.0,
2024-04-12,9220.0,9220.0,,1003.0,1003.0,
2024-04-11,15694.0,15694.0,,0.0,0.0,
2024-04-10,16753.0,16753.0,,451.0,451.0,
2024-04-09,6470.0,6470.0,,3571.0,3571.0,
2024-04-08,8853.0,8853.0,,0.0,0.0,
2024-04-07,9840.0,9840.0,,0.0,0.0,
2024-04-06,7491.0,7491.0,,0.0,0.0,
2024-04-05,12164.0,12164.0,,839.0,839.0,
2024-04-04,4680.0,4680.0,,0.0,0.0,
2024-04-03,7553.0,7553.0,,1860.0,1860.0,
2024-04-02,7352.0,7352.0,,626.0,626.0,
2024-04-01,3266.0,3266.0,,1107.0,1107.0,
2024-03-31,11553.0,11553.0,,215.0,215.0,
2024-03-30,4643.0,4643.0,,0.0,0.0,
2024-03-29,5650.0,5650.0,,1056.0,1056.0,
2024-03-28,4923.0,4923.0,,0.0,0.0,
2024-03-27,3960.0,3960.0,,257.0,257.0,
2024-03-26,6193.0,6193.0,,441.0,441.0,
2024-03-25,3374.0,3374.0,,539.0,539.0,
2024-03-24,4521.0,4521.0,,0.0,0.0,
2024-03-23,13038.0,13038.0,,0.0,0.0,
2024-03-22,6357.0,6357.0,,743.0,743.0,
2024-03-21,6177.0,6177.0,,226.0,226.0,
2024-03-20,4489.0,4489.0,,0.0,0.0,
2024-03-19,5152.0,5152.0,,0.0,0.0,
2024-03-18,3883.0,3883.0,,0.0,0.0,
2024-03-17,8734.0,8734.0,,806.0,806.0,
2024-03-16,5572.0,5572.0,,676.0,676.0,
2024-03-15,6507.0,6507.0,,292.0,292.0,
2024-03-14,2728.0,2728.0,,0.0,0.0,
2024-03-13,4277.0,4277.0,,0.0,0.0,
2024-03-12,5200.0,5200.0,,446.0,446.0,
2024-03-11,3443.0,3443.0,,904.0,904.0,
2024-03-10,8736.0,8736.0,,0.0,0.0,
2024-03-09,8717.0,8717.0,,2327.0,2327.0,
2024-03-08,7243.0,7243.0,,746.0,746.0,
2024-03-07,8961.0,8961.0,,439.0,439.0,
2024-03-06,3588.0,3588.0,,565.0,565.0,
2024-03-05,5724.0,5724.0,,576.0,576.0,
2024-03-04,2912.0,2912.0,,0.0,0.0,
2024-03-03,12978.0,12978.0,,365.0,365.0,
2024-03-02,14412.0,14412.0,,1721.0,1721.0,
2024-03-01,9496.0,9496.0,,2224.0,2224.0,
2024-02-29,3963.0,3963.0,,0.0,0.0,
2024-02-28,10752.0,10752.0,,0.0,0.0,
2024-02-27,8525.0,8525.0,,446.0,446.0,
2024-02-26,3147.0,3147.0,,470.0,470.0,
2024-02-25,10174.0,10174.0,,1694.0,1694.0,
2024-02-24,8631.0,8631.0,,746.0,746.0,
2024-02-23,9126.0,9126.0,,0.0,0.0,
2024-02-22,7717.0,7717.0,,8338.0,8338.0,
2024-02-21,4081.0,4081.0,,0.0,0.0,
2024-02-20,4958.0,4958.0,,0.0,0.0,
2024-02-19,6874.0,6874.0,,974.0,974.0,
2024-02-18,6097.0,6097.0,,1041.0,1041.0,
2024-02-17,8090.0,8090.0,,1699.0,1699.0,
2024-02-16,3228.0,3228.0,,1107.0,1107.0,
2024-02-15,7249.0,7249.0,,0.0,0.0,
2024-02-14,9049.0,9049.0,,966.0,966.0,
2024-02-13,6338.0,6338.0,,1843.0,1843.0,
2024-02-12,1864.0,1864.0,,1384.0,1384.0,
2024-02-11,6882.0,6882.0,,0.0,0.0,
2024-02-10,8979.0,8979.0,,1336.0,1336.0,
2024-02-09,12113.0,12113.0,,0.0,0.0,
2024-02-08,4511.0,4511.0,,0.0,0.0,
2024-02-07,7417.0,7417.0,,386.0,386.0,
2024-02-06,4639.0,4639.0,,1617.0,1617.0,
2024-02-05,4724.0,4724.0,,382.0,382.0,
2024-02-04,10242.0,10242.0,,131.0,131.0,
2024-02-03,10441.0,10441.0,,1377.0,1377.0,
2024-02-02,8290.0,8290.0,,1226.0,1226.0,
2024-02-01,2121.0,2121.0,,0.0,0.0,
2024-01-31,3437.0,3437.0,,0.0,0.0,
2024-01-30,6060.0,6060.0,,2189.0,2189.0,
2024-01-29,4918.0,4918.0,,1705.0,1705.0,
2024-01-28,6394.0,6394.0,,660.0,660.0,
2024-01-27,10659.0,10659.0,,1480.0,1480.0,
2024-01-26,7817.0,7817.0,,471.0,471.0,
2024-01-25,3827.0,3827.0,,0.0,0.0,
2024-01-24,7167.0,7167.0,,0.0,0.0,
2024-01-23,3604.0,3604.0,,727.0,727.0,
2024-01-22,8622.0,8622.0,,0.0,0.0,
2024-01-21,8267.0,8267.0,,518.0,518.0,
2024-01-20,7572.0,7572.0,,0.0,0.0,
2024-01-19,5733.0,5733.0,,278.0,278.0,
2024-01-18,7142.0,7142.0,,486.0,486.0,
2024-01-17,7391.0,7391.0,,765.0,765.0,
2024-01-16,3040.0,3040.0,,1470.0,1470.0,
2024-01-15,10593.0,10593.0,,826.0,826.0,
2024-01-14,5763.0,5763.0,,446.0,446.0,
2024-01-13,5588.0,5588.0,,2089.0,2089.0,
2024-01-12,6036.0,6036.0,,1141.0,1141.0,
2024-01-11,5750.0,5750.0,,576.0,576.0,
2024-01-10,5175.0,5175.0,,1201.0,1201.0,
2024-01-09,5190.0,5190.0,,1317.0,1317.0,
2024-01-08,4802.0,4802.0,,0.0,0.0,
2024-01-07,10053.0,10053.0,,3164.0,3164.0,
2024-01-06,9513.0,9513.0,,0.0,0.0,
2024-01-05,7519.0,7519.0,,0.0,0.0,
2024-01-04,4935.0,4935.0,,366.0,366.0,
2024-01-03,6343.0,6343.0,,0.0,0.0,
2024-01-02,8868.0,8868.0,,0.0,0.0,
2024-01-01,6966.0,6966.0,,1456.0,1456.0,
0,0.0,0.0,,0.0,0.0,
0,0.0,0.0,,0.0,0.0,
0,0.0,0.0,,0.0,0.0,
