Sales date,Amount,Cash Recieved Date,Deposits
2026-02-28,8705.0,2026-02-28,8705.0
2026-02-27,9558.0,2026-02-27,9558.0
2026-02-26,4597.0,2026-02-26,4597.0
2026-02-25,2589.0,2026-02-25,2589.0
2026-02-24,6379.0,,
2026-02-23,5902.0,2026-02-23,5902.0
2026-02-22,13809.0,2026-02-22,13809.0
2026-02-21,11558.0,2026-02-21,11558.0
2026-02-20,9171.0,2026-02-20,9171.0
2026-02-19,5475.0,2026-02-19,5475.0
2026-02-18,10556.0,2026-02-18,10556.0
2026-02-17,5991.0,2026-02-17,5991.0
2026-02-16,11573.0,2026-02-16,11573.0
2026-02-15,11336.0,2026-02-15,11336.0
2026-02-14,7805.0,2026-02-14,7805.0
2026-02-13,8819.0,2026-02-13,8819.0
2026-02-12,5872.0,2026-02-12,5872.0
2026-02-11,4632.0,2026-02-11,4632.0
2026-02-10,11746.0,2026-02-10,11746.0
2026-02-09,9621.0,2026-02-09,9621.0
2026-02-08,12492.0,2026-02-08,12492.0
2026-02-07,14468.0,2026-02-07,14468.0
2026-02-06,7603.0,2026-02-06,7603.0
2026-02-05,12096.0,2026-02-05,12096.0
2026-02-04,6190.0,2026-02-04,6190.0
2026-02-03,8223.0,2026-02-04,8223.0
2026-02-02,3854.0,2026-02-02,3854.0
2026-02-01,11365.0,2026-02-01,11365.0
2026-01-31,10017.0,2026-01-31,10017.0
2026-01-30,5525.0,2026-01-30,5525.0
2026-01-29,11962.0,2026-01-29,11962.0
2026-01-28,7969.0,2026-01-28,7969.0
2026-01-27,3751.0,2026-01-28,3751.0
2026-01-26,9392.0,2026-01-27,9392.0
2026-01-25,15224.0,,
2026-01-24,14939.0,2026-01-24,14939.0
2026-01-23,8804.0,2026-01-24,8804.0
2026-01-22,6616.0,2026-01-22,6616.0
2026-01-21,8478.0,2026-01-21,8478.0
2026-01-20,12819.0,2026-01-20,12819.0
2026-01-19,7127.0,2026-01-19,7127.0
2026-01-18,10402.0,2026-01-18,10402.0
2026-01-17,10393.0,2026-01-17,10393.0
2026-01-16,5862.0,2026-01-16,5862.0
2026-01-15,13441.0,2026-01-15,13441.0
2026-01-14,7404.0,2026-01-14,7404.0
2026-01-13,7138.0,2026-01-13,7138.0
2026-01-12,9845.0,2026-01-12,9845.0
2026-01-11,10291.0,2026-01-11,10291.0
2026-01-10,15510.0,2026-01-10,15510.0
2026-01-09,12224.0,2026-01-09,12224.0
2026-01-08,5483.0,2026-01-08,5483.0
2026-01-07,12731.0,2026-01-07,12731.0
2026-01-06,7808.0,2026-01-06,7808.0
2026-01-05,5441.0,2026-01-05,5441.0
2026-01-04,15535.0,2026-01-04,15535.0
2026-01-03,11385.0,2026-01-03,11385.0
2026-01-02,11042.0,2026-01-02,11042.0
2026-01-01,20651.0,2026-01-01,20651.0
2025-12-31,18913.0,2025-12-31,18913.0
2025-12-30,13426.0,2025-12-30,13426.0
2025-12-29,13961.0,2025-12-29,13961.0
2025-12-28,14171.0,2025-12-28,14171.0
2025-12-27,14148.0,,
2025-12-26,10757.0,2025-12-26,10757.0
2025-12-25,20861.0,2025-12-25,20861.0
2025-12-24,17481.0,2025-12-24,17481.0
2025-12-23,11208.0,2025-12-23,11208.0
2025-12-22,7853.0,2025-12-22,7853.0
2025-12-21,15327.0,2025-12-21,15327.0
2025-12-20,9868.0,2025-12-20,9868.0
2025-12-19,8825.0,2025-12-19,8825.0
2025-12-18,4995.0,2025-12-18,4995.0
2025-12-17,3622.0,2025-12-17,3622.0
2025-12-16,6701.0,2025-12-16,6701.0
2025-12-15,8050.0,2025-12-15,8050.0
2025-12-14,11482.0,2025-12-14,11482.0
2025-12-13,18053.0,2025-12-13,18053.0
2025-12-12,10596.0,2025-12-12,10596.0
2025-12-11,10714.0,2025-12-11,10714.0
2025-12-10,11473.0,2025-12-10,11473.0
2025-12-09,6000.0,2025-12-09,6000.0
2025-12-08,10904.0,2025-12-08,10904.0
2025-12-07,5271.0,2025-12-07,5271.0
2025-12-06,7335.0,2025-12-06,7335.0
2025-12-05,10474.0,2025-12-05,10474.0
2025-12-04,7695.0,2025-12-04,7695.0
2025-12-03,11507.0,2025-12-03,11507.0
2025-12-02,9801.0,,
2025-12-01,5034.0,2025-12-01,5034.0
2025-11-30,12243.0,2025-11-30,12243.0
2025-11-29,7705.0,2025-11-29,7705.0
2025-11-28,7945.0,2025-11-28,7945.0
2025-11-27,9866.0,2025-11-27,9866.0
2025-11-26,13109.0,2025-11-26,13109.0
2025-11-25,4253.0,2025-11-25,4253.0
2025-11-24,6329.0,2025-11-24,6329.0
2025-11-23,10954.0,2025-11-23,10954.0
2025-11-22,12340.0,2025-11-22,12340.0
2025-11-21,8078.0,2025-11-21,8078.0
2025-11-20,8658.0,2025-11-20,8658.0
2025-11-19,36183.0,2025-11-19,36183.0
2025-11-18,6064.0,2025-11-18,6064.0
2025-11-17,9426.0,2025-11-17,9426.0
2025-11-16,14689.0,2025-11-16,14689.0
2025-11-15,8096.0,2025-11-15,8096.0
2025-11-14,5968.0,2025-11-14,5968.0
2025-11-13,10760.0,2025-11-13,10760.0
2025-11-12,8040.0,2025-11-12,8040.0
2025-11-11,11273.0,2025-11-11,11273.0
2025-11-10,4499.0,2025-11-10,4499.0
2025-11-09,9843.0,2025-11-09,9843.0
2025-11-08,12789.0,2025-11-08,12789.0
2025-11-07,6956.0,2025-11-07,6956.0
2025-11-06,5830.0,2025-11-06,5830.0
2025-11-05,4756.0,2025-11-05,4756.0
2025-11-04,5682.0,2025-11-04,5682.0
2025-11-03,9600.0,2025-11-03,9600.0
2025-11-02,11637.0,2025-11-02,11637.0
2025-11-01,7122.0,2025-11-01,7122.0
2025-10-31,7533.0,2025-10-31,7533.0
2025-10-30,12001.0,2025-10-30,12001.0
2025-10-29,10217.0,2025-10-29,10217.0
2025-10-28,8165.0,2025-10-28,8165.0
2025-10-27,7146.0,2025-10-27,7146.0
2025-10-26,8695.0,2025-10-26,8695.0
2025-10-25,12463.0,2025-10-25,12463.0
2025-10-24,10637.0,2025-10-24,10637.0
2025-10-23,7945.0,2025-10-23,7945.0
2025-10-22,12117.0,2025-10-22,12117.0
2025-10-21,13140.0,2025-10-21,13140.0
2025-10-20,7241.0,2025-10-20,7241.0
2025-10-19,4789.0,2025-10-19,4789.0
2025-10-18,10633.0,2025-10-18,10633.0
2025-10-17,7805.0,2025-10-17,7805.0
2025-10-16,6654.0,2025-10-16,6654.0
2025-10-15,9628.0,2025-10-15,9628.0
2025-10-14,8861.0,2025-10-14,8861.0
2025-10-13,4819.0,2025-10-13,4819.0
2025-10-12,9813.0,2025-10-12,9813.0
2025-10-11,9071.0,2025-10-11,9071.0
2025-10-10,6917.0,2025-10-10,6917.0
2025-10-09,10583.0,2025-10-09,10583.0
2025-10-08,8440.0,2025-10-08,8440.0
2025-10-07,7000.0,2025-10-07,7000.0
2025-10-06,6797.0,2025-10-06,6797.0
2025-10-05,16807.0,2025-10-05,16807.0
2025-10-04,11781.0,2025-10-04,11781.0
2025-10-03,8026.0,2025-10-03,8026.0
2025-10-02,10724.0,2025-10-02,10724.0
2025-10-01,11135.0,2025-10-01,11135.0
2025-09-30,19392.0,2025-09-30,19392.0
2025-09-29,7693.0,2025-09-29,7693.0
2025-09-28,10183.0,2025-09-28,10183.0
2025-09-27,9372.0,2025-09-27,9372.0
2025-09-26,11211.0,2025-09-26,11211.0
2025-09-25,7451.0,2025-09-25,7451.0
2025-09-24,5655.0,2025-09-24,5655.0
2025-09-23,6016.0,2025-09-23,6016.0
2025-09-22,5026.0,2025-09-22,5026.0
2025-09-21,8796.0,2025-09-21,8796.0
2025-09-20,10086.0,2025-09-20,10086.0
2025-09-19,12946.0,2025-09-19,12946.0
2025-09-18,4116.0,2025-09-18,4116.0
2025-09-17,2146.0,2025-09-17,2146.0
2025-09-16,9164.0,,
2025-09-15,9172.0,2025-09-15,9172.0
2025-09-14,14481.0,2025-09-14,14481.0
2025-09-13,15740.0,2025-09-13,15740.0
2025-09-12,3577.0,2025-09-12,3577.0
2025-09-11,10812.0,2025-09-11,10812.0
2025-09-10,10415.0,2025-09-10,10415.0
2025-09-09,7244.0,2025-09-09,7244.0
2025-09-08,7665.0,2025-09-08,7665.0
2025-09-07,12267.0,2025-09-07,12267.0
2025-09-06,23528.0,2025-09-06,23528.0
2025-09-05,11481.0,2025-09-05,11481.0
2025-09-04,10620.0,2025-09-04,10620.0
2025-09-03,12511.0,2025-09-03,12511.0
2025-09-02,11231.0,2025-09-02,11231.0
2025-09-01,5544.0,2025-09-01,5544.0
2025-08-31,14846.0,2025-08-31,14846.0
2025-08-30,10434.0,2025-08-30,10434.0
2025-08-29,14780.0,2025-08-29,14780.0
2025-08-28,8647.0,2025-08-28,8647.0
2025-08-27,8673.0,2025-08-27,8673.0
2025-08-26,12959.0,2025-08-26,12959.0
2025-08-25,8521.0,2025-08-25,8521.0
2025-08-24,6476.0,2025-08-24,6476.0
2025-08-23,11907.0,2025-08-23,11907.0
2025-08-22,2355.0,2025-08-22,2355.0
2025-08-21,10045.0,2025-08-21,10045.0
2025-08-20,8905.0,2025-08-20,8905.0
2025-08-19,11511.0,2025-08-19,11511.0
2025-08-18,11516.0,2025-08-19,11516.0
2025-08-17,9602.0,2025-08-17,9602.0
2025-08-16,14806.0,2025-08-16,14806.0
2025-08-15,13774.0,2025-08-15,13774.0
2025-08-14,7728.0,2025-08-14,7728.0
2025-08-13,10711.0,2025-08-13,10711.0
2025-08-12,8773.0,2025-08-12,8773.0
2025-08-11,6489.0,2025-08-11,6489.0
2025-08-10,14428.0,2025-08-10,14428.0
2025-08-09,14321.0,2025-08-09,14321.0
2025-08-08,11123.0,2025-08-08,11123.0
2025-08-07,7957.0,2025-08-07,7957.0
2025-08-06,6643.0,2025-08-06,6643.0
2025-08-05,6318.0,2025-08-05,6318.0
2025-08-04,9896.0,2025-08-04,9896.0
2025-08-03,12560.0,2025-08-03,12560.0
2025-08-02,15178.0,2025-08-02,15178.0
2025-08-01,4590.0,2025-08-01,4590.0
2025-07-31,6707.0,2025-07-31,6707.0
2025-07-30,4537.0,2025-07-30,4537.0
2025-07-29,8583.0,,
2025-07-28,8926.0,2025-07-28,8926.0
2025-07-27,13561.0,2025-07-27,13561.0
2025-07-26,7987.0,2025-07-26,7987.0
2025-07-25,7317.0,2025-07-25,7317.0
2025-07-24,11309.0,2025-07-24,11309.0
2025-07-23,9000.0,2025-07-23,9000.0
2025-07-22,7141.0,2025-07-22,7141.0
2025-07-21,3363.0,2025-07-21,3363.0
2025-07-20,14694.0,2025-07-20,14694.0
2025-07-19,12376.0,2025-07-19,12376.0
2025-07-18,12554.0,2025-07-18,12554.0
2025-07-17,6323.0,2025-07-17,6323.0
2025-07-16,12172.0,2025-07-16,12172.0
2025-07-15,8351.0,2025-07-15,8351.0
2025-07-14,6706.0,2025-07-14,6706.0
2025-07-13,5837.0,2025-07-13,5837.0
2025-07-12,5752.0,2025-07-12,5752.0
2025-07-11,17469.0,2025-07-11,17469.0
2025-07-10,9164.0,2025-07-10,9164.0
2025-07-09,0.0,,
2025-07-08,10692.0,2025-07-08,10692.0
2025-07-07,6695.0,2025-07-07,6695.0
2025-07-06,13535.0,2025-07-06,13535.0
2025-07-05,17199.0,2025-07-05,17199.0
2025-07-04,8049.0,2025-07-04,8049.0
2025-07-03,10953.0,2025-07-03,10953.0
2025-07-02,8801.0,2025-07-02,8801.0
2025-07-01,7328.0,2025-07-01,7328.0
2025-06-30,5300.0,2025-06-30,5300.0
2025-06-29,11322.0,2025-06-29,11322.0
2025-06-28,12205.0,2025-06-28,12205.0
2025-06-27,4717.0,2025-06-27,4717.0
2025-06-26,8136.0,,
2025-06-25,5879.0,2025-06-25,5879.0
2025-06-24,8907.0,2025-06-24,8907.0
2025-06-23,3645.0,2025-06-23,3645.0
2025-06-22,9112.0,2025-06-22,9112.0
2025-06-21,12256.0,2025-06-21,12256.0
2025-06-20,7633.0,2025-06-20,7633.0
2025-06-19,1996.0,2025-06-19,1996.0
2025-06-18,6826.0,2025-06-18,6826.0
2025-06-17,5956.0,2025-06-17,5956.0
2025-06-16,9901.0,2025-06-16,9901.0
2025-06-15,8877.0,2025-06-15,8877.0
2025-06-14,8937.0,2025-06-14,8937.0
2025-06-13,8139.0,2025-06-13,8139.0
2025-06-12,12130.0,2025-06-12,12130.0
2025-06-11,10191.0,2025-06-11,10191.0
2025-06-10,12748.0,2025-06-10,12748.0
2025-06-09,5490.0,2025-06-09,5490.0
2025-06-08,9061.0,2025-06-08,9061.0
2025-06-07,17303.0,2025-06-07,17303.0
2025-06-06,8729.0,2025-06-06,8729.0
2025-06-05,5559.0,2025-06-05,5559.0
2025-06-04,6818.0,2025-06-04,6818.0
2025-06-03,8247.0,2025-06-03,8247.0
2025-06-02,5769.0,2025-06-02,5769.0
2025-06-01,9011.0,2025-06-01,9011.0
2025-05-31,11736.0,2025-05-31,11736.0
2025-05-30,10546.0,2025-05-30,10546.0
2025-05-29,13633.0,2025-05-29,13633.0
2025-05-28,9486.0,2025-05-28,9486.0
2025-05-27,5749.0,2025-05-27,5749.0
2025-05-26,5255.0,2025-05-26,5255.0
2025-05-25,6985.0,2025-05-25,6985.0
2025-05-24,8968.0,2025-05-24,8968.0
2025-05-23,3394.0,2025-05-23,3394.0
2025-05-22,11300.0,2025-05-22,11300.0
2025-05-21,11797.0,2025-05-21,11797.0
2025-05-20,3658.0,2025-05-20,3658.0
2025-05-19,5148.0,2025-05-19,5148.0
2025-05-18,9101.0,2025-05-18,9101.0
2025-05-17,7811.0,2025-05-17,7811.0
2025-05-16,5606.0,2025-05-16,5606.0
2025-05-15,9116.0,2025-05-15,9116.0
2025-05-14,12390.0,2025-05-14,12390.0
2025-05-13,11280.0,2025-05-13,11280.0
2025-05-12,10146.0,2025-05-12,10146.0
2025-05-11,9197.0,2025-05-11,9197.0
2025-05-10,14490.0,2025-05-10,14490.0
2025-05-09,9694.0,2025-05-09,9694.0
2025-05-08,8407.0,2025-05-08,8407.0
2025-05-07,10494.0,2025-05-07,10494.0
2025-05-06,8917.0,2025-05-06,8917.0
2025-05-05,14829.0,2025-05-05,14829.0
2025-05-04,9461.0,2025-05-04,9461.0
2025-05-03,19485.0,2025-05-03,19485.0
2025-05-02,11943.0,2025-05-02,11943.0
2025-05-01,10052.0,2025-05-01,10052.0
2025-04-30,10197.0,2025-04-30,10197.0
2025-04-29,9885.0,2025-04-29,9885.0
2025-04-28,10458.0,2025-04-28,10458.0
2025-04-27,15214.0,2025-04-27,15214.0
2025-04-26,9636.0,2025-04-26,9636.0
2025-04-25,7332.0,2025-04-25,7332.0
2025-04-24,6757.0,2025-04-24,6757.0
2025-04-23,5765.0,2025-04-23,5765.0
2025-04-22,4916.0,2025-04-22,4916.0
2025-04-21,5741.0,2025-04-21,5741.0
2025-04-20,14728.0,2025-04-20,14728.0
2025-04-19,8511.0,2025-04-19,8511.0
2025-04-18,12736.0,2025-04-18,12736.0
2025-04-17,13451.0,2025-04-17,13451.0
2025-04-16,9690.0,2025-04-16,9690.0
2025-04-15,13611.0,2025-04-15,13611.0
2025-04-14,12524.0,2025-04-14,12524.0
2025-04-13,14309.0,2025-04-13,14309.0
2025-04-12,13381.0,2025-04-12,13381.0
2025-04-11,12825.0,2025-04-11,12825.0
2025-04-10,6786.0,2025-04-10,6786.0
2025-04-09,5388.0,2025-04-09,5388.0
2025-04-08,7360.0,2025-04-08,7360.0
2025-04-07,8041.0,2025-04-07,8041.0
2025-04-06,7319.0,2025-04-06,7319.0
2025-04-05,10256.0,2025-04-05,10256.0
2025-04-04,8045.0,2025-04-04,8045.0
2025-04-03,9058.0,2025-04-03,9058.0
2025-04-02,13501.0,2025-04-02,13501.0
2025-04-01,14580.0,2025-04-01,14580.0
2025-03-31,15838.0,2025-03-31,15838.0
2025-03-30,16237.0,2025-03-30,16237.0
2025-03-29,9532.0,2025-03-29,9532.0
2025-03-28,6256.0,2025-03-28,6256.0
2025-03-27,5014.0,2025-03-27,5014.0
2025-03-26,3482.0,2025-03-26,3482.0
2025-03-25,5539.0,2025-03-25,5539.0
2025-03-24,7060.0,2025-03-24,7060.0
2025-03-23,5587.0,2025-03-23,5587.0
2025-03-22,7529.0,2025-03-22,7529.0
2025-03-21,6221.0,2025-03-21,6221.0
2025-03-20,10023.0,2025-03-20,10023.0
2025-03-19,6820.0,2025-03-19,6820.0
2025-03-18,5065.0,2025-03-18,5065.0
2025-03-17,1263.0,2025-03-17,1263.0
2025-03-16,7860.0,2025-03-16,7860.0
2025-03-15,7596.0,2025-03-15,7596.0
2025-03-14,5189.0,2025-03-14,5189.0
2025-03-13,7049.0,2025-03-13,7049.0
2025-03-12,1797.0,2025-03-12,1797.0
2025-03-11,4406.0,2025-03-11,4406.0
2025-03-10,6452.0,2025-03-10,6452.0
2025-03-09,8156.0,2025-03-09,8156.0
2025-03-08,7614.0,2025-03-08,7614.0
2025-03-07,4587.0,2025-03-07,4587.0
2025-03-06,3237.0,2025-03-06,3237.0
2025-03-05,4012.0,2025-03-05,4012.0
2025-03-04,4234.0,2025-03-04,4234.0
2025-03-03,8075.0,2025-03-03,8075.0
2025-03-02,8594.0,2025-03-02,8594.0
2025-03-01,13746.0,2025-03-01,13746.0
2025-02-28,4225.0,2025-02-28,4225.0
2025-02-27,10019.0,2025-02-27,10019.0
2025-02-26,3653.0,2025-02-26,3653.0
2025-02-25,6899.0,2025-02-25,6899.0
2025-02-24,4465.0,2025-02-24,4465.0
2025-02-23,12158.0,2025-02-23,12158.0
2025-02-22,13759.0,2025-02-22,13759.0
2025-02-21,9238.0,2025-02-21,9238.0
2025-02-20,2790.0,2025-02-20,2790.0
2025-02-19,12464.0,2025-02-19,12464.0
2025-02-18,5770.0,2025-02-18,5770.0
2025-02-17,10386.0,2025-02-17,10386.0
2025-02-16,7134.0,2025-02-16,7134.0
2025-02-15,8763.0,2025-02-15,8763.0
2025-02-14,3213.0,2025-02-14,3213.0
2025-02-13,6110.0,2025-02-13,6110.0
2025-02-12,4900.0,2025-02-12,4900.0
2025-02-11,5877.0,2025-02-11,5877.0
2025-02-10,4870.0,2025-02-10,4870.0
2025-02-09,6377.0,2025-02-09,6377.0
2025-02-08,12053.0,2025-02-08,12053.0
2025-02-07,7609.0,2025-02-09,7609.0
2025-02-06,10818.0,2025-02-06,10818.0
2025-02-05,9270.0,2025-02-05,9270.0
2025-02-04,7210.0,2025-02-04,7210.0
2025-02-03,9959.0,2025-02-03,9959.0
2025-02-02,6600.0,2025-02-02,6600.0
2025-02-01,10446.0,2025-02-01,10446.0
2025-01-31,5415.0,2025-01-31,5415.0
2025-01-30,6985.0,2025-01-30,6985.0
2025-01-29,2809.0,2025-01-29,2809.0
2025-01-28,5177.0,2025-01-28,5177.0
2025-01-27,7913.0,2025-01-27,7913.0
2025-01-26,15757.0,2025-01-26,15757.0
2025-01-25,9082.0,2025-01-25,9082.0
2025-01-24,7368.0,2025-01-24,7368.0
2025-01-23,8016.0,2025-01-23,8016.0
2025-01-22,9555.0,2025-01-22,9555.0
2025-01-21,9401.0,2025-01-21,9401.0
2025-01-20,3457.0,2025-01-20,3457.0
2025-01-19,7953.0,2025-01-19,7953.0
2025-01-18,15153.0,2025-01-18,15153.0
2025-01-17,13680.0,2025-01-17,13680.0
2025-01-16,7717.0,2025-01-16,7717.0
2025-01-15,2971.0,2025-01-15,2971.0
2025-01-14,7680.0,2025-01-14,7680.0
2025-01-13,4106.0,2025-01-13,4106.0
2025-01-12,9192.0,2025-01-12,9192.0
2025-01-11,12213.0,2025-01-11,12213.0
2025-01-10,5224.0,2025-01-10,5224.0
2025-01-09,6041.0,2025-01-09,6041.0
2025-01-08,10472.0,2025-01-08,10472.0
2025-01-07,4504.0,2025-01-07,4504.0
2025-01-06,9160.0,2025-01-06,9160.0
2025-01-05,14502.0,2025-01-05,14502.0
2025-01-04,11026.0,2025-01-04,11026.0
2025-01-03,10962.0,2025-01-03,10962.0
2025-01-02,8311.0,2025-01-02,8311.0
2025-01-01,14548.0,2025-01-01,14548.0
2024-12-31,20617.0,2024-12-31,20617.0
2024-12-30,3364.0,2024-12-30,3364.0
2024-12-29,8038.0,2024-12-29,8038.0
2024-12-28,13684.0,2024-12-28,13684.0
2024-12-27,13635.0,2024-12-27,13635.0
2024-12-26,7922.0,2024-12-26,7922.0
2024-12-25,11293.0,2024-12-25,11293.0
2024-12-24,13518.0,2024-12-24,13518.0
2024-12-23,6563.0,2024-12-23,6563.0
2024-12-22,11941.0,2024-12-22,11941.0
2024-12-21,8392.0,2024-12-21,8392.0
2024-12-20,5400.0,2024-12-20,5400.0
2024-12-19,7426.0,2024-12-19,7426.0
2024-12-18,5354.0,2024-12-18,5354.0
2024-12-17,6247.0,2024-12-17,6247.0
2024-12-16,6306.0,2024-12-16,6306.0
2024-12-15,7313.0,2024-12-15,7313.0
2024-12-14,14122.0,2024-12-14,14122.0
2024-12-13,7995.1,2024-12-13,7995.1
2024-12-12,6076.0,2024-12-12,6076.0
2024-12-11,5544.0,2024-12-11,5544.0
2024-12-10,10358.0,2024-12-10,10358.0
2024-12-09,6272.0,2024-12-09,6272.0
2024-12-08,14222.0,2024-12-08,14222.0
2024-12-07,13164.0,2024-12-07,13164.0
2024-12-06,10635.0,2024-12-06,10635.0
2024-12-05,14311.0,2024-12-05,14311.0
2024-12-04,11048.0,2024-12-04,11048.0
2024-12-03,8757.0,2024-12-03,8757.0
2024-12-02,10847.0,2024-12-02,10847.0
2024-12-01,17372.0,2024-12-01,17372.0
2024-11-30,14212.0,2024-11-30,14212.0
2024-11-29,8262.0,2024-11-29,8262.0
2024-11-28,2321.0,2024-11-28,2321.0
2024-11-27,10498.0,2024-11-27,10498.0
2024-11-26,9885.0,2024-11-26,9885.0
2024-11-25,6101.0,2024-11-25,6101.0
2024-11-24,9756.0,2024-11-24,9756.0
2024-11-23,8958.0,2024-11-23,8958.0
2024-11-22,8956.0,2024-11-22,8956.0
2024-11-21,7784.0,2024-11-21,7784.0
2024-11-20,9390.0,2024-11-20,9390.0
2024-11-19,5399.0,2024-11-19,5399.0
2024-11-18,10365.0,2024-11-18,10365.0
2024-11-17,8498.0,2024-11-17,8498.0
2024-11-16,12071.0,2024-11-16,12071.0
2024-11-15,12077.0,2024-11-15,12077.0
2024-11-14,10977.0,2024-11-14,10977.0
2024-11-13,34310.0,2024-11-13,34310.0
2024-11-12,5760.0,2024-11-12,5760.0
2024-11-11,9838.0,2024-11-11,9838.0
2024-11-10,11240.0,2024-11-10,11240.0
2024-11-09,13060.0,2024-11-09,13060.0
2024-11-08,7698.0,2024-11-08,7698.0
2024-11-07,9059.0,2024-11-07,9059.0
2024-11-06,6619.0,2024-11-06,6619.0
2024-11-05,11436.0,2024-11-05,11436.0
2024-11-04,7787.0,2024-11-04,7787.0
2024-11-03,11886.0,2024-11-03,11886.0
2024-11-02,9975.0,,
2024-11-01,11683.0,2024-11-01,11683.0
2024-10-31,14138.0,2024-10-31,14138.0
2024-10-30,3509.0,2024-10-30,3509.0
2024-10-29,4807.0,2024-10-29,4807.0
2024-10-28,6461.0,2024-10-28,6461.0
2024-10-27,9624.0,,
2024-10-26,10292.0,2024-10-26,10292.0
2024-10-25,5638.0,2024-10-25,5638.0
2024-10-24,7280.0,2024-10-24,7280.0
2024-10-23,5348.0,2024-10-23,5348.0
2024-10-22,9094.0,2024-10-22,9094.0
2024-10-21,7107.0,2024-10-21,7107.0
2024-10-20,12159.0,2024-10-20,12159.0
2024-10-19,11258.0,2024-10-19,11258.0
2024-10-18,6485.0,2024-10-18,6485.0
2024-10-17,9163.0,2024-10-17,9163.0
2024-10-16,3342.0,2024-10-16,3342.0
2024-10-15,6816.0,2024-10-15,6816.0
2024-10-14,9361.0,2024-10-14,9361.0
2024-10-13,11782.0,2024-10-13,11782.0
2024-10-12,16019.0,2024-10-12,16019.0
2024-10-11,18237.0,2024-10-11,18237.0
2024-10-10,7405.0,2024-10-10,7405.0
2024-10-09,8172.0,2024-10-09,8172.0
2024-10-08,13405.0,2024-10-08,13405.0
2024-10-07,2545.0,2024-10-07,2545.0
2024-10-06,11908.0,2024-10-06,11908.0
2024-10-05,12269.0,2024-10-05,12269.0
2024-10-04,8904.0,2024-10-04,8904.0
2024-10-03,7060.0,2024-10-03,7060.0
2024-10-02,8866.0,,
2024-10-01,8795.0,2024-10-01,8795.0
2024-09-30,4167.0,2024-09-30,4167.0
2024-09-29,9894.0,2024-09-29,9894.0
2024-09-28,8081.66,2024-09-28,8081.66
2024-09-27,8421.0,2024-09-27,8421.0
2024-09-26,6830.97,2024-09-26,6830.97
2024-09-25,7901.66,2024-09-25,7901.66
2024-09-24,7898.0,2024-09-24,7898.0
2024-09-23,3407.02,2024-09-23,3407.02
2024-09-22,3817.0,2024-09-22,3817.0
2024-09-21,8135.0,2024-09-21,8135.0
2024-09-20,12508.03,2024-09-20,12508.03
2024-09-19,8208.119999999999,,
2024-09-18,12636.789999999999,,
2024-09-17,8739.0,2024-09-17,8739.0
2024-09-16,11919.0,2024-09-16,11919.0
2024-09-15,14601.66,2024-09-15,14601.66
2024-09-14,8355.0,2024-09-14,8355.0
2024-09-13,13686.0,2024-09-13,13686.0
2024-09-12,9078.0,2024-09-12,9078.0
2024-09-11,7307.48,2024-09-11,7307.48
2024-09-10,5234.0,2024-09-10,5234.0
2024-09-09,4095.0,2024-09-09,4095.0
2024-09-08,10637.0,2024-09-08,10637.0
2024-09-07,6278.0,2024-09-07,6278.0
2024-09-06,5573.0,2024-09-06,5573.0
2024-09-05,6199.0,2024-09-05,6199.0
2024-09-04,10370.0,2024-09-04,10370.0
2024-09-03,7264.0,2024-09-03,7264.0
2024-09-02,5314.0,2024-09-02,5314.0
2024-09-01,7704.0,2024-09-01,7704.0
2024-08-31,13451.0,2024-08-31,13451.0
2024-08-30,4366.0,2024-08-30,4366.0
2024-08-29,5393.0,2024-08-29,5393.0
2024-08-28,10892.0,2024-08-28,10892.0
2024-08-27,4470.0,2024-08-27,4470.0
2024-08-26,10428.0,2024-08-26,10428.0
2024-08-25,8862.0,2024-08-25,8862.0
2024-08-24,6982.0,2024-08-24,6982.0
2024-08-23,7587.0,2024-08-23,7587.0
2024-08-22,5389.0,2024-08-22,5389.0
2024-08-21,6042.0,2024-08-21,6042.0
2024-08-20,5614.0,2024-08-20,5614.0
2024-08-19,4657.0,2024-08-19,4657.0
2024-08-18,8498.0,2024-08-18,8498.0
2024-08-17,10527.0,2024-08-17,10527.0
2024-08-16,9679.0,2024-08-16,9679.0
2024-08-15,11025.0,2024-08-15,11025.0
2024-08-14,6993.0,2024-08-14,6993.0
2024-08-13,6560.0,2024-08-13,6560.0
2024-08-12,6681.0,2024-08-12,6681.0
2024-08-11,12879.0,2024-08-11,12879.0
2024-08-10,14064.0,2024-08-10,14064.0
2024-08-09,6962.0,2024-08-09,6962.0
2024-08-08,5674.0,2024-08-08,5674.0
2024-08-07,11205.0,2024-08-07,11205.0
2024-08-06,4695.0,2024-08-06,4695.0
2024-08-05,8691.0,2024-08-05,8691.0
2024-08-04,10650.0,2024-08-04,10650.0
2024-08-03,9704.0,2024-08-03,9704.0
2024-08-02,12038.0,2024-08-02,12038.0
2024-08-01,9846.0,2024-08-01,9846.0
2024-07-31,6106.0,2024-07-31,6106.0
2024-07-30,5088.0,2024-07-30,5088.0
2024-07-29,7183.0,2024-07-29,7183.0
2024-07-28,11818.0,2024-07-28,11818.0
2024-07-27,10908.0,2024-07-27,10908.0
2024-07-26,9590.0,2024-07-26,9590.0
2024-07-25,8357.0,2024-07-25,8357.0
2024-07-24,4294.0,2024-07-24,4294.0
2024-07-23,8937.0,2024-07-23,8937.0
2024-07-22,5975.0,2024-07-22,5975.0
2024-07-21,10227.0,2024-07-21,10227.0
2024-07-20,16804.0,2024-07-20,16804.0
2024-07-19,7383.0,2024-07-19,7383.0
2024-07-18,8877.0,2024-07-18,8877.0
2024-07-17,8174.0,2024-07-17,8174.0
2024-07-16,5246.0,2024-07-16,5246.0
2024-07-15,9229.0,2024-07-15,9229.0
2024-07-14,9304.0,2024-07-14,9304.0
2024-07-13,13835.0,2024-07-13,13835.0
2024-07-12,5138.0,2024-07-12,5138.0
2024-07-11,7497.0,2024-07-11,7497.0
2024-07-10,9042.0,2024-07-10,9042.0
2024-07-09,8000.0,2024-07-09,8000.0
2024-07-08,10953.0,2024-07-08,10953.0
2024-07-07,3581.0,2024-07-07,3581.0
2024-07-06,10361.0,2024-07-06,10361.0
2024-07-05,4350.0,2024-07-06,4350.0
2024-07-04,7342.0,2024-07-04,7342.0
2024-07-03,10269.0,2024-07-03,10269.0
2024-07-02,6686.0,2024-07-02,6686.0
2024-07-01,7347.0,2024-07-01,7347.0
2024-06-30,13760.0,2024-06-30,13760.0
2024-06-29,10957.0,2024-06-29,10957.0
2024-06-28,10930.0,2024-06-28,10930.0
2024-06-27,6641.0,2024-06-27,6641.0
2024-06-26,1534.0,2024-06-26,1534.0
2024-06-25,11547.0,2024-06-25,11547.0
2024-06-24,8517.0,2024-06-24,8517.0
2024-06-23,10457.0,2024-06-23,10457.0
2024-06-22,13625.0,2024-06-22,13625.0
2024-06-21,6795.0,2024-06-21,6795.0
2024-06-20,6079.0,2024-06-20,6079.0
2024-06-19,6754.0,2024-06-19,6754.0
2024-06-18,6953.0,2024-06-18,6953.0
2024-06-17,12303.0,2024-06-17,12303.0
2024-06-16,13566.0,2024-06-16,13566.0
2024-06-15,12481.0,2024-06-15,12481.0
2024-06-14,5897.0,2024-06-14,5897.0
2024-06-13,7319.0,2024-06-13,7319.0
2024-06-12,5184.0,2024-06-12,5184.0
2024-06-11,4641.0,2024-06-11,4641.0
2024-06-10,5766.0,2024-06-10,5766.0
2024-06-09,6312.0,2024-06-09,6312.0
2024-06-08,16256.0,2024-06-08,16256.0
2024-06-07,9483.0,2024-06-07,9483.0
2024-06-06,7210.0,2024-06-06,7210.0
2024-06-05,5551.0,2024-06-05,5551.0
2024-06-04,9934.0,2024-06-04,9934.0
2024-06-03,5424.0,2024-06-03,5424.0
2024-06-02,11485.0,2024-06-02,11485.0
2024-06-01,10877.0,2024-06-01,10877.0
2024-05-31,8525.0,2024-05-31,8525.0
2024-05-30,6426.0,2024-05-30,6426.0
2024-05-29,7900.0,2024-05-29,7900.0
2024-05-28,5444.0,2024-05-28,5444.0
2024-05-27,7229.0,2024-05-27,7229.0
2024-05-26,9134.0,2024-05-26,9134.0
2024-05-25,5195.0,2024-05-25,5195.0
2024-05-24,9442.0,2024-05-24,9442.0
2024-05-23,10048.0,2024-05-23,10048.0
2024-05-22,11864.0,2024-05-22,11864.0
2024-05-21,7327.0,2024-05-21,7327.0
2024-05-20,8819.0,2024-05-20,8819.0
2024-05-19,9735.0,2024-05-19,9735.0
2024-05-18,11301.0,2024-05-18,11301.0
2024-05-17,45922.0,2024-05-17,45922.0
2024-05-16,11908.0,2024-05-16,11908.0
2024-05-15,12156.0,2024-05-15,12156.0
2024-05-14,6447.0,2024-05-14,6447.0
2024-05-13,17144.0,2024-05-13,17144.0
2024-05-12,10407.0,2024-05-12,10407.0
2024-05-11,11792.0,2024-05-11,11792.0
2024-05-10,10850.0,2024-05-10,10850.0
2024-05-09,6494.0,2024-05-09,6494.0
2024-05-08,7622.0,2024-05-08,7622.0
2024-05-07,8206.0,2024-05-07,8206.0
2024-05-06,10467.0,2024-05-06,10467.0
2024-05-05,4336.0,2024-05-05,4336.0
2024-05-04,4161.0,2024-05-04,4161.0
2024-05-03,7128.0,2024-05-03,7128.0
2024-05-02,7073.0,2024-05-02,7073.0
2024-05-01,4862.0,2024-05-01,4862.0
2024-04-30,9665.0,2024-04-30,9665.0
2024-04-29,10661.0,2024-04-29,10661.0
2024-04-28,6999.0,2024-04-28,6999.0
2024-04-27,16266.0,2024-04-27,16266.0
2024-04-26,6413.0,2024-04-26,6413.0
2024-04-25,14080.0,2024-04-25,14080.0
2024-04-24,9949.0,2024-04-24,9949.0
2024-04-23,5941.0,2024-04-23,5941.0
2024-04-22,5930.0,2024-04-22,5930.0
2024-04-21,10795.0,2024-04-21,10795.0
2024-04-20,6289.0,2024-04-20,6289.0
2024-04-19,12891.0,2024-04-19,12891.0
2024-04-18,6968.0,2024-04-18,6968.0
2024-04-17,8771.0,2024-04-17,8771.0
2024-04-16,8469.0,2024-04-16,8469.0
2024-04-15,5285.0,2024-04-15,5285.0
2024-04-14,14984.0,2024-04-14,14984.0
2024-04-13,15075.0,2024-04-13,15075.0
2024-04-12,9220.0,2024-04-12,9220.0
2024-04-11,15694.0,2024-04-11,15694.0
2024-04-10,16753.0,2024-04-10,16753.0
2024-04-09,6470.0,2024-04-09,6470.0
2024-04-08,8853.0,2024-04-08,8853.0
2024-04-07,9840.0,2024-04-07,9840.0
2024-04-06,7491.0,2024-04-06,7491.0
2024-04-05,12164.0,2024-04-05,12164.0
2024-04-04,4680.0,2024-04-04,4680.0
2024-04-03,7553.0,2024-04-03,7553.0
2024-04-02,7352.0,2024-04-02,7352.0
2024-04-01,3266.0,2024-04-01,3266.0
2024-03-31,11553.0,2024-03-31,11553.0
2024-03-30,4643.0,2024-03-30,4643.0
2024-03-29,5650.0,2024-03-29,5650.0
2024-03-28,4923.0,2024-03-28,4923.0
2024-03-27,3960.0,2024-03-27,3960.0
2024-03-26,6193.0,2024-03-26,6193.0
2024-03-25,3374.0,2024-03-25,3374.0
2024-03-24,4521.0,2024-03-24,4521.0
2024-03-23,13038.0,2024-03-23,13038.0
2024-03-22,6357.0,2024-03-22,6357.0
2024-03-21,6177.0,2024-03-21,6177.0
2024-03-20,4489.0,2024-03-20,4489.0
2024-03-19,5152.0,2024-03-19,5152.0
2024-03-18,3883.0,2024-03-18,3883.0
2024-03-17,8734.0,2024-03-17,8734.0
2024-03-16,5572.0,2024-03-16,5572.0
2024-03-15,6507.0,2024-03-15,6507.0
2024-03-14,2728.0,2024-03-14,2728.0
2024-03-13,4277.0,2024-03-13,4277.0
2024-03-12,5200.0,2024-03-12,5200.0
2024-03-11,3443.0,2024-03-11,3443.0
2024-03-10,8736.0,2024-03-10,8736.0
2024-03-09,8717.0,2024-03-09,8717.0
2024-03-08,7243.0,2024-03-08,7243.0
2024-03-07,8961.0,2024-03-07,8961.0
2024-03-06,3588.0,2024-03-06,3588.0
2024-03-05,5724.0,2024-03-05,5724.0
2024-03-04,2912.0,2024-03-04,2912.0
2024-03-03,12978.0,2024-03-03,12978.0
2024-03-02,14412.0,2024-03-02,14412.0
2024-03-01,9496.0,2024-03-01,9496.0
2024-02-29,3963.0,2024-02-29,3963.0
2024-02-28,10752.0,2024-02-28,10752.0
2024-02-27,8525.0,2024-02-27,8525.0
2024-02-26,3147.0,2024-02-26,3147.0
2024-02-25,10174.0,2024-02-25,10174.0
2024-02-24,8631.0,2024-02-24,8631.0
2024-02-23,9126.0,2024-02-23,9126.0
2024-02-22,7717.0,2024-02-22,7717.0
2024-02-21,4081.0,2024-02-21,4081.0
2024-02-20,4958.0,2024-02-20,4958.0
2024-02-19,6874.0,2024-02-19,6874.0
2024-02-18,6097.0,2024-02-18,6097.0
2024-02-17,8090.0,2024-02-18,8090.0
2024-02-16,3228.0,2024-02-16,3228.0
2024-02-15,7249.0,2024-02-15,7249.0
2024-02-14,9049.0,2024-02-14,9049.0
2024-02-13,6338.0,2024-02-13,6338.0
2024-02-12,1864.0,2024-02-12,1864.0
2024-02-11,6882.0,2024-02-11,6882.0
2024-02-10,8979.0,2024-02-10,8979.0
2024-02-09,12113.0,2024-02-09,12113.0
2024-02-08,4511.0,2024-02-08,4511.0
2024-02-07,7417.0,2024-02-07,7417.0
2024-02-06,4639.0,2024-02-06,4639.0
2024-02-05,4724.0,2024-02-05,4724.0
2024-02-04,10242.0,2024-02-04,10242.0
2024-02-03,10441.0,2024-02-03,10441.0
2024-02-02,8290.0,2024-02-02,8290.0
2024-02-01,2121.0,2024-02-01,2121.0
2024-01-31,3437.0,2024-01-31,3437.0
2024-01-30,6060.0,2024-01-30,6060.0
2024-01-29,4918.0,2024-01-30,4918.0
2024-01-28,6394.0,2024-01-28,6394.0
2024-01-27,10659.0,2024-01-27,10659.0
2024-01-26,7817.0,2024-01-27,7817.0
2024-01-25,3827.0,2024-01-25,3827.0
2024-01-24,7167.0,2024-01-24,7167.0
2024-01-23,3604.0,2024-01-23,3604.0
2024-01-22,8622.0,2024-01-22,8622.0
2024-01-21,8267.0,2024-01-21,8267.0
2024-01-20,7572.0,2024-01-20,7572.0
2024-01-19,5733.0,2024-01-19,5733.0
2024-01-18,7142.0,2024-01-19,7142.0
2024-01-17,7391.0,2024-01-17,7391.0
2024-01-16,3040.0,2024-01-17,3040.0
2024-01-15,10593.0,2024-01-15,10593.0
2024-01-14,5763.0,2024-01-15,5763.0
2024-01-13,5588.0,2024-01-13,5588.0
2024-01-12,6036.0,2024-01-13,6036.0
2024-01-11,5750.0,2024-01-12,5750.0
2024-01-10,5175.0,2024-01-10,5175.0
2024-01-09,5190.0,2024-01-09,5190.0
2024-01-08,4802.0,2024-01-09,4802.0
2024-01-07,10053.0,2024-01-07,10053.0
2024-01-06,9513.0,2024-01-07,9513.0
2024-01-05,7519.0,2024-01-05,7519.0
2024-01-04,4935.0,2024-01-04,4935.0
2024-01-03,6343.0,2024-01-04,6343.0
2024-01-02,8868.0,2024-01-02,8868.0
2024-01-01,6966.0,2024-01-01,6966.0
